frame,video_s,s_since_start,weapon,A_left,D_right,dir,jump_arrow,aim_angle_deg,aim_tx,aim_ty,recoil_units,fire,fire_aim_deg,fire_tx,fire_ty,fire_source,A_certainty,D_certainty,jump_certainty,aim_certainty,fire_certainty,fire_aim_certainty
0,0.0000,-1.3830,pistol,0,0,0,0,-6.9,993,-120,,0,,,,,1.00,1.00,1.00,1.00,,
1,0.0167,-1.3663,pistol,0,0,0,0,-6.9,993,-120,,0,,,,,1.00,1.00,1.00,1.00,,
2,0.0333,-1.3497,pistol,0,0,0,0,-6.9,993,-120,,0,,,,,1.00,1.00,1.00,1.00,,
3,0.0500,-1.3330,pistol,0,0,0,0,-6.9,993,-120,,0,,,,,1.00,1.00,1.00,1.00,,
4,0.0667,-1.3163,pistol,0,1,1,1,-134.3,-698,-716,,0,,,,,1.00,1.00,1.00,1.00,,
5,0.0833,-1.2997,pistol,0,1,1,0,22.3,925,379,,0,,,,,1.00,1.00,1.00,1.00,,
6,0.1000,-1.2830,pistol,0,1,1,0,-134.6,-702,-712,,0,,,,,1.00,1.00,1.00,1.00,,
7,0.1167,-1.2663,pistol,0,1,1,0,-142.3,-791,-612,,0,,,,,1.00,1.00,1.00,1.00,,
8,0.1333,-1.2497,pistol,0,1,1,0,-151.6,-880,-476,,0,,,,,1.00,1.00,1.00,1.00,,
9,0.1500,-1.2330,pistol,0,1,1,0,-151.5,-879,-477,,0,,,,,1.00,1.00,1.00,1.00,,
10,0.1667,-1.2163,pistol,0,1,1,0,-151.5,-879,-477,,0,,,,,1.00,1.00,1.00,1.00,,
11,0.1833,-1.1997,pistol,0,1,1,0,-156.0,-914,-407,,0,,,,,1.00,1.00,1.00,1.00,,
12,0.2000,-1.1830,pistol,0,1,1,0,-157.2,-922,-388,,0,,,,,1.00,1.00,1.00,1.00,,
13,0.2167,-1.1663,pistol,0,1,1,0,-151.4,-878,-479,,0,,,,,1.00,1.00,1.00,1.00,,
14,0.2333,-1.1497,pistol,0,1,1,0,-126.6,-596,-803,,0,,,,,1.00,1.00,1.00,1.00,,
15,0.2500,-1.1330,pistol,0,1,1,0,-126.6,-596,-803,,0,,,,,1.00,1.00,1.00,1.00,,
16,0.2667,-1.1163,pistol,0,1,1,0,-126.6,-596,-803,,0,,,,,1.00,1.00,1.00,1.00,,
17,0.2833,-1.0997,pistol,0,1,1,0,-126.7,-598,-802,,0,,,,,1.00,1.00,1.00,1.00,,
18,0.3000,-1.0830,pistol,0,1,1,0,-105.8,-272,-962,,0,,,,,1.00,1.00,1.00,0.69,,
19,0.3167,-1.0663,pistol,1,0,-1,0,-108.4,-316,-949,,0,,,,,1.00,1.00,1.00,0.74,,
20,0.3333,-1.0497,pistol,0,1,1,0,169.2,-982,187,,0,,,,,1.00,1.00,1.00,1.00,,
21,0.3500,-1.0330,pistol,0,1,1,0,-125.1,-575,-818,,0,,,,,1.00,1.00,1.00,1.00,,
22,0.3667,-1.0163,pistol,0,1,1,0,31.0,857,515,,0,,,,,1.00,1.00,1.00,1.00,,
23,0.3833,-0.9997,pistol,0,1,1,0,33.0,839,545,,0,,,,,1.00,1.00,1.00,1.00,,
24,0.4000,-0.9830,pistol,0,1,1,0,33.0,839,545,,0,,,,,1.00,1.00,1.00,1.00,,
25,0.4167,-0.9663,pistol,0,1,1,0,33.0,839,545,,0,,,,,1.00,1.00,1.00,1.00,,
26,0.4333,-0.9497,pistol,0,1,1,0,33.0,839,545,,0,,,,,1.00,1.00,1.00,1.00,,
27,0.4500,-0.9330,pistol,0,1,1,0,33.0,839,545,,0,,,,,1.00,1.00,1.00,1.00,,
28,0.4667,-0.9163,pistol,0,1,1,0,33.0,839,545,,0,,,,,1.00,1.00,1.00,1.00,,
29,0.4833,-0.8997,pistol,0,1,1,0,33.0,839,545,,0,,,,,0.72,1.00,1.00,1.00,,
30,0.5000,-0.8830,pistol,0,1,1,0,33.0,839,545,,0,,,,,1.00,1.00,1.00,1.00,,
31,0.5167,-0.8663,pistol,0,0,0,0,33.0,839,545,,0,,,,,1.00,1.00,1.00,1.00,,
32,0.5333,-0.8497,pistol,0,1,1,0,27.7,885,465,,0,,,,,1.00,1.00,1.00,1.00,,
33,0.5500,-0.8330,pistol,0,1,1,0,4.7,997,82,,0,,,,,1.00,1.00,1.00,1.00,,
34,0.5667,-0.8163,pistol,0,1,1,0,0.3,1000,5,,0,,,,,1.00,1.00,1.00,1.00,,
35,0.5833,-0.7997,pistol,0,1,1,0,0.3,1000,5,,0,,,,,1.00,1.00,1.00,1.00,,
36,0.6000,-0.7830,pistol,0,1,1,0,79.1,189,982,,0,,,,,1.00,1.00,1.00,1.00,,
37,0.6167,-0.7663,pistol,0,1,1,0,97.8,-136,991,,0,,,,,1.00,1.00,1.00,1.00,,
38,0.6333,-0.7497,pistol,0,1,1,0,17.5,954,301,,0,,,,,1.00,1.00,1.00,1.00,,
39,0.6500,-0.7330,pistol,0,1,1,0,112.8,-388,922,,0,,,,,1.00,1.00,1.00,1.00,,
40,0.6667,-0.7163,pistol,0,1,1,0,145.1,-820,572,,0,,,,,1.00,1.00,1.00,1.00,,
41,0.6833,-0.6997,pistol,0,1,1,0,11.0,982,191,,0,,,,,1.00,1.00,1.00,1.00,,
42,0.7000,-0.6830,pistol,0,1,1,0,83.9,106,994,,0,,,,,1.00,1.00,1.00,1.00,,
43,0.7167,-0.6663,pistol,0,1,1,0,179.0,-1000,17,,0,,,,,1.00,1.00,1.00,0.98,,
44,0.7333,-0.6497,pistol,0,1,1,0,179.1,-1000,16,,0,,,,,1.00,1.00,1.00,0.82,,
45,0.7500,-0.6330,pistol,0,1,1,0,179.1,-1000,16,,0,,,,,1.00,1.00,1.00,0.83,,
46,0.7667,-0.6163,pistol,0,1,1,0,179.1,-1000,16,,0,,,,,1.00,1.00,1.00,0.76,,
47,0.7833,-0.5997,pistol,0,1,1,0,179.0,-1000,17,,0,,,,,1.00,1.00,1.00,0.51,,
48,0.8000,-0.5830,pistol,0,1,1,0,178.8,-1000,21,,0,,,,,1.00,1.00,1.00,0.40,,
49,0.8167,-0.5663,pistol,0,1,1,0,-150.3,-869,-495,,0,,,,,1.00,1.00,1.00,1.00,,
50,0.8333,-0.5497,pistol,0,1,1,0,-101.2,-194,-981,,0,,,,,1.00,1.00,1.00,0.58,,
51,0.8500,-0.5330,pistol,0,1,1,0,-102.5,-216,-976,,0,,,,,1.00,1.00,1.00,0.52,,
52,0.8667,-0.5163,pistol,0,1,1,0,-109.5,-334,-943,,0,,,,,1.00,1.00,1.00,0.76,,
53,0.8833,-0.4997,pistol,0,1,1,0,-106.1,-277,-961,,0,,,,,1.00,1.00,1.00,0.76,,
54,0.9000,-0.4830,pistol,0,1,1,0,-101.0,-191,-982,,0,,,,,1.00,1.00,1.00,0.59,,
55,0.9167,-0.4663,pistol,0,1,1,0,-101.0,-191,-982,,0,,,,,1.00,1.00,1.00,0.60,,
56,0.9333,-0.4497,pistol,0,1,1,0,-101.2,-194,-981,,0,,,,,1.00,1.00,1.00,0.64,,
57,0.9500,-0.4330,pistol,0,1,1,0,-101.2,-194,-981,,0,,,,,1.00,1.00,1.00,0.56,,
58,0.9667,-0.4163,pistol,0,1,1,0,119.2,-488,873,,0,,,,,1.00,1.00,1.00,1.00,,
59,0.9833,-0.3997,pistol,0,1,1,0,102.9,-223,975,,0,,,,,1.00,1.00,1.00,1.00,,
60,1.0000,-0.3830,pistol,0,1,1,0,102.9,-223,975,,0,,,,,1.00,1.00,1.00,1.00,,
61,1.0167,-0.3663,pistol,0,1,1,0,102.9,-223,975,,0,,,,,1.00,1.00,1.00,1.00,,
62,1.0333,-0.3497,pistol,0,1,1,0,81.6,146,989,,0,,,,,1.00,1.00,1.00,1.00,,
63,1.0500,-0.3330,pistol,0,1,1,0,41.4,750,661,,0,,,,,1.00,1.00,1.00,1.00,,
64,1.0667,-0.3163,pistol,0,1,1,0,-32.4,844,-536,,0,,,,,1.00,1.00,1.00,1.00,,
65,1.0833,-0.2997,pistol,0,1,1,0,-38.0,788,-616,,0,,,,,1.00,1.00,1.00,1.00,,
66,1.1000,-0.2830,pistol,0,1,1,0,-38.0,788,-616,,0,,,,,1.00,1.00,1.00,1.00,,
67,1.1167,-0.2663,pistol,0,1,1,0,-38.0,788,-616,,0,,,,,1.00,1.00,1.00,1.00,,
68,1.1333,-0.2497,pistol,0,1,1,0,-38.0,788,-616,,0,,,,,1.00,1.00,1.00,1.00,,
69,1.1500,-0.2330,pistol,0,1,1,0,-38.0,788,-616,,0,,,,,1.00,1.00,1.00,1.00,,
70,1.1667,-0.2163,pistol,0,1,1,0,-38.0,788,-616,,0,,,,,1.00,1.00,1.00,1.00,,
71,1.1833,-0.1997,pistol,0,1,1,0,-38.0,788,-616,,0,,,,,1.00,1.00,1.00,1.00,,
72,1.2000,-0.1830,pistol,0,1,1,0,-38.0,788,-616,,0,,,,,1.00,1.00,1.00,1.00,,
73,1.2167,-0.1663,pistol,0,1,1,0,-38.0,788,-616,,0,,,,,1.00,1.00,1.00,1.00,,
74,1.2333,-0.1497,pistol,0,1,1,0,-38.0,788,-616,,0,,,,,1.00,1.00,1.00,1.00,,
75,1.2500,-0.1330,pistol,0,1,1,0,-38.0,788,-616,,0,,,,,1.00,1.00,1.00,1.00,,
76,1.2667,-0.1163,pistol,0,1,1,0,-38.0,788,-616,,0,,,,,1.00,1.00,1.00,1.00,,
77,1.2833,-0.0997,pistol,0,1,1,0,-38.0,788,-616,,0,,,,,1.00,1.00,1.00,1.00,,
78,1.3000,-0.0830,pistol,0,1,1,0,-38.0,788,-616,,0,,,,,1.00,1.00,1.00,1.00,,
79,1.3167,-0.0663,pistol,0,1,1,0,-38.0,788,-616,,0,,,,,1.00,1.00,1.00,1.00,,
80,1.3333,-0.0497,pistol,0,1,1,0,-38.0,788,-616,,0,,,,,1.00,1.00,1.00,1.00,,
81,1.3500,-0.0330,pistol,0,1,1,0,-29.2,873,-488,,0,,,,,1.00,1.00,1.00,1.00,,
82,1.3667,-0.0163,pistol,0,1,1,0,-63.2,451,-893,,0,,,,,1.00,1.00,1.00,0.00,,
83,1.3833,0.0003,pistol,0,1,1,1,-10.3,984,-179,,0,,,,,1.00,0.98,1.00,0.00,,
84,1.4000,0.0170,pistol,0,1,1,1,-83.8,108,-994,,0,,,,,1.00,1.00,1.00,0.00,,
85,1.4167,0.0337,pistol,0,1,1,0,48.0,669,743,,0,,,,,1.00,0.56,1.00,0.00,,
86,1.4333,0.0503,pistol,0,1,1,1,21.6,930,368,,0,,,,,1.00,1.00,1.00,0.00,,
87,1.4500,0.0670,pistol,0,1,1,1,53.0,602,799,,0,,,,,1.00,0.61,1.00,0.68,,
88,1.4667,0.0837,pistol,0,1,1,0,52.9,603,798,,0,,,,,1.00,0.61,1.00,1.00,,
89,1.4833,0.1003,pistol,0,1,1,0,49.7,647,763,,0,,,,,1.00,1.00,1.00,1.00,,
90,1.5000,0.1170,pistol,0,1,1,0,54.8,576,817,,0,,,,,1.00,1.00,1.00,1.00,,
91,1.5167,0.1337,pistol,0,1,1,0,124.3,-564,826,,0,,,,,1.00,1.00,1.00,1.00,,
92,1.5333,0.1503,pistol,0,1,1,0,169.4,-983,184,,0,,,,,1.00,1.00,1.00,1.00,,
93,1.5500,0.1670,pistol,0,1,1,0,103.4,-232,973,,0,,,,,1.00,1.00,1.00,1.00,,
94,1.5667,0.1837,pistol,0,1,1,0,80.0,174,985,,0,,,,,1.00,1.00,1.00,1.00,,
95,1.5833,0.2003,pistol,0,1,1,0,80.7,162,987,,0,,,,,1.00,1.00,1.00,1.00,,
96,1.6000,0.2170,pistol,0,1,1,0,81.4,150,989,,0,,,,,1.00,1.00,1.00,1.00,,
97,1.6167,0.2337,pistol,0,1,1,0,100.4,-181,984,,0,,,,,1.00,1.00,1.00,1.00,,
98,1.6333,0.2503,pistol,0,1,1,0,112.2,-378,926,,0,,,,,1.00,1.00,1.00,1.00,,
99,1.6500,0.2670,pistol,0,1,1,0,72.9,294,956,,0,,,,,1.00,1.00,1.00,1.00,,
100,1.6667,0.2837,pistol,0,1,1,0,72.8,296,955,,0,,,,,1.00,1.00,1.00,1.00,,
101,1.6833,0.3003,pistol,0,1,1,0,72.9,294,956,,0,,,,,1.00,1.00,1.00,1.00,,
102,1.7000,0.3170,pistol,0,1,1,0,73.6,282,959,,0,,,,,1.00,1.00,1.00,1.00,,
103,1.7167,0.3337,pistol,0,1,1,0,74.3,271,963,,0,,,,,1.00,1.00,1.00,1.00,,
104,1.7333,0.3503,pistol,0,1,1,0,74.0,276,961,,0,,,,,1.00,1.00,1.00,1.00,,
105,1.7500,0.3670,pistol,0,1,1,0,73.0,292,956,,0,,,,,1.00,1.00,1.00,1.00,,
106,1.7667,0.3837,pistol,0,1,1,0,74.3,271,963,,0,,,,,1.00,1.00,1.00,1.00,,
107,1.7833,0.4003,pistol,0,1,1,0,171.8,-990,143,,0,,,,,1.00,1.00,1.00,1.00,,
108,1.8000,0.4170,pistol,0,1,1,0,-158.6,-931,-365,,0,,,,,1.00,1.00,1.00,1.00,,
109,1.8167,0.4337,pistol,0,1,1,0,-158.6,-931,-365,,0,,,,,1.00,1.00,1.00,1.00,,
110,1.8333,0.4503,pistol,0,1,1,0,-164.7,-965,-264,,0,,,,,1.00,1.00,1.00,1.00,,
111,1.8500,0.4670,pistol,0,1,1,0,107.0,-292,956,,0,,,,,1.00,1.00,1.00,1.00,,
112,1.8667,0.4837,pistol,0,1,1,0,-105.4,-266,-964,,0,,,,,1.00,1.00,1.00,0.76,,
113,1.8833,0.5003,pistol,0,1,1,0,-100.1,-175,-985,,0,,,,,1.00,1.00,1.00,0.67,,
114,1.9000,0.5170,pistol,0,1,1,0,-107.8,-306,-952,,0,,,,,1.00,1.00,1.00,0.85,,
115,1.9167,0.5337,pistol,0,1,1,0,-112.1,-376,-927,,0,,,,,1.00,1.00,1.00,0.89,,
116,1.9333,0.5503,pistol,0,1,1,0,-109.3,-331,-944,,0,,,,,1.00,1.00,1.00,0.75,,
117,1.9500,0.5670,pistol,0,1,1,0,-113.9,-405,-914,,0,,,,,1.00,1.00,1.00,0.83,,
118,1.9667,0.5837,pistol,0,1,1,0,-113.9,-405,-914,,0,,,,,1.00,1.00,1.00,0.82,,
119,1.9833,0.6003,pistol,0,1,1,0,-76.3,237,-972,,0,,,,,1.00,1.00,1.00,1.00,,
120,2.0000,0.6170,pistol,0,1,1,0,-60.2,497,-868,,0,,,,,1.00,1.00,1.00,1.00,,
121,2.0167,0.6337,pistol,0,1,1,0,-60.2,497,-868,,0,,,,,1.00,1.00,1.00,1.00,,
122,2.0333,0.6503,pistol,0,1,1,0,-60.2,497,-868,,0,,,,,1.00,1.00,1.00,1.00,,
123,2.0500,0.6670,pistol,0,1,1,0,-60.2,497,-868,,0,,,,,1.00,1.00,1.00,1.00,,
124,2.0667,0.6837,pistol,0,1,1,0,-60.2,497,-868,,0,,,,,1.00,1.00,1.00,1.00,,
125,2.0833,0.7003,pistol,0,1,1,0,-60.2,497,-868,,0,,,,,1.00,1.00,1.00,1.00,,
126,2.1000,0.7170,pistol,0,1,1,0,-60.2,497,-868,,0,,,,,1.00,1.00,1.00,1.00,,
127,2.1167,0.7337,pistol,0,1,1,0,-60.2,497,-868,,0,,,,,1.00,1.00,1.00,1.00,,
128,2.1333,0.7503,pistol,0,1,1,0,-60.2,497,-868,,0,,,,,1.00,1.00,1.00,1.00,,
129,2.1500,0.7670,pistol,0,1,1,0,-56.4,553,-833,,0,,,,,1.00,1.00,1.00,1.00,,
130,2.1667,0.7837,pistol,0,1,1,0,-3.5,998,-61,,0,,,,,1.00,1.00,1.00,1.00,,
131,2.1833,0.8003,pistol,0,1,1,0,11.6,980,201,,0,,,,,1.00,1.00,1.00,1.00,,
132,2.2000,0.8170,pistol,0,1,1,0,11.6,980,201,,0,,,,,1.00,1.00,1.00,1.00,,
133,2.2167,0.8337,pistol,0,1,1,0,11.6,980,201,,0,,,,,1.00,1.00,1.00,1.00,,
134,2.2333,0.8503,pistol,0,1,1,0,11.6,980,201,,0,,,,,1.00,1.00,1.00,1.00,,
135,2.2500,0.8670,pistol,0,1,1,0,11.6,980,201,,0,,,,,1.00,1.00,1.00,1.00,,
136,2.2667,0.8837,pistol,0,1,1,0,11.6,980,201,,0,,,,,1.00,1.00,1.00,1.00,,
137,2.2833,0.9003,pistol,0,1,1,0,11.6,980,201,,0,,,,,1.00,1.00,1.00,1.00,,
138,2.3000,0.9170,pistol,0,1,1,0,11.6,980,201,,0,,,,,1.00,1.00,1.00,1.00,,
139,2.3167,0.9337,pistol,0,1,1,0,-16.5,959,-284,,0,,,,,1.00,1.00,1.00,1.00,,
140,2.3333,0.9503,pistol,0,1,1,0,-57.7,534,-845,,0,,,,,1.00,1.00,1.00,1.00,,
141,2.3500,0.9670,pistol,0,1,1,0,-36.2,807,-591,,0,,,,,1.00,1.00,1.00,1.00,,
142,2.3667,0.9837,pistol,0,1,1,0,-55.7,564,-826,,0,,,,,1.00,1.00,1.00,1.00,,
143,2.3833,1.0003,pistol,0,1,1,0,-60.1,498,-867,,0,,,,,1.00,1.00,1.00,1.00,,
144,2.4000,1.0170,pistol,0,1,1,0,-60.2,497,-868,,0,,,,,1.00,1.00,1.00,1.00,,
145,2.4167,1.0337,pistol,0,1,1,0,-60.1,498,-867,,0,,,,,1.00,1.00,0.79,1.00,,
146,2.4333,1.0503,pistol,0,1,1,0,-60.2,497,-868,,0,,,,,1.00,1.00,0.40,1.00,,
147,2.4500,1.0670,pistol,0,1,1,0,-60.2,497,-868,,0,,,,,1.00,1.00,0.38,1.00,,
148,2.4667,1.0837,pistol,0,1,1,0,-60.2,497,-868,,0,,,,,1.00,1.00,0.40,1.00,,
149,2.4833,1.1003,pistol,0,1,1,0,-60.2,497,-868,,0,,,,,1.00,1.00,0.79,1.00,,
150,2.5000,1.1170,pistol,0,1,1,0,-95.2,-91,-996,,0,,,,,1.00,1.00,1.00,0.87,,
151,2.5167,1.1337,pistol,0,1,1,0,-173.8,-994,-108,,0,,,,,1.00,1.00,1.00,1.00,,
152,2.5333,1.1503,pistol,0,1,1,1,-173.8,-994,-108,,0,,,,,1.00,1.00,0.99,1.00,,
153,2.5500,1.1670,pistol,0,1,1,1,-173.8,-994,-108,,0,,,,,1.00,1.00,1.00,1.00,,
154,2.5667,1.1837,pistol,0,1,1,0,99.1,-158,987,,0,,,,,1.00,1.00,1.00,1.00,,
155,2.5833,1.2003,pistol,0,1,1,0,79.9,175,985,,0,,,,,1.00,1.00,1.00,1.00,,
156,2.6000,1.2170,pistol,0,1,1,0,73.5,284,959,,0,,,,,1.00,1.00,1.00,1.00,,
157,2.6167,1.2337,pistol,0,1,1,0,69.9,344,939,,0,,,,,1.00,1.00,1.00,1.00,,
158,2.6333,1.2503,pistol,0,1,1,0,69.9,344,939,,0,,,,,1.00,1.00,1.00,1.00,,
159,2.6500,1.2670,pistol,0,1,1,0,69.9,344,939,,0,,,,,1.00,1.00,1.00,1.00,,
160,2.6667,1.2837,pistol,0,1,1,0,69.9,344,939,,0,,,,,1.00,1.00,1.00,1.00,,
161,2.6833,1.3003,pistol,0,1,1,0,69.9,344,939,,0,,,,,1.00,1.00,1.00,1.00,,
162,2.7000,1.3170,pistol,0,1,1,0,69.9,344,939,,0,,,,,1.00,1.00,1.00,1.00,,
163,2.7167,1.3337,pistol,0,1,1,0,68.3,370,929,,0,,,,,1.00,1.00,1.00,1.00,,
164,2.7333,1.3503,pistol,0,1,1,0,61.4,479,878,,0,,,,,1.00,1.00,1.00,1.00,,
165,2.7500,1.3670,pistol,0,1,1,0,61.4,479,878,,0,,,,,1.00,1.00,1.00,1.00,,
166,2.7667,1.3837,pistol,0,1,1,0,61.4,479,878,,0,,,,,1.00,1.00,1.00,1.00,,
167,2.7833,1.4003,pistol,0,1,1,0,61.4,479,878,,0,,,,,1.00,1.00,1.00,1.00,,
168,2.8000,1.4170,pistol,0,1,1,0,61.4,479,878,,0,,,,,1.00,1.00,1.00,1.00,,
169,2.8167,1.4337,pistol,0,1,1,0,61.4,479,878,,0,,,,,1.00,1.00,1.00,1.00,,
170,2.8333,1.4503,pistol,0,1,1,0,57.9,531,847,,0,,,,,1.00,1.00,1.00,1.00,,
171,2.8500,1.4670,pistol,0,1,1,0,-90.0,0,-1000,,0,,,,,1.00,1.00,0.92,0.11,,
172,2.8667,1.4837,pistol,0,1,1,0,-92.3,-40,-999,,0,,,,,1.00,1.00,0.85,0.79,,
173,2.8833,1.5003,pistol,0,1,1,1,-146.1,-830,-558,,0,,,,,0.59,1.00,1.00,0.00,,
174,2.9000,1.5170,pistol,0,1,1,0,-88.5,26,-1000,,0,,,,,1.00,1.00,0.85,0.93,,
175,2.9167,1.5337,pistol,0,1,1,0,-84.7,92,-996,,0,,,,,1.00,1.00,0.85,0.87,,
176,2.9333,1.5503,pistol,0,1,1,0,-73.2,289,-957,,0,,,,,1.00,1.00,0.85,1.00,,
177,2.9500,1.5670,pistol,0,1,1,0,-73.2,289,-957,,0,,,,,1.00,1.00,0.85,1.00,,
178,2.9667,1.5837,pistol,0,1,1,0,-73.2,289,-957,,0,,,,,1.00,1.00,1.00,1.00,,
179,2.9833,1.6003,pistol,0,1,1,0,-73.0,292,-956,,0,,,,,1.00,1.00,1.00,1.00,,
180,3.0000,1.6170,pistol,0,1,1,0,-73.0,292,-956,,0,,,,,1.00,1.00,1.00,1.00,,
181,3.0167,1.6337,pistol,0,1,1,0,-73.2,289,-957,,0,,,,,1.00,1.00,1.00,1.00,,
182,3.0333,1.6503,pistol,0,1,1,0,-73.2,289,-957,,0,,,,,1.00,1.00,1.00,1.00,,
183,3.0500,1.6670,pistol,0,1,1,0,-73.2,289,-957,,0,,,,,1.00,1.00,1.00,1.00,,
184,3.0667,1.6837,pistol,0,1,1,0,-73.2,289,-957,,0,,,,,1.00,1.00,1.00,0.95,,
185,3.0833,1.7003,pistol,0,1,1,0,-80.6,163,-987,,0,,,,,1.00,1.00,1.00,0.10,,
186,3.1000,1.7170,pistol,0,1,1,0,-120.0,-500,-866,,0,,,,,1.00,1.00,1.00,0.00,,
187,3.1167,1.7337,pistol,0,1,1,0,-86.3,65,-998,,0,,,,,1.00,1.00,1.00,0.00,,
188,3.1333,1.7503,pistol,0,1,1,0,147.3,-842,540,,0,,,,,1.00,1.00,1.00,0.00,,
189,3.1500,1.7670,pistol,0,1,1,0,142.4,-792,610,,0,,,,,1.00,1.00,1.00,0.00,,
190,3.1667,1.7837,pistol,0,1,1,0,-85.4,80,-997,,0,,,,,1.00,1.00,1.00,0.05,,
191,3.1833,1.8003,pistol,0,1,1,0,-85.9,71,-997,,0,,,,,1.00,1.00,1.00,0.87,,
192,3.2000,1.8170,pistol,0,1,1,0,-142.1,-789,-614,,0,,,,,1.00,1.00,1.00,0.78,,
193,3.2167,1.8337,pistol,0,1,1,0,149.4,-861,509,,0,,,,,1.00,1.00,1.00,1.00,,
194,3.2333,1.8503,pistol,0,1,1,0,149.4,-861,509,,0,,,,,1.00,1.00,1.00,1.00,,
195,3.2500,1.8670,pistol,0,1,1,0,149.4,-861,509,,0,,,,,1.00,1.00,1.00,1.00,,
196,3.2667,1.8837,pistol,0,1,1,0,149.4,-861,509,,0,,,,,1.00,1.00,1.00,1.00,,
197,3.2833,1.9003,pistol,0,1,1,0,149.4,-861,509,,0,,,,,1.00,1.00,1.00,1.00,,
198,3.3000,1.9170,pistol,0,1,1,0,149.3,-860,511,,0,,,,,1.00,1.00,1.00,0.90,,
199,3.3167,1.9337,pistol,0,1,1,0,149.3,-860,511,,0,,,,,1.00,1.00,1.00,0.82,,
200,3.3333,1.9503,pistol,0,1,1,0,143.2,-801,599,,0,,,,,1.00,1.00,1.00,0.93,,
201,3.3500,1.9670,pistol,0,1,1,0,30.9,858,514,,0,,,,,1.00,1.00,1.00,1.00,,
202,3.3667,1.9837,pistol,0,1,1,0,4.8,996,84,,0,,,,,1.00,1.00,1.00,1.00,,
203,3.3833,2.0003,pistol,0,1,1,0,-1.1,1000,-19,,0,,,,,1.00,1.00,1.00,1.00,,
204,3.4000,2.0170,pistol,0,1,1,0,-1.1,1000,-19,,0,,,,,1.00,1.00,1.00,1.00,,
205,3.4167,2.0337,pistol,0,1,1,0,-1.1,1000,-19,,0,,,,,1.00,1.00,1.00,1.00,,
206,3.4333,2.0503,pistol,0,1,1,0,-1.1,1000,-19,,0,,,,,1.00,1.00,1.00,1.00,,
207,3.4500,2.0670,pistol,0,1,1,0,-1.1,1000,-19,,0,,,,,1.00,1.00,1.00,1.00,,
208,3.4667,2.0837,pistol,0,1,1,0,-1.1,1000,-19,,0,,,,,1.00,1.00,1.00,1.00,,
209,3.4833,2.1003,pistol,0,1,1,0,-1.1,1000,-19,,0,,,,,1.00,1.00,1.00,1.00,,
210,3.5000,2.1170,pistol,0,1,1,0,-1.1,1000,-19,,0,,,,,1.00,1.00,1.00,1.00,,
211,3.5167,2.1337,pistol,0,1,1,0,-1.1,1000,-19,,0,,,,,1.00,1.00,1.00,1.00,,
212,3.5333,2.1503,pistol,0,1,1,0,-1.1,1000,-19,,0,,,,,1.00,1.00,1.00,1.00,,
213,3.5500,2.1670,pistol,0,1,1,0,-1.1,1000,-19,,0,,,,,1.00,1.00,1.00,1.00,,
214,3.5667,2.1837,pistol,0,1,1,0,-1.1,1000,-19,,0,,,,,1.00,1.00,1.00,1.00,,
215,3.5833,2.2003,pistol,0,1,1,0,-1.1,1000,-19,,0,,,,,1.00,1.00,1.00,1.00,,
216,3.6000,2.2170,pistol,0,1,1,0,-1.1,1000,-19,,0,,,,,1.00,1.00,1.00,1.00,,
217,3.6167,2.2337,pistol,0,1,1,0,6.5,994,113,,0,,,,,1.00,1.00,1.00,1.00,,
218,3.6333,2.2503,pistol,0,1,1,0,-175.5,-997,-78,,0,,,,,1.00,1.00,1.00,1.00,,
219,3.6500,2.2670,pistol,0,1,1,0,-4.9,996,-85,,0,,,,,1.00,1.00,1.00,1.00,,
220,3.6667,2.2837,pistol,0,1,1,0,-53.3,598,-802,,0,,,,,1.00,1.00,1.00,1.00,,
221,3.6833,2.3003,pistol,0,1,1,0,-67.4,384,-923,,0,,,,,1.00,1.00,1.00,1.00,,
222,3.7000,2.3170,pistol,0,1,1,0,-67.4,384,-923,,0,,,,,1.00,1.00,1.00,1.00,,
223,3.7167,2.3337,pistol,0,1,1,0,-67.4,384,-923,,0,,,,,1.00,1.00,1.00,1.00,,
224,3.7333,2.3503,pistol,0,1,1,0,-66.2,404,-915,,0,,,,,1.00,1.00,1.00,1.00,,
225,3.7500,2.3670,pistol,0,1,1,0,-62.3,465,-885,,0,,,,,1.00,1.00,1.00,1.00,,
226,3.7667,2.3837,pistol,0,1,1,0,-61.7,474,-880,,0,,,,,1.00,1.00,1.00,1.00,,
227,3.7833,2.4003,pistol,0,1,1,0,-61.7,474,-880,,0,,,,,1.00,1.00,1.00,1.00,,
228,3.8000,2.4170,pistol,0,1,1,0,-61.8,473,-881,,0,,,,,1.00,1.00,1.00,1.00,,
229,3.8167,2.4337,pistol,0,1,1,0,-21.6,930,-368,,0,,,,,1.00,1.00,1.00,1.00,,
230,3.8333,2.4503,pistol,0,1,1,0,98.6,-150,989,,0,,,,,1.00,1.00,1.00,1.00,,
231,3.8500,2.4670,pistol,0,1,1,0,97.4,-129,992,,0,,,,,1.00,1.00,1.00,1.00,,
232,3.8667,2.4837,pistol,0,1,1,0,78.7,196,981,,0,,,,,1.00,1.00,1.00,1.00,,
233,3.8833,2.5003,pistol,0,1,1,0,77.3,220,976,,0,,,,,1.00,1.00,1.00,1.00,,
234,3.9000,2.5170,pistol,0,1,1,0,77.3,220,976,,0,,,,,1.00,1.00,1.00,1.00,,
235,3.9167,2.5337,pistol,0,1,1,0,57.3,540,842,,0,,,,,1.00,1.00,1.00,1.00,,
236,3.9333,2.5503,pistol,0,1,1,0,-52.1,614,-789,,0,,,,,1.00,1.00,1.00,1.00,,
237,3.9500,2.5670,pistol,0,1,1,0,-52.1,614,-789,,0,,,,,1.00,1.00,1.00,1.00,,
238,3.9667,2.5837,pistol,0,1,1,0,-52.1,614,-789,,0,,,,,1.00,1.00,1.00,1.00,,
239,3.9833,2.6003,pistol,0,1,1,0,-88.8,21,-1000,,0,,,,,1.00,1.00,1.00,0.99,,
240,4.0000,2.6170,pistol,0,1,1,0,-90.1,-2,-1000,,0,,,,,1.00,1.00,1.00,0.51,,
241,4.0167,2.6337,pistol,0,1,1,0,-90.1,-2,-1000,,0,,,,,1.00,1.00,1.00,0.55,,
242,4.0333,2.6503,pistol,0,1,1,0,-90.1,-2,-1000,,0,,,,,1.00,1.00,1.00,0.39,,
243,4.0500,2.6670,pistol,0,1,1,0,-90.1,-2,-1000,,0,,,,,1.00,1.00,1.00,0.49,,
244,4.0667,2.6837,pistol,0,1,1,0,-90.1,-2,-1000,,0,,,,,1.00,1.00,1.00,0.39,,
245,4.0833,2.7003,pistol,0,1,1,0,-90.1,-2,-1000,,0,,,,,1.00,1.00,1.00,0.48,,
246,4.1000,2.7170,pistol,0,1,1,0,-90.1,-2,-1000,,0,,,,,1.00,1.00,1.00,0.54,,
247,4.1167,2.7337,pistol,0,1,1,0,-90.1,-2,-1000,,0,,,,,1.00,1.00,1.00,0.50,,
248,4.1333,2.7503,pistol,0,1,1,0,-90.1,-2,-1000,,0,,,,,1.00,1.00,1.00,0.00,,
249,4.1500,2.7670,pistol,0,1,1,0,-5.5,995,-96,,0,,,,,1.00,1.00,1.00,1.00,,
250,4.1667,2.7837,pistol,0,1,1,0,-5.5,995,-96,,0,,,,,1.00,1.00,1.00,1.00,,
251,4.1833,2.8003,pistol,0,1,1,0,42.6,736,677,,0,,,,,1.00,1.00,1.00,1.00,,
252,4.2000,2.8170,pistol,0,1,1,0,-2.0,999,-35,,0,,,,,1.00,1.00,1.00,1.00,,
253,4.2167,2.8337,pistol,0,1,1,0,-48.3,665,-747,,0,,,,,1.00,1.00,1.00,1.00,,
254,4.2333,2.8503,pistol,0,1,1,0,-12.7,976,-220,,0,,,,,1.00,1.00,1.00,1.00,,
255,4.2500,2.8670,pistol,0,1,1,0,-12.7,976,-220,,0,,,,,1.00,1.00,1.00,1.00,,
256,4.2667,2.8837,pistol,0,1,1,0,-7.1,992,-124,,0,,,,,1.00,1.00,1.00,1.00,,
257,4.2833,2.9003,pistol,0,1,1,0,-19.2,944,-329,,0,,,,,1.00,1.00,1.00,1.00,,
258,4.3000,2.9170,pistol,0,1,1,0,-25.3,904,-427,,0,,,,,1.00,1.00,1.00,1.00,,
259,4.3167,2.9337,pistol,0,1,1,0,-25.3,904,-427,,0,,,,,1.00,1.00,1.00,1.00,,
260,4.3333,2.9503,pistol,0,1,1,0,-25.3,904,-427,,0,,,,,1.00,1.00,1.00,1.00,,
261,4.3500,2.9670,pistol,0,1,1,0,-25.3,904,-427,,0,,,,,1.00,1.00,1.00,1.00,,
262,4.3667,2.9837,pistol,0,1,1,0,-25.3,904,-427,,0,,,,,1.00,1.00,1.00,1.00,,
263,4.3833,3.0003,pistol,0,1,1,0,-25.3,904,-427,,0,,,,,1.00,1.00,1.00,1.00,,
264,4.4000,3.0170,pistol,0,1,1,0,7.3,992,127,,0,,,,,1.00,1.00,1.00,1.00,,
265,4.4167,3.0337,pistol,0,1,1,0,31.5,853,522,,0,,,,,1.00,1.00,1.00,1.00,,
266,4.4333,3.0503,pistol,0,1,1,0,31.5,853,522,,0,,,,,1.00,1.00,1.00,1.00,,
267,4.4500,3.0670,pistol,0,1,1,0,31.5,853,522,,0,,,,,1.00,1.00,1.00,1.00,,
268,4.4667,3.0837,pistol,0,1,1,0,-37.8,790,-613,,0,,,,,1.00,1.00,1.00,1.00,,
269,4.4833,3.1003,pistol,0,1,1,0,-61.8,473,-881,,0,,,,,1.00,1.00,1.00,1.00,,
270,4.5000,3.1170,pistol,0,1,1,0,-61.8,473,-881,,0,,,,,1.00,1.00,1.00,1.00,,
271,4.5167,3.1337,pistol,0,1,1,0,-39.5,772,-636,,0,,,,,1.00,1.00,1.00,1.00,,
272,4.5333,3.1503,pistol,0,1,1,0,-14.1,970,-244,,0,,,,,1.00,1.00,1.00,1.00,,
273,4.5500,3.1670,pistol,0,1,1,0,-14.1,970,-244,,0,,,,,1.00,1.00,1.00,1.00,,
274,4.5667,3.1837,pistol,0,1,1,0,-57.5,537,-843,,0,,,,,1.00,1.00,1.00,1.00,,
275,4.5833,3.2003,pistol,0,1,1,0,-71.8,312,-950,,0,,,,,1.00,1.00,1.00,1.00,,
276,4.6000,3.2170,pistol,0,1,1,0,-78.7,196,-981,,0,,,,,1.00,1.00,1.00,1.00,,
277,4.6167,3.2337,pistol,0,1,1,0,-78.7,196,-981,,0,,,,,1.00,1.00,1.00,1.00,,
278,4.6333,3.2503,pistol,0,1,1,0,-78.7,196,-981,,0,,,,,1.00,1.00,1.00,1.00,,
279,4.6500,3.2670,pistol,0,1,1,0,-78.7,196,-981,,0,,,,,1.00,1.00,1.00,1.00,,
280,4.6667,3.2837,pistol,0,1,1,0,-78.7,196,-981,,0,,,,,1.00,1.00,1.00,1.00,,
281,4.6833,3.3003,pistol,0,1,1,0,-21.5,930,-367,,0,,,,,1.00,1.00,1.00,1.00,,
282,4.7000,3.3170,pistol,0,1,1,0,-44.3,716,-698,,0,,,,,1.00,1.00,1.00,1.00,,
283,4.7167,3.3337,pistol,0,1,1,0,-67.1,389,-921,,0,,,,,1.00,1.00,1.00,1.00,,
284,4.7333,3.3503,pistol,0,1,1,0,52.2,613,790,,0,,,,,1.00,1.00,1.00,1.00,,
285,4.7500,3.3670,pistol,0,1,1,0,37.3,795,606,,0,,,,,1.00,1.00,1.00,1.00,,
286,4.7667,3.3837,pistol,0,1,1,0,35.8,811,585,,0,,,,,1.00,1.00,1.00,1.00,,
287,4.7833,3.4003,pistol,0,1,1,0,35.8,811,585,,0,,,,,1.00,1.00,1.00,1.00,,
288,4.8000,3.4170,pistol,0,1,1,0,15.4,964,266,,0,,,,,1.00,1.00,1.00,1.00,,
289,4.8167,3.4337,pistol,0,1,1,0,-113.9,-405,-914,,0,,,,,1.00,1.00,1.00,0.87,,
290,4.8333,3.4503,pistol,0,1,1,0,-114.2,-410,-912,,0,,,,,1.00,1.00,1.00,0.87,,
291,4.8500,3.4670,pistol,0,1,1,0,-114.1,-408,-913,,0,,,,,1.00,1.00,1.00,0.86,,
292,4.8667,3.4837,pistol,0,1,1,0,-114.2,-410,-912,,0,,,,,1.00,1.00,1.00,0.87,,
293,4.8833,3.5003,pistol,0,1,1,0,-113.9,-405,-914,,0,,,,,1.00,1.00,1.00,0.87,,
294,4.9000,3.5170,pistol,0,1,1,0,-145.3,-822,-569,,0,,,,,1.00,1.00,1.00,1.00,,
295,4.9167,3.5337,pistol,0,1,1,0,-147.8,-846,-533,,0,,,,,1.00,1.00,1.00,1.00,,
296,4.9333,3.5503,pistol,0,1,1,0,-66.2,404,-915,,0,,,,,1.00,1.00,1.00,1.00,,
297,4.9500,3.5670,pistol,0,1,1,0,-66.2,404,-915,,0,,,,,1.00,1.00,1.00,1.00,,
298,4.9667,3.5837,pistol,0,1,1,0,-66.2,404,-915,,0,,,,,1.00,1.00,1.00,1.00,,
299,4.9833,3.6003,pistol,0,1,1,0,-66.2,404,-915,,0,,,,,1.00,1.00,1.00,1.00,,
300,5.0000,3.6170,pistol,0,1,1,0,-54.1,586,-810,,0,,,,,1.00,1.00,1.00,1.00,,
301,5.0167,3.6337,pistol,0,1,1,0,-32.0,848,-530,,0,,,,,1.00,1.00,1.00,1.00,,
302,5.0333,3.6503,pistol,0,1,1,0,-36.8,801,-599,,0,,,,,1.00,1.00,1.00,1.00,,
303,5.0500,3.6670,pistol,0,1,1,0,-103.7,-237,-972,,0,,,,,1.00,1.00,1.00,0.33,,
304,5.0667,3.6837,pistol,0,1,1,0,-112.9,-389,-921,,0,,,,,1.00,1.00,1.00,0.26,,
305,5.0833,3.7003,pistol,0,1,1,0,-148.0,-848,-530,,0,,,,,1.00,1.00,1.00,0.00,,
306,5.1000,3.7170,pistol,0,1,1,0,-83.1,120,-993,,0,,,,,1.00,1.00,1.00,0.85,,
307,5.1167,3.7337,pistol,0,1,1,0,-82.4,132,-991,,0,,,,,1.00,1.00,1.00,0.81,,
308,5.1333,3.7503,pistol,0,1,1,0,-82.4,132,-991,,0,,,,,1.00,1.00,1.00,0.75,,
309,5.1500,3.7670,pistol,0,1,1,0,-82.4,132,-991,,0,,,,,1.00,1.00,1.00,0.64,,
310,5.1667,3.7837,pistol,0,1,1,0,-82.4,132,-991,,0,,,,,1.00,1.00,1.00,0.66,,
311,5.1833,3.8003,pistol,0,1,1,0,-92.6,-45,-999,,0,,,,,1.00,1.00,1.00,0.25,,
312,5.2000,3.8170,pistol,0,1,1,0,-90.2,-3,-1000,,0,,,,,1.00,1.00,1.00,0.00,,
313,5.2167,3.8337,pistol,0,1,1,0,-89.8,3,-1000,,0,,,,,1.00,1.00,1.00,0.34,,
314,5.2333,3.8503,pistol,0,1,1,0,-113.9,-405,-914,,0,,,,,1.00,1.00,1.00,0.25,,
315,5.2500,3.8670,pistol,0,1,1,0,-114.1,-408,-913,,0,,,,,1.00,1.00,1.00,0.53,,
316,5.2667,3.8837,pistol,0,1,1,0,-114.1,-408,-913,,0,,,,,1.00,1.00,1.00,0.61,,
317,5.2833,3.9003,pistol,0,1,1,0,-114.1,-408,-913,,0,,,,,1.00,1.00,1.00,0.72,,
318,5.3000,3.9170,pistol,0,1,1,0,-94.0,-70,-998,,0,,,,,1.00,1.00,1.00,0.63,,
319,5.3167,3.9337,pistol,0,1,1,1,-51.4,624,-782,,0,,,,,1.00,1.00,0.70,1.00,,
320,5.3333,3.9503,pistol,0,1,1,1,-22.6,923,-384,,0,,,,,1.00,1.00,1.00,1.00,,
321,5.3500,3.9670,pistol,0,1,1,1,-22.6,923,-384,,0,,,,,1.00,1.00,1.00,1.00,,
322,5.3667,3.9837,pistol,0,1,1,1,-22.6,923,-384,,0,,,,,1.00,1.00,1.00,1.00,,
323,5.3833,4.0003,pistol,0,1,1,0,-75.2,255,-967,,0,,,,,1.00,1.00,1.00,0.89,,
324,5.4000,4.0170,pistol,0,1,1,0,-94.5,-78,-997,,0,,,,,1.00,1.00,1.00,0.00,,
325,5.4167,4.0337,pistol,0,1,1,0,-84.2,101,-995,,0,,,,,1.00,1.00,1.00,0.00,,
326,5.4333,4.0503,pistol,0,1,1,0,-73.7,281,-960,,0,,,,,1.00,1.00,1.00,0.00,,
327,5.4500,4.0670,pistol,0,1,1,0,-133.4,-687,-727,,0,,,,,1.00,1.00,1.00,0.00,,
328,5.4667,4.0837,pistol,0,1,1,0,16.5,959,284,,0,,,,,1.00,1.00,1.00,0.00,,
329,5.4833,4.1003,pistol,0,1,1,0,-122.5,-537,-843,,0,,,,,1.00,1.00,1.00,0.31,,
330,5.5000,4.1170,pistol,0,1,1,0,-122.5,-537,-843,,0,,,,,1.00,1.00,1.00,0.34,,
331,5.5167,4.1337,pistol,0,1,1,0,-122.5,-537,-843,,0,,,,,1.00,1.00,1.00,0.36,,
332,5.5333,4.1503,pistol,0,1,1,0,-114.7,-418,-909,,0,,,,,1.00,1.00,1.00,0.00,,
333,5.5500,4.1670,pistol,0,1,1,0,-94.5,-78,-997,,0,,,,,1.00,1.00,1.00,0.00,,
334,5.5667,4.1837,pistol,0,1,1,0,81.9,141,990,,0,,,,,1.00,1.00,1.00,0.37,,
335,5.5833,4.2003,pistol,0,1,1,0,-74.6,266,-964,,0,,,,,1.00,1.00,1.00,1.00,,
336,5.6000,4.2170,pistol,0,1,1,0,-122.8,-542,-841,,0,,,,,1.00,1.00,1.00,0.49,,
337,5.6167,4.2337,pistol,0,1,1,0,-146.1,-830,-558,,0,,,,,1.00,1.00,1.00,1.00,,
338,5.6333,4.2503,pistol,0,1,1,0,-146.1,-830,-558,,0,,,,,1.00,1.00,1.00,1.00,,
339,5.6500,4.2670,pistol,0,1,1,0,-146.1,-830,-558,,0,,,,,1.00,1.00,1.00,1.00,,
340,5.6667,4.2837,pistol,0,1,1,0,-146.1,-830,-558,,0,,,,,1.00,1.00,1.00,1.00,,
341,5.6833,4.3003,pistol,0,1,1,0,-43.3,728,-686,,0,,,,,1.00,1.00,1.00,1.00,,
342,5.7000,4.3170,pistol,0,1,1,0,6.6,993,115,,0,,,,,1.00,1.00,1.00,1.00,,
343,5.7167,4.3337,pistol,0,1,1,0,44.2,717,697,,0,,,,,1.00,1.00,1.00,1.00,,
344,5.7333,4.3503,pistol,0,1,1,0,43.7,723,691,,0,,,,,1.00,1.00,1.00,1.00,,
345,5.7500,4.3670,pistol,0,1,1,0,45.7,698,716,,0,,,,,1.00,1.00,1.00,1.00,,
346,5.7667,4.3837,pistol,0,1,1,0,45.9,696,718,,0,,,,,1.00,1.00,1.00,1.00,,
347,5.7833,4.4003,pistol,0,1,1,0,45.9,696,718,,0,,,,,1.00,1.00,1.00,1.00,,
348,5.8000,4.4170,pistol,0,1,1,0,45.9,696,718,,0,,,,,1.00,1.00,1.00,1.00,,
349,5.8167,4.4337,pistol,0,1,1,0,45.9,696,718,,0,,,,,1.00,1.00,1.00,1.00,,
350,5.8333,4.4503,pistol,0,1,1,0,46.0,695,719,,0,,,,,1.00,1.00,1.00,0.67,,
351,5.8500,4.4670,pistol,0,1,1,1,80.8,160,987,,0,,,,,1.00,1.00,0.44,0.00,,
352,5.8667,4.4837,pistol,0,1,1,1,45.4,702,712,,0,,,,,1.00,1.00,0.44,0.01,,
353,5.8833,4.5003,pistol,0,1,1,0,46.0,695,719,,0,,,,,1.00,1.00,1.00,0.91,,
354,5.9000,4.5170,pistol,0,1,1,0,45.9,696,718,,0,,,,,1.00,1.00,1.00,1.00,,
355,5.9167,4.5337,pistol,0,1,1,0,45.9,696,718,,0,,,,,1.00,1.00,1.00,1.00,,
356,5.9333,4.5503,pistol,0,1,1,0,45.9,696,718,,0,,,,,1.00,1.00,1.00,1.00,,
357,5.9500,4.5670,pistol,0,1,1,0,45.9,696,718,,0,,,,,1.00,1.00,1.00,1.00,,
358,5.9667,4.5837,pistol,0,1,1,0,59.7,505,863,,0,,,,,1.00,1.00,1.00,1.00,,
359,5.9833,4.6003,pistol,0,1,1,0,65.7,412,911,,0,,,,,1.00,1.00,1.00,1.00,,
360,6.0000,4.6170,pistol,0,1,1,0,65.7,412,911,,0,,,,,1.00,1.00,1.00,1.00,,
361,6.0167,4.6337,pistol,0,1,1,0,65.7,412,911,,0,,,,,1.00,1.00,1.00,1.00,,
362,6.0333,4.6503,pistol,0,1,1,0,55.0,574,819,,0,,,,,1.00,1.00,1.00,1.00,,
363,6.0500,4.6670,pistol,0,1,1,0,-4.0,998,-70,,0,,,,,1.00,1.00,1.00,1.00,,
364,6.0667,4.6837,pistol,0,1,1,0,-12.7,976,-220,,0,,,,,1.00,1.00,1.00,1.00,,
365,6.0833,4.7003,pistol,0,1,1,0,-12.7,976,-220,,0,,,,,1.00,1.00,1.00,1.00,,
366,6.1000,4.7170,pistol,0,1,1,0,108.2,-312,950,,0,,,,,1.00,1.00,1.00,1.00,,
367,6.1167,4.7337,pistol,0,1,1,0,141.0,-777,629,,0,,,,,1.00,1.00,1.00,1.00,,
368,6.1333,4.7503,pistol,0,1,1,0,141.0,-777,629,,0,,,,,1.00,1.00,1.00,1.00,,
369,6.1500,4.7670,pistol,0,1,1,0,141.0,-777,629,,0,,,,,1.00,1.00,1.00,1.00,,
370,6.1667,4.7837,pistol,0,1,1,0,141.0,-777,629,,0,,,,,1.00,1.00,1.00,1.00,,
371,6.1833,4.8003,pistol,0,1,1,0,19.3,944,331,,0,,,,,1.00,1.00,1.00,1.00,,
372,6.2000,4.8170,pistol,0,1,1,0,5.9,995,103,,0,,,,,1.00,1.00,1.00,1.00,,
373,6.2167,4.8337,pistol,0,1,1,0,5.9,995,103,,0,,,,,1.00,1.00,1.00,1.00,,
374,6.2333,4.8503,pistol,0,1,1,0,5.9,995,103,,0,,,,,1.00,1.00,1.00,1.00,,
375,6.2500,4.8670,pistol,0,1,1,0,5.9,995,103,,0,,,,,1.00,1.00,1.00,1.00,,
376,6.2667,4.8837,pistol,0,1,1,0,5.9,995,103,,0,,,,,1.00,1.00,1.00,1.00,,
377,6.2833,4.9003,pistol,0,1,1,0,5.9,995,103,,0,,,,,1.00,1.00,1.00,1.00,,
378,6.3000,4.9170,pistol,0,1,1,0,5.9,995,103,,0,,,,,1.00,1.00,1.00,1.00,,
379,6.3167,4.9337,pistol,0,1,1,0,5.9,995,103,,0,,,,,1.00,1.00,1.00,1.00,,
380,6.3333,4.9503,pistol,0,1,1,0,1.4,1000,24,,0,,,,,1.00,1.00,1.00,1.00,,
381,6.3500,4.9670,pistol,0,1,1,0,-45.0,707,-707,,0,,,,,1.00,1.00,1.00,1.00,,
382,6.3667,4.9837,pistol,0,1,1,0,-45.0,707,-707,,0,,,,,1.00,1.00,1.00,1.00,,
383,6.3833,5.0003,pistol,0,1,1,0,-45.0,707,-707,,0,,,,,1.00,1.00,1.00,1.00,,
384,6.4000,5.0170,pistol,0,1,1,0,-45.0,707,-707,,0,,,,,1.00,1.00,1.00,1.00,,
385,6.4167,5.0337,pistol,0,1,1,0,-45.0,707,-707,,0,,,,,1.00,1.00,1.00,1.00,,
386,6.4333,5.0503,pistol,0,1,1,0,-45.0,707,-707,,0,,,,,1.00,1.00,1.00,1.00,,
387,6.4500,5.0670,pistol,0,1,1,0,-45.0,707,-707,,0,,,,,1.00,1.00,1.00,1.00,,
388,6.4667,5.0837,pistol,0,1,1,0,-45.0,707,-707,,0,,,,,1.00,1.00,1.00,1.00,,
389,6.4833,5.1003,pistol,0,1,1,0,-45.0,707,-707,,0,,,,,1.00,1.00,1.00,1.00,,
390,6.5000,5.1170,pistol,0,1,1,0,-89.1,16,-1000,,0,,,,,1.00,1.00,1.00,0.91,,
391,6.5167,5.1337,pistol,0,1,1,0,-143.4,-803,-596,,0,,,,,1.00,1.00,1.00,1.00,,
392,6.5333,5.1503,pistol,0,1,1,0,-143.4,-803,-596,,0,,,,,1.00,1.00,1.00,1.00,,
393,6.5500,5.1670,pistol,0,1,1,0,-143.4,-803,-596,,0,,,,,1.00,1.00,1.00,1.00,,
394,6.5667,5.1837,pistol,0,1,1,0,-65.5,415,-910,,0,,,,,1.00,1.00,1.00,1.00,,
395,6.5833,5.2003,pistol,0,1,1,0,-59.1,514,-858,,0,,,,,1.00,1.00,1.00,1.00,,
396,6.6000,5.2170,pistol,0,1,1,0,-120.6,-509,-861,,0,,,,,1.00,1.00,1.00,0.32,,
397,6.6167,5.2337,pistol,0,1,1,0,-152.9,-890,-456,,0,,,,,1.00,1.00,1.00,1.00,,
398,6.6333,5.2503,pistol,0,1,1,0,-152.9,-890,-456,,0,,,,,1.00,1.00,1.00,1.00,,
399,6.6500,5.2670,pistol,0,1,1,0,-152.9,-890,-456,,0,,,,,1.00,1.00,1.00,1.00,,
400,6.6667,5.2837,pistol,0,1,1,0,-152.9,-890,-456,,0,,,,,1.00,1.00,1.00,1.00,,
401,6.6833,5.3003,pistol,0,1,1,0,-152.9,-890,-456,,0,,,,,1.00,1.00,1.00,1.00,,
402,6.7000,5.3170,pistol,0,1,1,0,-152.9,-890,-456,,0,,,,,1.00,1.00,1.00,1.00,,
403,6.7167,5.3337,pistol,0,1,1,0,-152.9,-890,-456,,0,,,,,1.00,1.00,1.00,1.00,,
404,6.7333,5.3503,pistol,0,1,1,0,-152.9,-890,-456,,0,,,,,1.00,1.00,1.00,1.00,,
405,6.7500,5.3670,pistol,0,1,1,0,-152.9,-890,-456,,0,,,,,1.00,1.00,1.00,1.00,,
406,6.7667,5.3837,pistol,0,1,1,0,-152.9,-890,-456,,0,,,,,1.00,1.00,1.00,1.00,,
407,6.7833,5.4003,pistol,0,1,1,0,-152.9,-890,-456,,0,,,,,1.00,1.00,1.00,1.00,,
408,6.8000,5.4170,pistol,0,1,1,0,-152.9,-890,-456,,0,,,,,1.00,1.00,1.00,1.00,,
409,6.8167,5.4337,pistol,0,1,1,0,-152.9,-890,-456,,0,,,,,1.00,1.00,1.00,1.00,,
410,6.8333,5.4503,pistol,0,1,1,0,-156.6,-918,-397,,0,,,,,1.00,1.00,1.00,1.00,,
411,6.8500,5.4670,pistol,0,1,1,0,168.6,-980,198,,0,,,,,1.00,1.00,1.00,0.97,,
412,6.8667,5.4837,pistol,0,1,1,0,-42.2,741,-672,,0,,,,,1.00,1.00,1.00,1.00,,
413,6.8833,5.5003,pistol,0,1,1,0,-39.3,774,-633,,0,,,,,1.00,1.00,1.00,1.00,,
414,6.9000,5.5170,pistol,0,1,1,0,33.5,834,552,,0,,,,,1.00,1.00,1.00,1.00,,
415,6.9167,5.5337,pistol,0,1,1,0,79.9,175,985,,0,,,,,1.00,1.00,1.00,1.00,,
416,6.9333,5.5503,pistol,0,1,1,0,79.9,175,985,,0,,,,,1.00,1.00,1.00,1.00,,
417,6.9500,5.5670,pistol,0,1,1,0,79.9,175,985,,0,,,,,1.00,1.00,1.00,1.00,,
418,6.9667,5.5837,pistol,0,1,1,0,-42.8,734,-679,,0,,,,,1.00,1.00,1.00,1.00,,
419,6.9833,5.6003,pistol,0,1,1,0,-58.4,524,-852,,0,,,,,1.00,1.00,1.00,1.00,,
420,7.0000,5.6170,pistol,0,1,1,0,-56.3,555,-832,,0,,,,,1.00,1.00,1.00,1.00,,
421,7.0167,5.6337,pistol,0,1,1,0,-56.3,555,-832,,0,,,,,1.00,1.00,1.00,1.00,,
422,7.0333,5.6503,pistol,0,1,1,0,-56.3,555,-832,,0,,,,,1.00,1.00,1.00,1.00,,
423,7.0500,5.6670,pistol,0,1,1,0,-56.3,555,-832,,0,,,,,1.00,1.00,1.00,1.00,,
424,7.0667,5.6837,pistol,0,1,1,0,108.4,-316,949,,0,,,,,1.00,1.00,1.00,1.00,,
425,7.0833,5.7003,pistol,0,1,1,0,111.4,-365,931,,0,,,,,1.00,1.00,1.00,1.00,,
426,7.1000,5.7170,pistol,0,1,1,0,111.4,-365,931,,0,,,,,1.00,1.00,1.00,1.00,,
427,7.1167,5.7337,pistol,0,1,1,0,133.9,-693,721,,0,,,,,1.00,1.00,1.00,1.00,,
428,7.1333,5.7503,pistol,0,1,1,0,-97.3,-127,-992,,0,,,,,1.00,1.00,0.36,0.78,,
429,7.1500,5.7670,pistol,0,1,1,0,-97.3,-127,-992,,0,,,,,1.00,1.00,1.00,0.69,,
430,7.1667,5.7837,pistol,0,1,1,0,-97.0,-122,-993,,0,,,,,1.00,1.00,1.00,0.53,,
431,7.1833,5.8003,pistol,0,1,1,0,-96.6,-115,-993,,0,,,,,1.00,1.00,1.00,0.29,,
432,7.2000,5.8170,pistol,0,1,1,0,-96.6,-115,-993,,0,,,,,1.00,1.00,1.00,0.26,,
433,7.2167,5.8337,pistol,0,1,1,0,-96.4,-111,-994,,0,,,,,1.00,1.00,1.00,0.35,,
434,7.2333,5.8503,pistol,0,1,1,0,-96.6,-115,-993,,0,,,,,1.00,1.00,1.00,0.12,,
435,7.2500,5.8670,pistol,0,1,1,0,-119.1,-486,-874,,0,,,,,1.00,1.00,1.00,0.00,,
436,7.2667,5.8837,pistol,0,1,1,0,-93.7,-65,-998,,0,,,,,1.00,1.00,1.00,0.00,,
437,7.2833,5.9003,pistol,0,1,1,0,-95.2,-91,-996,,0,,,,,1.00,1.00,1.00,0.08,,
438,7.3000,5.9170,pistol,0,1,1,0,-96.0,-105,-995,,0,,,,,1.00,1.00,1.00,0.14,,
439,7.3167,5.9337,pistol,0,1,1,0,-96.6,-115,-993,,0,,,,,1.00,1.00,1.00,0.41,,
440,7.3333,5.9503,pistol,0,1,1,0,-97.3,-127,-992,,0,,,,,1.00,1.00,1.00,0.48,,
441,7.3500,5.9670,pistol,0,1,1,0,-91.4,-24,-1000,,0,,,,,1.00,1.00,1.00,0.50,,
442,7.3667,5.9837,pistol,0,1,1,0,29.7,869,495,,0,,,,,1.00,1.00,1.00,1.00,,
443,7.3833,6.0003,pistol,0,0,0,0,37.3,795,606,,0,,,,,1.00,1.00,1.00,1.00,,
444,7.4000,6.0170,pistol,0,0,0,0,37.3,795,606,,0,,,,,1.00,1.00,1.00,1.00,,
445,7.4167,6.0337,pistol,0,0,0,0,37.3,795,606,,0,,,,,1.00,1.00,1.00,1.00,,
446,7.4333,6.0503,pistol,0,1,1,0,37.3,795,606,,0,,,,,1.00,1.00,1.00,1.00,,
447,7.4500,6.0670,pistol,0,1,1,0,37.3,795,606,,0,,,,,1.00,1.00,1.00,1.00,,
448,7.4667,6.0837,pistol,0,1,1,0,37.3,795,606,,0,,,,,1.00,1.00,1.00,1.00,,
449,7.4833,6.1003,pistol,0,1,1,0,37.3,795,606,,0,,,,,1.00,1.00,1.00,1.00,,
450,7.5000,6.1170,pistol,0,1,1,0,37.3,795,606,,0,,,,,1.00,1.00,1.00,1.00,,
451,7.5167,6.1337,pistol,0,1,1,0,37.3,795,606,,0,,,,,1.00,1.00,1.00,1.00,,
452,7.5333,6.1503,pistol,0,1,1,0,37.3,795,606,,0,,,,,1.00,1.00,1.00,1.00,,
453,7.5500,6.1670,pistol,0,1,1,0,37.2,797,605,,0,,,,,1.00,1.00,1.00,1.00,,
454,7.5667,6.1837,pistol,0,1,1,0,37.3,795,606,,0,,,,,1.00,1.00,1.00,1.00,,
455,7.5833,6.2003,pistol,0,1,1,0,37.3,795,606,,0,,,,,1.00,1.00,1.00,1.00,,
456,7.6000,6.2170,pistol,0,1,1,0,37.2,797,605,,0,,,,,1.00,1.00,1.00,1.00,,
457,7.6167,6.2337,pistol,0,1,1,0,37.3,795,606,,0,,,,,1.00,1.00,1.00,1.00,,
458,7.6333,6.2503,pistol,0,1,1,0,37.3,795,606,,0,,,,,1.00,1.00,1.00,1.00,,
459,7.6500,6.2670,pistol,0,1,1,0,37.3,795,606,,0,,,,,1.00,1.00,1.00,0.48,,
460,7.6667,6.2837,pistol,0,1,1,0,37.3,795,606,,0,,,,,1.00,1.00,1.00,1.00,,
461,7.6833,6.3003,pistol,0,1,1,0,37.4,794,607,,0,,,,,1.00,1.00,1.00,1.00,,
462,7.7000,6.3170,pistol,0,1,1,0,37.4,794,607,,0,,,,,1.00,1.00,1.00,0.79,,
463,7.7167,6.3337,pistol,0,1,1,0,37.2,797,605,,0,,,,,1.00,1.00,1.00,0.55,,
464,7.7333,6.3503,pistol,0,1,1,0,37.2,797,605,,0,,,,,1.00,1.00,1.00,0.63,,
465,7.7500,6.3670,pistol,0,1,1,0,37.2,797,605,,0,,,,,1.00,1.00,1.00,0.73,,
466,7.7667,6.3837,pistol,0,1,1,0,37.3,795,606,,0,,,,,0.89,1.00,1.00,0.81,,
467,7.7833,6.4003,pistol,0,1,1,0,37.2,797,605,,0,,,,,1.00,0.39,1.00,0.78,,
468,7.8000,6.4170,pistol,0,1,1,0,37.2,797,605,,0,,,,,1.00,0.81,1.00,0.69,,
469,7.8167,6.4337,pistol,0,1,1,0,37.2,797,605,,0,,,,,1.00,0.62,1.00,0.41,,
470,7.8333,6.4503,pistol,0,1,1,0,37.1,798,603,,0,,,,,1.00,0.86,1.00,0.80,,
471,7.8500,6.4670,pistol,0,1,1,0,33.6,833,553,,0,,,,,1.00,1.00,1.00,1.00,,
472,7.8667,6.4837,pistol,0,1,1,0,-106.4,-282,-959,,0,,,,,1.00,1.00,1.00,0.35,,
473,7.8833,6.5003,pistol,0,1,1,0,-111.3,-363,-932,,0,,,,,1.00,1.00,1.00,0.29,,
474,7.9000,6.5170,pistol,0,1,1,0,-111.3,-363,-932,,0,,,,,1.00,1.00,1.00,0.61,,
475,7.9167,6.5337,pistol,1,0,-1,0,-128.2,-618,-786,,0,,,,,0.71,1.00,1.00,1.00,,
476,7.9333,6.5503,pistol,1,0,-1,0,176.2,-998,66,,0,,,,,0.75,1.00,1.00,0.47,,
477,7.9500,6.5670,pistol,1,0,-1,0,176.2,-998,66,,0,,,,,0.64,1.00,1.00,0.40,,
478,7.9667,6.5837,pistol,1,0,-1,0,176.2,-998,66,,0,,,,,0.77,1.00,1.00,0.47,,
479,7.9833,6.6003,pistol,0,1,1,0,176.3,-998,65,,0,,,,,1.00,1.00,1.00,0.61,,
480,8.0000,6.6170,pistol,0,1,1,0,142.9,-798,603,,0,,,,,1.00,1.00,1.00,1.00,,
481,8.0167,6.6337,pistol,0,1,1,0,82.8,125,992,,0,,,,,1.00,1.00,1.00,1.00,,
482,8.0333,6.6503,pistol,0,1,1,0,104.6,-252,968,,0,,,,,1.00,1.00,1.00,1.00,,
483,8.0500,6.6670,pistol,0,1,1,0,147.9,-847,531,,0,,,,,1.00,0.92,1.00,1.00,,
484,8.0667,6.6837,pistol,0,1,1,0,53.4,596,803,,0,,,,,1.00,0.96,1.00,1.00,,
485,8.0833,6.7003,pistol,0,1,1,0,122.7,-540,842,,0,,,,,1.00,0.75,1.00,1.00,,
486,8.1000,6.7170,pistol,0,1,1,0,159.5,-937,350,,0,,,,,1.00,0.70,1.00,1.00,,
487,8.1167,6.7337,pistol,0,1,1,0,159.9,-939,344,,0,,,,,1.00,0.65,1.00,1.00,,
488,8.1333,6.7503,pistol,0,1,1,0,160.9,-945,327,,0,,,,,1.00,0.82,1.00,1.00,,
489,8.1500,6.7670,pistol,0,1,1,0,160.9,-945,327,,0,,,,,1.00,0.62,1.00,1.00,,
490,8.1667,6.7837,pistol,0,1,1,0,160.9,-945,327,,0,,,,,1.00,0.68,1.00,1.00,,
491,8.1833,6.8003,pistol,0,1,1,0,164.2,-962,272,,0,,,,,1.00,0.84,1.00,1.00,,
492,8.2000,6.8170,pistol,0,1,1,0,164.9,-965,261,,0,,,,,1.00,0.87,1.00,1.00,,
493,8.2167,6.8337,pistol,0,1,1,0,164.9,-965,261,,0,,,,,1.00,0.78,1.00,1.00,,
494,8.2333,6.8503,pistol,0,1,1,0,164.9,-965,261,,0,,,,,1.00,0.86,1.00,1.00,,
495,8.2500,6.8670,pistol,0,1,1,0,164.9,-965,261,,0,,,,,1.00,0.94,1.00,1.00,,
496,8.2667,6.8837,pistol,0,0,0,0,-125.2,-576,-817,,0,,,,,1.00,1.00,1.00,1.00,,
497,8.2833,6.9003,pistol,1,0,-1,0,15.0,966,259,,0,,,,,1.00,1.00,1.00,1.00,,
498,8.3000,6.9170,pistol,1,0,-1,0,28.8,876,482,,0,,,,,1.00,1.00,1.00,1.00,,
499,8.3167,6.9337,pistol,1,0,-1,0,67.4,384,923,,0,,,,,1.00,1.00,1.00,1.00,,
500,8.3333,6.9503,pistol,0,1,1,0,146.8,-837,548,,0,,,,,1.00,0.98,1.00,1.00,,
501,8.3500,6.9670,pistol,1,0,-1,0,146.8,-837,548,,0,,,,,1.00,1.00,1.00,1.00,,
502,8.3667,6.9837,pistol,1,0,-1,0,146.8,-837,548,,0,,,,,1.00,1.00,1.00,1.00,,
503,8.3833,7.0003,pistol,1,0,-1,0,146.8,-837,548,,0,,,,,1.00,1.00,1.00,1.00,,
504,8.4000,7.0170,pistol,1,0,-1,0,-99.4,-163,-987,,0,,,,,1.00,1.00,1.00,0.75,,
505,8.4167,7.0337,pistol,1,0,-1,0,-68.7,363,-932,,0,,,,,1.00,1.00,1.00,1.00,,
506,8.4333,7.0503,pistol,1,0,-1,0,-44.2,717,-697,,0,,,,,1.00,1.00,1.00,1.00,,
507,8.4500,7.0670,pistol,1,0,-1,0,28.8,876,482,,0,,,,,1.00,1.00,1.00,1.00,,
508,8.4667,7.0837,pistol,1,0,-1,0,-154.6,-903,-429,,0,,,,,1.00,1.00,1.00,1.00,,
509,8.4833,7.1003,pistol,1,0,-1,0,-145.3,-822,-569,,0,,,,,1.00,1.00,1.00,1.00,,
510,8.5000,7.1170,pistol,1,0,-1,0,-144.3,-812,-584,,0,,,,,1.00,1.00,1.00,0.02,,
511,8.5167,7.1337,pistol,1,0,-1,0,-144.5,-814,-581,,0,,,,,1.00,1.00,1.00,1.00,,
512,8.5333,7.1503,pistol,1,0,-1,0,-145.1,-820,-572,,0,,,,,1.00,1.00,1.00,1.00,,
513,8.5500,7.1670,pistol,1,0,-1,0,-147.0,-839,-545,,0,,,,,1.00,1.00,1.00,1.00,,
514,8.5667,7.1837,pistol,1,0,-1,0,-147.4,-842,-539,,0,,,,,1.00,1.00,1.00,1.00,,
515,8.5833,7.2003,pistol,1,0,-1,0,-147.4,-842,-539,,0,,,,,1.00,1.00,1.00,1.00,,
516,8.6000,7.2170,pistol,1,0,-1,0,-147.4,-842,-539,,0,,,,,1.00,1.00,1.00,1.00,,
517,8.6167,7.2337,pistol,1,0,-1,0,-147.4,-842,-539,,0,,,,,1.00,1.00,1.00,1.00,,
518,8.6333,7.2503,pistol,1,0,-1,0,-147.4,-842,-539,,0,,,,,1.00,1.00,1.00,1.00,,
519,8.6500,7.2670,pistol,1,0,-1,0,-147.4,-842,-539,,0,,,,,1.00,1.00,1.00,1.00,,
520,8.6667,7.2837,pistol,1,0,-1,0,-147.4,-842,-539,,0,,,,,1.00,1.00,1.00,1.00,,
521,8.6833,7.3003,pistol,1,0,-1,0,-147.4,-842,-539,,0,,,,,1.00,1.00,1.00,1.00,,
522,8.7000,7.3170,pistol,1,0,-1,0,-147.4,-842,-539,,0,,,,,1.00,1.00,1.00,1.00,,
523,8.7167,7.3337,pistol,1,0,-1,0,-147.4,-842,-539,,0,,,,,1.00,1.00,1.00,1.00,,
524,8.7333,7.3503,pistol,1,0,-1,0,-147.4,-842,-539,,0,,,,,1.00,1.00,1.00,1.00,,
525,8.7500,7.3670,pistol,1,0,-1,0,-147.5,-843,-537,,0,,,,,1.00,1.00,1.00,1.00,,
526,8.7667,7.3837,pistol,1,0,-1,0,-127.1,-603,-798,,0,,,,,1.00,1.00,1.00,1.00,,
527,8.7833,7.4003,pistol,1,0,-1,0,-126.6,-596,-803,,0,,,,,1.00,1.00,1.00,0.89,,
528,8.8000,7.4170,pistol,1,0,-1,0,-125.1,-575,-818,,0,,,,,1.00,1.00,1.00,1.00,,
529,8.8167,7.4337,pistol,1,0,-1,0,-46.5,688,-725,,0,,,,,1.00,1.00,1.00,0.00,,
530,8.8333,7.4503,pistol,1,0,-1,0,-78.3,203,-979,,0,,,,,1.00,1.00,1.00,0.16,,
531,8.8500,7.4670,pistol,1,0,-1,0,-61.7,474,-880,,0,,,,,1.00,1.00,1.00,0.03,,
532,8.8667,7.4837,pistol,1,0,-1,0,-105.0,-259,-966,,0,,,,,1.00,1.00,1.00,0.17,,
533,8.8833,7.5003,pistol,1,0,-1,0,-86.1,68,-998,,0,,,,,1.00,1.00,1.00,0.00,,
534,8.9000,7.5170,pistol,1,0,-1,0,-46.1,693,-721,,0,,,,,1.00,1.00,1.00,0.00,,
535,8.9167,7.5337,pistol,1,0,-1,0,-105.4,-266,-964,,0,,,,,1.00,1.00,1.00,0.51,,
536,8.9333,7.5503,pistol,1,0,-1,0,-105.5,-267,-964,,0,,,,,1.00,1.00,1.00,0.71,,
537,8.9500,7.5670,pistol,1,0,-1,0,-105.4,-266,-964,,0,,,,,1.00,1.00,1.00,0.73,,
538,8.9667,7.5837,pistol,1,0,-1,0,-103.7,-237,-972,,0,,,,,1.00,1.00,1.00,0.63,,
539,8.9833,7.6003,pistol,1,0,-1,0,-103.1,-227,-974,,0,,,,,1.00,1.00,1.00,0.58,,
540,9.0000,7.6170,pistol,1,0,-1,0,-106.4,-282,-959,,0,,,,,1.00,1.00,1.00,0.76,,
541,9.0167,7.6337,pistol,1,0,-1,0,-90.0,0,-1000,,0,,,,,1.00,1.00,1.00,0.55,,
542,9.0333,7.6503,pistol,1,0,-1,1,-45.8,697,-717,,0,,,,,1.00,1.00,0.99,1.00,,
543,9.0500,7.6670,pistol,1,0,-1,1,-10.4,984,-181,,0,,,,,1.00,1.00,1.00,1.00,,
544,9.0667,7.6837,pistol,1,0,-1,1,-4.0,998,-70,,0,,,,,1.00,1.00,1.00,1.00,,
545,9.0833,7.7003,pistol,1,0,-1,1,-4.0,998,-70,,0,,,,,1.00,1.00,1.00,1.00,,
546,9.1000,7.7170,pistol,1,0,-1,0,2.3,999,40,,0,,,,,1.00,1.00,1.00,1.00,,
547,9.1167,7.7337,pistol,1,0,-1,0,35.1,818,575,,0,,,,,1.00,1.00,1.00,1.00,,
548,9.1333,7.7503,pistol,1,0,-1,0,123.7,-555,832,,0,,,,,1.00,1.00,1.00,1.00,,
549,9.1500,7.7670,pistol,1,0,-1,0,112.9,-389,921,,0,,,,,1.00,1.00,1.00,1.00,,
550,9.1667,7.7837,pistol,1,0,-1,0,112.9,-389,921,,0,,,,,1.00,1.00,1.00,1.00,,
551,9.1833,7.8003,pistol,1,0,-1,0,112.9,-389,921,,0,,,,,1.00,1.00,1.00,1.00,,
552,9.2000,7.8170,pistol,1,0,-1,0,112.9,-389,921,,0,,,,,1.00,1.00,1.00,1.00,,
553,9.2167,7.8337,pistol,1,0,-1,0,112.8,-388,922,,0,,,,,1.00,1.00,1.00,1.00,,
554,9.2333,7.8503,pistol,1,0,-1,1,-80.3,168,-986,,0,,,,,1.00,1.00,1.00,0.35,,
555,9.2500,7.8670,pistol,1,0,-1,1,-80.1,172,-985,,0,,,,,1.00,1.00,1.00,0.39,,
556,9.2667,7.8837,pistol,1,0,-1,1,-79.9,175,-985,,0,,,,,1.00,1.00,1.00,0.32,,
557,9.2833,7.9003,pistol,1,0,-1,1,-79.8,177,-984,,0,,,,,1.00,1.00,1.00,0.43,,
558,9.3000,7.9170,pistol,1,0,-1,0,-55.0,574,-819,,0,,,,,1.00,1.00,1.00,0.00,,
559,9.3167,7.9337,pistol,1,0,-1,0,172.1,-991,137,,0,,,,,1.00,1.00,1.00,1.00,,
560,9.3333,7.9503,pistol,1,0,-1,0,172.1,-991,137,,0,,,,,1.00,1.00,1.00,1.00,,
561,9.3500,7.9670,pistol,1,0,-1,0,172.1,-991,137,,0,,,,,1.00,1.00,1.00,1.00,,
562,9.3667,7.9837,pistol,1,0,-1,0,172.1,-991,137,,0,,,,,1.00,1.00,1.00,1.00,,
563,9.3833,8.0003,pistol,1,0,-1,0,172.1,-991,137,,0,,,,,1.00,1.00,1.00,1.00,,
564,9.4000,8.0170,pistol,1,0,-1,0,172.1,-991,137,,0,,,,,1.00,1.00,1.00,1.00,,
565,9.4167,8.0337,pistol,1,0,-1,0,-174.3,-995,-99,,0,,,,,1.00,1.00,1.00,1.00,,
566,9.4333,8.0503,pistol,1,0,-1,0,-143.6,-805,-593,,0,,,,,1.00,1.00,1.00,1.00,,
567,9.4500,8.0670,pistol,1,0,-1,0,-167.0,-974,-225,,0,,,,,1.00,1.00,1.00,1.00,,
568,9.4667,8.0837,pistol,1,0,-1,0,-167.0,-974,-225,,0,,,,,1.00,1.00,1.00,1.00,,
569,9.4833,8.1003,pistol,1,0,-1,0,145.2,-821,571,,0,,,,,1.00,1.00,1.00,0.17,,
570,9.5000,8.1170,pistol,1,0,-1,0,-25.4,903,-429,,0,,,,,1.00,1.00,1.00,0.00,,
571,9.5167,8.1337,pistol,1,0,-1,1,135.5,-713,701,,0,,,,,1.00,1.00,1.00,0.04,,
572,9.5333,8.1503,pistol,1,0,-1,0,135.3,-711,703,,0,,,,,1.00,1.00,1.00,0.54,,
573,9.5500,8.1670,pistol,1,0,-1,0,135.3,-711,703,,0,,,,,1.00,1.00,1.00,1.00,,
574,9.5667,8.1837,pistol,1,0,-1,0,-113.9,-405,-914,,0,,,,,1.00,1.00,1.00,0.82,,
575,9.5833,8.2003,pistol,1,0,-1,0,176.0,-998,70,,0,,,,,1.00,1.00,1.00,1.00,,
576,9.6000,8.2170,pistol,1,0,-1,0,135.3,-711,703,,0,,,,,1.00,1.00,1.00,1.00,,
577,9.6167,8.2337,pistol,1,0,-1,0,127.9,-614,789,,0,,,,,1.00,1.00,1.00,1.00,,
578,9.6333,8.2503,pistol,1,0,-1,0,111.3,-363,932,,0,,,,,1.00,1.00,1.00,1.00,,
579,9.6500,8.2670,pistol,1,0,-1,0,13.1,974,227,,0,,,,,1.00,1.00,1.00,1.00,,
580,9.6667,8.2837,pistol,1,0,-1,0,13.1,974,227,,0,,,,,1.00,1.00,1.00,1.00,,
581,9.6833,8.3003,pistol,1,0,-1,0,13.1,974,227,,0,,,,,1.00,1.00,1.00,1.00,,
582,9.7000,8.3170,pistol,1,0,-1,0,13.1,974,227,,0,,,,,1.00,1.00,1.00,1.00,,
583,9.7167,8.3337,pistol,1,0,-1,0,27.3,889,459,,0,,,,,1.00,1.00,1.00,1.00,,
584,9.7333,8.3503,pistol,1,0,-1,0,132.6,-677,736,,0,,,,,1.00,1.00,1.00,1.00,,
585,9.7500,8.3670,pistol,1,0,-1,0,132.6,-677,736,,0,,,,,1.00,1.00,1.00,1.00,,
586,9.7667,8.3837,pistol,1,0,-1,0,132.6,-677,736,,0,,,,,1.00,1.00,1.00,1.00,,
587,9.7833,8.4003,pistol,1,0,-1,0,132.6,-677,736,,0,,,,,1.00,1.00,1.00,1.00,,
588,9.8000,8.4170,pistol,1,0,-1,0,152.8,-889,457,,0,,,,,1.00,1.00,1.00,1.00,,
589,9.8167,8.4337,pistol,1,0,-1,0,-78.7,196,-981,,0,,,,,1.00,1.00,1.00,0.59,,
590,9.8333,8.4503,pistol,1,0,-1,0,-72.5,301,-954,,0,,,,,1.00,1.00,1.00,0.01,,
591,9.8500,8.4670,pistol,1,0,-1,0,12.3,977,213,,0,,,,,1.00,1.00,0.84,1.00,,
592,9.8667,8.4837,pistol,1,0,-1,0,8.3,990,144,,0,,,,,1.00,1.00,0.64,1.00,,
593,9.8833,8.5003,pistol,1,0,-1,0,62.6,460,888,,0,,,,,1.00,1.00,0.61,1.00,,
594,9.9000,8.5170,pistol,1,0,-1,0,56.2,556,831,,0,,,,,1.00,1.00,0.65,1.00,,
595,9.9167,8.5337,pistol,1,0,-1,0,18.7,947,321,,0,,,,,1.00,1.00,0.63,1.00,,
596,9.9333,8.5503,pistol,1,0,-1,0,18.7,947,321,,0,,,,,1.00,1.00,0.63,1.00,,
597,9.9500,8.5670,pistol,1,0,-1,0,18.7,947,321,,0,,,,,1.00,1.00,0.68,1.00,,
598,9.9667,8.5837,pistol,1,0,-1,0,115.0,-423,906,,0,,,,,1.00,1.00,0.68,1.00,,
599,9.9833,8.6003,pistol,1,0,-1,0,140.9,-776,631,,0,,,,,1.00,1.00,0.68,1.00,,
600,10.0000,8.6170,pistol,1,0,-1,0,140.9,-776,631,,0,,,,,1.00,1.00,0.65,1.00,,
601,10.0167,8.6337,pistol,1,0,-1,0,140.9,-776,631,,0,,,,,1.00,1.00,0.63,1.00,,
602,10.0333,8.6503,pistol,1,0,-1,0,140.9,-776,631,,0,,,,,1.00,1.00,0.63,1.00,,
603,10.0500,8.6670,pistol,1,0,-1,0,140.9,-776,631,,0,,,,,1.00,1.00,0.63,1.00,,
604,10.0667,8.6837,pistol,1,0,-1,0,140.9,-776,631,,0,,,,,1.00,1.00,0.63,1.00,,
605,10.0833,8.7003,pistol,1,0,-1,0,-150.9,-874,-486,,0,,,,,1.00,1.00,0.63,1.00,,
606,10.1000,8.7170,pistol,1,0,-1,0,-112.5,-383,-924,,0,,,,,1.00,1.00,0.63,0.87,,
607,10.1167,8.7337,pistol,1,0,-1,0,-112.5,-383,-924,,0,,,,,1.00,1.00,0.63,0.86,,
608,10.1333,8.7503,pistol,1,0,-1,0,-112.5,-383,-924,,0,,,,,1.00,1.00,0.61,0.84,,
609,10.1500,8.7670,pistol,1,0,-1,0,-112.1,-376,-927,,0,,,,,1.00,1.00,0.64,0.87,,
610,10.1667,8.7837,pistol,1,0,-1,0,-108.4,-316,-949,,0,,,,,1.00,1.00,1.00,0.74,,
611,10.1833,8.8003,pistol,1,0,-1,0,-107.1,-294,-956,,0,,,,,1.00,1.00,1.00,0.84,,
612,10.2000,8.8170,pistol,1,0,-1,0,-107.3,-297,-955,,0,,,,,1.00,1.00,1.00,0.85,,
613,10.2167,8.8337,pistol,1,0,-1,0,-107.1,-294,-956,,0,,,,,1.00,1.00,1.00,0.82,,
614,10.2333,8.8503,pistol,1,0,-1,0,-41.7,747,-665,,0,,,,,1.00,1.00,1.00,0.00,,
615,10.2500,8.8670,pistol,1,0,-1,0,5.3,996,92,,0,,,,,1.00,1.00,1.00,1.00,,
616,10.2667,8.8837,pistol,1,0,-1,0,8.8,988,153,,0,,,,,1.00,1.00,1.00,1.00,,
617,10.2833,8.9003,pistol,1,0,-1,0,-43.9,721,-693,,0,,,,,1.00,1.00,1.00,0.00,,
618,10.3000,8.9170,pistol,1,0,-1,0,-103.1,-227,-974,,0,,,,,1.00,1.00,1.00,0.27,,
619,10.3167,8.9337,pistol,1,0,-1,0,-103.1,-227,-974,,0,,,,,1.00,1.00,1.00,0.51,,
620,10.3333,8.9503,pistol,1,0,-1,0,-42.3,740,-673,,0,,,,,1.00,1.00,1.00,0.00,,
621,10.3500,8.9670,pistol,1,0,-1,0,17.1,956,294,,0,,,,,1.00,1.00,1.00,1.00,,
622,10.3667,8.9837,pistol,1,0,-1,0,17.2,955,296,,0,,,,,1.00,1.00,1.00,1.00,,
623,10.3833,9.0003,pistol,1,0,-1,0,17.2,955,296,,0,,,,,1.00,1.00,1.00,1.00,,
624,10.4000,9.0170,pistol,1,0,-1,0,17.1,956,294,,0,,,,,1.00,1.00,1.00,1.00,,
625,10.4167,9.0337,pistol,1,0,-1,0,17.1,956,294,,0,,,,,1.00,1.00,1.00,1.00,,
626,10.4333,9.0503,pistol,1,0,-1,0,17.2,955,296,,0,,,,,1.00,1.00,1.00,1.00,,
627,10.4500,9.0670,pistol,1,0,-1,0,17.2,955,296,,0,,,,,1.00,1.00,1.00,1.00,,
628,10.4667,9.0837,pistol,1,0,-1,0,17.1,956,294,,0,,,,,1.00,1.00,1.00,1.00,,
629,10.4833,9.1003,pistol,1,0,-1,0,17.1,956,294,,0,,,,,1.00,1.00,1.00,1.00,,
630,10.5000,9.1170,pistol,1,0,-1,0,-29.7,869,-495,,0,,,,,1.00,1.00,1.00,0.56,,
631,10.5167,9.1337,pistol,1,0,-1,0,-177.0,-999,-52,,0,,,,,1.00,1.00,1.00,1.00,,
632,10.5333,9.1503,pistol,1,0,-1,0,115.7,-434,901,,0,,,,,1.00,1.00,1.00,1.00,,
633,10.5500,9.1670,pistol,1,0,-1,0,115.7,-434,901,,0,,,,,1.00,1.00,1.00,1.00,,
634,10.5667,9.1837,pistol,1,0,-1,0,48.1,668,744,,0,,,,,1.00,1.00,1.00,1.00,,
635,10.5833,9.2003,pistol,1,0,-1,0,43.0,731,682,,0,,,,,1.00,1.00,1.00,1.00,,
636,10.6000,9.2170,pistol,1,0,-1,0,43.0,731,682,,0,,,,,1.00,1.00,1.00,1.00,,
637,10.6167,9.2337,pistol,1,0,-1,0,13.3,973,230,,0,,,,,1.00,1.00,1.00,1.00,,
638,10.6333,9.2503,pistol,1,0,-1,0,8.1,990,141,,0,,,,,1.00,1.00,1.00,0.00,,
639,10.6500,9.2670,pistol,1,0,-1,0,-117.5,-462,-887,,0,,,,,1.00,1.00,1.00,0.88,,
640,10.6667,9.2837,pistol,1,0,-1,0,-125.1,-575,-818,,0,,,,,1.00,1.00,1.00,1.00,,
641,10.6833,9.3003,pistol,1,0,-1,0,-127.8,-613,-790,,0,,,,,1.00,1.00,1.00,1.00,,
642,10.7000,9.3170,pistol,1,0,-1,0,-101.6,-201,-980,,0,,,,,1.00,1.00,1.00,0.35,,
643,10.7167,9.3337,pistol,1,0,-1,0,-86.9,54,-999,,0,,,,,1.00,1.00,1.00,0.18,,
644,10.7333,9.3503,pistol,1,0,-1,0,-86.9,54,-999,,0,,,,,1.00,1.00,1.00,0.00,,
645,10.7500,9.3670,pistol,1,0,-1,0,-42.0,743,-669,,0,,,,,1.00,1.00,1.00,0.00,,
646,10.7667,9.3837,pistol,1,0,-1,0,27.0,891,454,,0,,,,,1.00,1.00,1.00,0.00,,
647,10.7833,9.4003,pistol,1,0,-1,0,-87.1,51,-999,,0,,,,,1.00,1.00,1.00,0.08,,
648,10.8000,9.4170,pistol,1,0,-1,0,-91.6,-28,-1000,,0,,,,,1.00,1.00,1.00,0.78,,
649,10.8167,9.4337,pistol,1,0,-1,0,-122.2,-533,-846,,0,,,,,1.00,1.00,0.74,0.98,,
650,10.8333,9.4503,pistol,1,0,-1,0,-122.2,-533,-846,,0,,,,,1.00,1.00,1.00,0.99,,
651,10.8500,9.4670,pistol,1,0,-1,0,-122.2,-533,-846,,0,,,,,1.00,1.00,1.00,0.98,,
652,10.8667,9.4837,pistol,1,0,-1,0,-122.2,-533,-846,,0,,,,,1.00,1.00,1.00,0.99,,
653,10.8833,9.5003,pistol,1,0,-1,0,-122.2,-533,-846,,0,,,,,1.00,1.00,1.00,1.00,,
654,10.9000,9.5170,pistol,1,0,-1,0,-122.2,-533,-846,,0,,,,,1.00,1.00,1.00,1.00,,
655,10.9167,9.5337,pistol,1,0,-1,0,-122.2,-533,-846,,0,,,,,1.00,1.00,1.00,1.00,,
656,10.9333,9.5503,pistol,1,0,-1,0,-116.6,-448,-894,,0,,,,,1.00,1.00,1.00,0.84,,
657,10.9500,9.5670,pistol,1,0,-1,0,-104.4,-249,-969,,0,,,,,1.00,1.00,1.00,0.59,,
658,10.9667,9.5837,pistol,1,0,-1,0,-104.4,-249,-969,,0,,,,,1.00,1.00,1.00,0.57,,
659,10.9833,9.6003,pistol,1,0,-1,0,-107.5,-301,-954,,0,,,,,1.00,1.00,1.00,0.82,,
660,11.0000,9.6170,pistol,1,0,-1,0,-108.4,-316,-949,,0,,,,,1.00,1.00,1.00,0.78,,
661,11.0167,9.6337,pistol,1,0,-1,0,-110.4,-349,-937,,0,,,,,1.00,1.00,1.00,0.72,,
662,11.0333,9.6503,pistol,1,0,-1,0,-121.5,-522,-853,,0,,,,,1.00,1.00,1.00,0.97,,
663,11.0500,9.6670,pistol,1,0,-1,0,-165.3,-967,-254,,0,,,,,1.00,1.00,1.00,1.00,,
664,11.0667,9.6837,pistol,1,0,-1,0,-172.7,-992,-127,,0,,,,,1.00,1.00,1.00,1.00,,
665,11.0833,9.7003,pistol,1,0,-1,0,-172.7,-992,-127,,0,,,,,1.00,1.00,1.00,1.00,,
666,11.1000,9.7170,pistol,1,0,-1,0,8.9,988,155,,0,,,,,1.00,1.00,1.00,1.00,,
667,11.1167,9.7337,pistol,1,0,-1,0,-29.8,868,-497,,0,,,,,1.00,1.00,1.00,1.00,,
668,11.1333,9.7503,pistol,1,0,-1,0,-104.4,-249,-969,,0,,,,,1.00,1.00,1.00,0.67,,
669,11.1500,9.7670,pistol,1,0,-1,0,-104.4,-249,-969,,0,,,,,1.00,1.00,1.00,0.68,,
670,11.1667,9.7837,pistol,1,0,-1,0,-104.4,-249,-969,,0,,,,,1.00,1.00,1.00,0.74,,
671,11.1833,9.8003,pistol,1,0,-1,0,-104.4,-249,-969,,0,,,,,1.00,1.00,0.50,0.58,,
672,11.2000,9.8170,pistol,1,0,-1,0,171.8,-990,143,,0,,,,,1.00,1.00,0.23,1.00,,
673,11.2167,9.8337,pistol,1,0,-1,0,73.9,277,961,,0,,,,,1.00,1.00,1.00,1.00,,
674,11.2333,9.8503,pistol,1,0,-1,1,-119.1,-486,-874,,0,,,,,1.00,1.00,1.00,0.92,,
675,11.2500,9.8670,pistol,1,0,-1,1,121.4,-521,854,,0,,,,,1.00,1.00,1.00,1.00,,
676,11.2667,9.8837,pistol,1,0,-1,1,118.4,-476,880,,0,,,,,1.00,1.00,1.00,1.00,,
677,11.2833,9.9003,pistol,1,0,-1,1,118.4,-476,880,,0,,,,,1.00,1.00,1.00,1.00,,
678,11.3000,9.9170,pistol,1,0,-1,0,130.0,-643,766,,0,,,,,1.00,1.00,1.00,1.00,,
679,11.3167,9.9337,pistol,1,0,-1,0,125.6,-582,813,,0,,,,,1.00,1.00,1.00,1.00,,
680,11.3333,9.9503,pistol,1,0,-1,0,72.8,296,955,,0,,,,,1.00,1.00,1.00,0.46,,
681,11.3500,9.9670,pistol,1,0,-1,0,78.3,203,979,,0,,,,,1.00,1.00,1.00,0.65,,
682,11.3667,9.9837,pistol,1,0,-1,0,120.5,-508,862,,0,,,,,1.00,1.00,1.00,1.00,,
683,11.3833,10.0003,pistol,1,0,-1,0,48.2,667,745,,0,,,,,1.00,1.00,1.00,0.56,,
684,11.4000,10.0170,pistol,1,0,-1,0,-6.9,993,-120,,0,,,,,1.00,1.00,1.00,1.00,,
685,11.4167,10.0337,pistol,1,0,-1,0,-6.9,993,-120,,0,,,,,1.00,1.00,1.00,1.00,,
686,11.4333,10.0503,pistol,1,0,-1,0,-6.9,993,-120,,0,,,,,1.00,1.00,1.00,1.00,,
687,11.4500,10.0670,pistol,1,0,-1,0,-6.9,993,-120,,0,,,,,1.00,1.00,1.00,1.00,,
688,11.4667,10.0837,pistol,1,0,-1,0,-7.0,993,-122,,0,,,,,1.00,1.00,1.00,1.00,,
689,11.4833,10.1003,pistol,1,0,-1,0,-66.2,404,-915,,0,,,,,1.00,1.00,1.00,1.00,,
690,11.5000,10.1170,pistol,1,0,-1,0,-84.4,98,-995,,0,,,,,1.00,1.00,1.00,0.88,,
691,11.5167,10.1337,pistol,1,0,-1,0,-84.4,98,-995,,0,,,,,1.00,1.00,1.00,0.92,,
692,11.5333,10.1503,pistol,1,0,-1,0,-84.1,103,-995,,0,,,,,1.00,1.00,1.00,0.87,,
693,11.5500,10.1670,pistol,1,0,-1,0,-84.1,103,-995,,0,,,,,1.00,1.00,1.00,0.86,,
694,11.5667,10.1837,pistol,1,0,-1,0,-84.1,103,-995,,0,,,,,1.00,1.00,1.00,0.86,,
695,11.5833,10.2003,pistol,1,0,-1,0,-84.4,98,-995,,0,,,,,1.00,1.00,1.00,0.83,,
696,11.6000,10.2170,pistol,1,0,-1,0,-84.4,98,-995,,0,,,,,1.00,1.00,1.00,0.54,,
697,11.6167,10.2337,pistol,1,0,-1,0,-94.4,-77,-997,,0,,,,,1.00,1.00,1.00,0.89,,
698,11.6333,10.2503,pistol,1,0,-1,0,-144.5,-814,-581,,0,,,,,1.00,1.00,1.00,1.00,,
699,11.6500,10.2670,pistol,1,0,-1,0,-146.7,-836,-549,,0,,,,,1.00,1.00,1.00,1.00,,
700,11.6667,10.2837,pistol,1,0,-1,0,-169.2,-982,-187,,0,,,,,1.00,1.00,1.00,1.00,,
701,11.6833,10.3003,pistol,1,0,-1,0,-176.6,-998,-59,,0,,,,,1.00,1.00,1.00,1.00,,
702,11.7000,10.3170,pistol,1,0,-1,0,-176.6,-998,-59,,0,,,,,1.00,1.00,1.00,1.00,,
703,11.7167,10.3337,pistol,1,0,-1,0,-170.6,-987,-163,,0,,,,,1.00,1.00,1.00,1.00,,
704,11.7333,10.3503,pistol,1,0,-1,0,-161.6,-949,-316,,0,,,,,1.00,1.00,1.00,1.00,,
705,11.7500,10.3670,pistol,1,0,-1,0,129.8,-640,768,,0,,,,,1.00,1.00,1.00,1.00,,
706,11.7667,10.3837,pistol,1,0,-1,0,126.3,-592,806,,0,,,,,1.00,1.00,1.00,0.13,,
707,11.7833,10.4003,pistol,1,0,-1,0,125.5,-581,814,,0,,,,,1.00,1.00,1.00,1.00,,
708,11.8000,10.4170,pistol,1,0,-1,0,159.3,-935,353,,0,,,,,1.00,1.00,1.00,0.44,,
709,11.8167,10.4337,pistol,1,0,-1,0,-118.1,-471,-882,,0,,,,,1.00,1.00,1.00,0.85,,
710,11.8333,10.4503,pistol,1,0,-1,0,-112.5,-383,-924,,0,,,,,1.00,1.00,1.00,0.84,,
711,11.8500,10.4670,pistol,1,0,-1,0,-112.5,-383,-924,,0,,,,,1.00,1.00,1.00,0.84,,
712,11.8667,10.4837,pistol,1,0,-1,0,-112.7,-386,-923,,0,,,,,1.00,1.00,1.00,0.84,,
713,11.8833,10.5003,pistol,1,0,-1,0,-91.1,-19,-1000,,0,,,,,1.00,1.00,1.00,0.84,,
714,11.9000,10.5170,pistol,1,0,-1,0,138.9,-754,657,,0,,,,,1.00,1.00,1.00,1.00,,
715,11.9167,10.5337,pistol,1,0,-1,0,136.6,-727,687,,0,,,,,1.00,1.00,1.00,1.00,,
716,11.9333,10.5503,pistol,1,0,-1,0,-111.1,-360,-933,,0,,,,,1.00,1.00,1.00,0.74,,
717,11.9500,10.5670,pistol,1,0,-1,0,-107.3,-297,-955,,0,,,,,1.00,1.00,1.00,0.84,,
718,11.9667,10.5837,pistol,1,0,-1,0,-87.9,37,-999,,0,,,,,1.00,1.00,1.00,0.92,,
719,11.9833,10.6003,pistol,1,0,-1,0,-74.4,269,-963,,0,,,,,1.00,1.00,1.00,1.00,,
720,12.0000,10.6170,pistol,1,0,-1,0,-74.4,269,-963,,0,,,,,1.00,1.00,1.00,1.00,,
721,12.0167,10.6337,pistol,1,0,-1,0,-74.2,272,-962,,0,,,,,1.00,1.00,1.00,1.00,,
722,12.0333,10.6503,pistol,1,0,-1,1,-76.3,237,-972,,0,,,,,1.00,1.00,1.00,0.95,,
723,12.0500,10.6670,pistol,1,0,-1,1,-84.1,103,-995,,0,,,,,1.00,1.00,1.00,0.87,,
724,12.0667,10.6837,pistol,1,0,-1,1,-86.3,65,-998,,0,,,,,1.00,1.00,1.00,0.27,,
725,12.0833,10.7003,pistol,1,0,-1,1,-1.2,1000,-21,,0,,,,,1.00,1.00,1.00,0.00,,
726,12.1000,10.7170,pistol,1,0,-1,0,6.4,994,111,,0,,,,,1.00,1.00,1.00,0.00,,
727,12.1167,10.7337,pistol,1,0,-1,0,-85.9,71,-997,,0,,,,,1.00,1.00,1.00,0.00,,
728,12.1333,10.7503,pistol,1,0,-1,0,-84.8,91,-996,,0,,,,,1.00,1.00,1.00,0.00,,
729,12.1500,10.7670,pistol,1,0,-1,0,-67.5,383,-924,,0,,,,,1.00,1.00,1.00,1.00,,
730,12.1667,10.7837,pistol,1,0,-1,0,-67.4,384,-923,,0,,,,,1.00,1.00,1.00,1.00,,
731,12.1833,10.8003,pistol,1,0,-1,0,-60.6,491,-871,,0,,,,,1.00,1.00,1.00,1.00,,
732,12.2000,10.8170,pistol,1,0,-1,0,-59.1,514,-858,,0,,,,,1.00,1.00,1.00,1.00,,
733,12.2167,10.8337,pistol,1,0,-1,0,-63.0,454,-891,,0,,,,,1.00,1.00,1.00,1.00,,
734,12.2333,10.8503,pistol,1,0,-1,0,-67.9,376,-927,,0,,,,,1.00,1.00,1.00,1.00,,
735,12.2500,10.8670,pistol,1,0,-1,0,-34.0,829,-559,,0,,,,,1.00,1.00,1.00,0.98,,
736,12.2667,10.8837,pistol,1,0,-1,0,-43.4,727,-687,,0,,,,,1.00,1.00,1.00,1.00,,
737,12.2833,10.9003,pistol,1,0,-1,0,-10.6,983,-184,,0,,,,,1.00,1.00,1.00,0.50,,
738,12.3000,10.9170,pistol,1,0,-1,0,6.1,994,106,,0,,,,,1.00,1.00,1.00,1.00,,
739,12.3167,10.9337,pistol,1,0,-1,0,45.1,706,708,,0,,,,,1.00,1.00,1.00,1.00,,
740,12.3333,10.9503,pistol,1,0,-1,0,127.0,-602,799,,0,,,,,1.00,1.00,1.00,1.00,,
741,12.3500,10.9670,pistol,1,0,-1,0,127.0,-602,799,,0,,,,,1.00,1.00,1.00,1.00,,
742,12.3667,10.9837,pistol,1,0,-1,0,127.0,-602,799,,0,,,,,1.00,1.00,1.00,1.00,,
743,12.3833,11.0003,pistol,1,0,-1,0,127.0,-602,799,,0,,,,,1.00,1.00,1.00,1.00,,
744,12.4000,11.0170,pistol,1,0,-1,0,127.0,-602,799,,0,,,,,1.00,1.00,1.00,1.00,,
745,12.4167,11.0337,pistol,1,0,-1,0,122.0,-530,848,,0,,,,,1.00,1.00,1.00,0.58,,
746,12.4333,11.0503,pistol,1,0,-1,0,108.6,-319,948,,0,,,,,1.00,1.00,1.00,0.57,,
747,12.4500,11.0670,pistol,1,0,-1,0,108.5,-317,948,,0,,,,,1.00,1.00,1.00,0.52,,
748,12.4667,11.0837,pistol,1,0,-1,0,108.6,-319,948,,0,,,,,1.00,1.00,1.00,0.37,,
749,12.4833,11.1003,pistol,1,0,-1,0,108.5,-317,948,,0,,,,,1.00,1.00,1.00,1.00,,
750,12.5000,11.1170,pistol,1,0,-1,0,108.5,-317,948,,0,,,,,1.00,1.00,1.00,0.21,,
751,12.5167,11.1337,pistol,1,0,-1,0,108.5,-317,948,,0,,,,,1.00,1.00,1.00,0.98,,
752,12.5333,11.1503,pistol,1,0,-1,0,112.4,-381,925,,0,,,,,1.00,1.00,1.00,1.00,,
753,12.5500,11.1670,pistol,1,0,-1,0,129.3,-633,774,,0,,,,,1.00,1.00,1.00,1.00,,
754,12.5667,11.1837,pistol,1,0,-1,0,132.4,-674,738,,0,,,,,1.00,1.00,1.00,0.35,,
755,12.5833,11.2003,pistol,1,0,-1,0,123.4,-550,835,,0,,,,,1.00,1.00,1.00,0.00,,
756,12.6000,11.2170,pistol,1,0,-1,0,132.7,-678,735,,0,,,,,1.00,1.00,1.00,0.75,,
757,12.6167,11.2337,pistol,1,0,-1,0,132.7,-678,735,,0,,,,,1.00,1.00,1.00,1.00,,
758,12.6333,11.2503,pistol,1,0,-1,0,133.6,-690,724,,0,,,,,1.00,1.00,1.00,1.00,,
759,12.6500,11.2670,pistol,1,0,-1,0,-90.4,-7,-1000,,0,,,,,1.00,1.00,1.00,0.01,,
760,12.6667,11.2837,pistol,1,0,-1,0,-90.4,-7,-1000,,0,,,,,1.00,1.00,1.00,0.07,,
761,12.6833,11.3003,pistol,1,0,-1,0,-95.2,-91,-996,,0,,,,,1.00,1.00,1.00,0.77,,
762,12.7000,11.3170,pistol,1,0,-1,0,-167.4,-976,-218,,0,,,,,1.00,1.00,1.00,1.00,,
763,12.7167,11.3337,pistol,1,0,-1,0,133.6,-690,724,,0,,,,,1.00,1.00,1.00,1.00,,
764,12.7333,11.3503,pistol,1,0,-1,0,-98.7,-151,-988,,0,,,,,1.00,1.00,1.00,0.65,,
765,12.7500,11.3670,pistol,1,0,-1,0,-98.7,-151,-988,,0,,,,,1.00,1.00,1.00,0.54,,
766,12.7667,11.3837,pistol,1,0,-1,0,-98.7,-151,-988,,0,,,,,1.00,1.00,1.00,0.53,,
767,12.7833,11.4003,pistol,1,0,-1,0,168.2,-979,204,,0,,,,,1.00,1.00,1.00,1.00,,
768,12.8000,11.4170,pistol,1,0,-1,0,144.9,-818,575,,0,,,,,1.00,1.00,1.00,1.00,,
769,12.8167,11.4337,pistol,1,0,-1,0,156.7,-918,396,,0,,,,,1.00,1.00,1.00,1.00,,
770,12.8333,11.4503,pistol,1,0,-1,0,156.9,-920,392,,0,,,,,1.00,1.00,1.00,1.00,,
771,12.8500,11.4670,pistol,1,0,-1,0,159.4,-936,352,,0,,,,,1.00,1.00,1.00,1.00,,
772,12.8667,11.4837,pistol,1,0,-1,0,159.4,-936,352,,0,,,,,1.00,1.00,1.00,1.00,,
773,12.8833,11.5003,pistol,1,0,-1,0,159.4,-936,352,,0,,,,,1.00,1.00,1.00,1.00,,
774,12.9000,11.5170,pistol,1,0,-1,0,131.0,-656,755,,0,,,,,1.00,1.00,1.00,1.00,,
775,12.9167,11.5337,pistol,1,0,-1,0,122.4,-536,844,,0,,,,,1.00,1.00,1.00,1.00,,
776,12.9333,11.5503,pistol,1,0,-1,0,159.4,-936,352,,0,,,,,1.00,1.00,1.00,1.00,,
777,12.9500,11.5670,pistol,1,0,-1,0,159.4,-936,352,,0,,,,,1.00,1.00,1.00,1.00,,
778,12.9667,11.5837,pistol,1,0,-1,0,113.0,-391,921,,0,,,,,1.00,1.00,1.00,0.40,,
779,12.9833,11.6003,pistol,1,0,-1,0,143.8,-807,591,,0,,,,,1.00,1.00,1.00,1.00,,
780,13.0000,11.6170,pistol,1,0,-1,0,-161.5,-948,-317,,0,,,,,1.00,1.00,1.00,1.00,,
781,13.0167,11.6337,pistol,1,0,-1,0,-165.9,-970,-244,,0,,,,,1.00,1.00,1.00,1.00,,
782,13.0333,11.6503,pistol,1,0,-1,0,115.7,-434,901,,0,,,,,1.00,1.00,1.00,0.22,,
783,13.0500,11.6670,pistol,1,0,-1,0,115.6,-432,902,,0,,,,,1.00,1.00,1.00,0.57,,
784,13.0667,11.6837,pistol,1,0,-1,0,116.0,-438,899,,0,,,,,1.00,1.00,1.00,0.03,,
785,13.0833,11.7003,pistol,1,0,-1,0,24.6,909,416,,0,,,,,1.00,1.00,1.00,0.41,,
786,13.1000,11.7170,pistol,1,0,-1,0,-16.7,958,-287,,0,,,,,1.00,1.00,1.00,1.00,,
787,13.1167,11.7337,pistol,1,0,-1,0,-29.4,871,-491,,0,,,,,1.00,1.00,1.00,1.00,,
788,13.1333,11.7503,pistol,1,0,-1,0,-169.8,-984,-177,,0,,,,,1.00,1.00,1.00,1.00,,
789,13.1500,11.7670,pistol,1,0,-1,0,-169.8,-984,-177,,0,,,,,1.00,1.00,1.00,1.00,,
790,13.1667,11.7837,pistol,1,0,-1,0,-169.8,-984,-177,,0,,,,,1.00,1.00,1.00,1.00,,
791,13.1833,11.8003,pistol,1,0,-1,0,-44.4,714,-700,,0,,,,,1.00,1.00,1.00,1.00,,
792,13.2000,11.8170,pistol,1,0,-1,0,-35.3,816,-578,,0,,,,,1.00,1.00,1.00,1.00,,
793,13.2167,11.8337,pistol,1,0,-1,0,-35.3,816,-578,,0,,,,,1.00,1.00,1.00,1.00,,
794,13.2333,11.8503,pistol,1,0,-1,0,-35.3,816,-578,,0,,,,,1.00,1.00,1.00,1.00,,
795,13.2500,11.8670,pistol,1,0,-1,0,-35.3,816,-578,,0,,,,,1.00,1.00,1.00,1.00,,
796,13.2667,11.8837,pistol,1,0,-1,0,-35.3,816,-578,,0,,,,,1.00,1.00,1.00,1.00,,
797,13.2833,11.9003,pistol,1,0,-1,0,52.5,609,793,,0,,,,,1.00,1.00,1.00,1.00,,
798,13.3000,11.9170,pistol,1,0,-1,0,82.8,125,992,,0,,,,,1.00,1.00,1.00,1.00,,
799,13.3167,11.9337,pistol,1,0,-1,0,82.8,125,992,,0,,,,,1.00,1.00,1.00,1.00,,
800,13.3333,11.9503,pistol,1,0,-1,0,82.8,125,992,,0,,,,,1.00,1.00,1.00,1.00,,
801,13.3500,11.9670,pistol,1,0,-1,0,103.9,-240,971,,0,,,,,1.00,1.00,1.00,1.00,,
802,13.3667,11.9837,pistol,1,0,-1,0,-147.7,-845,-534,,0,,,,,1.00,1.00,1.00,1.00,,
803,13.3833,12.0003,pistol,1,0,-1,0,-127.4,-607,-794,,0,,,,,1.00,1.00,1.00,1.00,,
804,13.4000,12.0170,pistol,1,0,-1,0,-118.1,-471,-882,,0,,,,,1.00,1.00,1.00,0.87,,
805,13.4167,12.0337,pistol,1,0,-1,0,-128.7,-625,-780,,0,,,,,1.00,1.00,1.00,1.00,,
806,13.4333,12.0503,pistol,1,0,-1,0,-141.7,-785,-620,,0,,,,,1.00,1.00,1.00,1.00,,
807,13.4500,12.0670,pistol,1,0,-1,0,-99.8,-170,-985,,0,,,,,1.00,1.00,1.00,0.70,,
808,13.4667,12.0837,pistol,1,0,-1,0,-99.8,-170,-985,,0,,,,,1.00,1.00,1.00,0.67,,
809,13.4833,12.1003,pistol,1,0,-1,0,-104.4,-249,-969,,0,,,,,1.00,1.00,1.00,0.65,,
810,13.5000,12.1170,pistol,1,0,-1,0,-103.5,-233,-972,,0,,,,,1.00,1.00,1.00,0.64,,
811,13.5167,12.1337,pistol,1,0,-1,0,-106.9,-291,-957,,0,,,,,1.00,1.00,1.00,0.73,,
812,13.5333,12.1503,pistol,1,0,-1,0,-113.9,-405,-914,,0,,,,,1.00,1.00,1.00,0.84,,
813,13.5500,12.1670,pistol,1,0,-1,0,-113.9,-405,-914,,0,,,,,1.00,1.00,1.00,0.83,,
814,13.5667,12.1837,pistol,1,0,-1,0,-128.9,-628,-778,,0,,,,,1.00,1.00,1.00,1.00,,
815,13.5833,12.2003,pistol,1,0,-1,0,-145.6,-825,-565,,0,,,,,1.00,1.00,1.00,1.00,,
816,13.6000,12.2170,pistol,1,0,-1,0,-128.8,-627,-779,,0,,,,,1.00,1.00,1.00,1.00,,
817,13.6167,12.2337,pistol,1,0,-1,0,-141.2,-779,-627,,0,,,,,1.00,1.00,1.00,1.00,,
818,13.6333,12.2503,pistol,1,0,-1,0,153.9,-898,440,,0,,,,,1.00,1.00,1.00,1.00,,
819,13.6500,12.2670,pistol,1,0,-1,0,-113.7,-402,-916,,0,,,,,1.00,1.00,1.00,0.83,,
820,13.6667,12.2837,pistol,1,0,-1,0,-111.1,-360,-933,,0,,,,,1.00,1.00,1.00,0.74,,
821,13.6833,12.3003,pistol,1,0,-1,0,160.8,-944,329,,0,,,,,1.00,1.00,1.00,1.00,,
822,13.7000,12.3170,pistol,1,0,-1,0,146.9,-838,546,,0,,,,,1.00,1.00,1.00,0.73,,
823,13.7167,12.3337,pistol,1,0,-1,0,146.8,-837,548,,0,,,,,1.00,1.00,1.00,1.00,,
824,13.7333,12.3503,pistol,1,0,-1,1,139.7,-763,647,,0,,,,,1.00,1.00,1.00,1.00,,
825,13.7500,12.3670,pistol,1,0,-1,1,117.8,-466,885,,0,,,,,1.00,1.00,1.00,1.00,,
826,13.7667,12.3837,pistol,1,0,-1,0,115.6,-432,902,,0,,,,,1.00,1.00,1.00,1.00,,
827,13.7833,12.4003,pistol,1,0,-1,0,115.6,-432,902,,0,,,,,1.00,1.00,1.00,1.00,,
828,13.8000,12.4170,pistol,1,0,-1,0,115.7,-434,901,,0,,,,,1.00,1.00,1.00,1.00,,
829,13.8167,12.4337,pistol,1,0,-1,0,63.7,443,896,,0,,,,,1.00,1.00,1.00,1.00,,
830,13.8333,12.4503,pistol,1,0,-1,0,-49.3,652,-758,,0,,,,,1.00,1.00,1.00,1.00,,
831,13.8500,12.4670,pistol,1,0,-1,0,-49.3,652,-758,,0,,,,,1.00,1.00,1.00,1.00,,
832,13.8667,12.4837,pistol,1,0,-1,0,-49.3,652,-758,,0,,,,,1.00,1.00,1.00,1.00,,
833,13.8833,12.5003,pistol,1,0,-1,0,-20.9,934,-357,,0,,,,,1.00,1.00,1.00,1.00,,
834,13.9000,12.5170,pistol,1,0,-1,0,4.4,997,77,,0,,,,,1.00,1.00,1.00,1.00,,
835,13.9167,12.5337,pistol,1,0,-1,0,4.4,997,77,,0,,,,,1.00,1.00,1.00,1.00,,
836,13.9333,12.5503,pistol,1,0,-1,0,-7.0,993,-122,,0,,,,,1.00,1.00,1.00,1.00,,
837,13.9500,12.5670,pistol,1,0,-1,0,-33.8,831,-556,,0,,,,,1.00,1.00,1.00,1.00,,
838,13.9667,12.5837,pistol,1,0,-1,0,-33.8,831,-556,,0,,,,,1.00,1.00,1.00,1.00,,
839,13.9833,12.6003,pistol,1,0,-1,0,61.7,474,880,,0,,,,,1.00,1.00,1.00,1.00,,
840,14.0000,12.6170,pistol,1,0,-1,0,82.8,125,992,,0,,,,,1.00,1.00,1.00,1.00,,
841,14.0167,12.6337,pistol,1,0,-1,0,82.8,125,992,,0,,,,,1.00,1.00,1.00,1.00,,
842,14.0333,12.6503,pistol,1,0,-1,0,82.8,125,992,,0,,,,,1.00,1.00,1.00,1.00,,
843,14.0500,12.6670,pistol,1,0,-1,0,82.8,125,992,,0,,,,,1.00,1.00,1.00,1.00,,
844,14.0667,12.6837,pistol,1,0,-1,0,82.8,125,992,,0,,,,,1.00,1.00,1.00,1.00,,
845,14.0833,12.7003,pistol,1,0,-1,0,82.8,125,992,,0,,,,,1.00,1.00,1.00,1.00,,
846,14.1000,12.7170,pistol,1,0,-1,0,52.4,610,792,,0,,,,,1.00,1.00,1.00,1.00,,
847,14.1167,12.7337,pistol,1,0,-1,0,35.8,811,585,,0,,,,,1.00,1.00,1.00,1.00,,
848,14.1333,12.7503,pistol,1,0,-1,0,34.3,826,564,,0,,,,,1.00,1.00,1.00,1.00,,
849,14.1500,12.7670,pistol,1,0,-1,0,-148.8,-855,-518,,0,,,,,1.00,1.00,1.00,0.00,,
850,14.1667,12.7837,pistol,1,0,-1,0,-154.9,-906,-424,,0,,,,,1.00,1.00,1.00,0.00,,
851,14.1833,12.8003,pistol,1,0,-1,0,-8.7,988,-151,,0,,,,,1.00,1.00,1.00,1.00,,
852,14.2000,12.8170,pistol,1,0,-1,0,4.4,997,77,,0,,,,,1.00,1.00,1.00,1.00,,
853,14.2167,12.8337,pistol,1,0,-1,0,4.4,997,77,,0,,,,,1.00,1.00,1.00,1.00,,
854,14.2333,12.8503,pistol,1,0,-1,0,4.4,997,77,,0,,,,,1.00,1.00,1.00,1.00,,
855,14.2500,12.8670,pistol,1,0,-1,0,4.4,997,77,,0,,,,,1.00,1.00,1.00,1.00,,
856,14.2667,12.8837,pistol,1,0,-1,0,4.4,997,77,,0,,,,,1.00,1.00,1.00,1.00,,
857,14.2833,12.9003,pistol,1,0,-1,0,4.4,997,77,,0,,,,,1.00,1.00,1.00,1.00,,
858,14.3000,12.9170,pistol,1,0,-1,0,4.4,997,77,,0,,,,,1.00,1.00,1.00,1.00,,
859,14.3167,12.9337,pistol,1,0,-1,0,4.4,997,77,,0,,,,,1.00,1.00,1.00,1.00,,
860,14.3333,12.9503,pistol,1,0,-1,0,4.4,997,77,,0,,,,,1.00,1.00,1.00,1.00,,
861,14.3500,12.9670,pistol,1,0,-1,0,4.4,997,77,,0,,,,,1.00,1.00,1.00,1.00,,
862,14.3667,12.9837,pistol,1,0,-1,0,4.4,997,77,,0,,,,,1.00,1.00,1.00,1.00,,
863,14.3833,13.0003,pistol,1,0,-1,0,4.4,997,77,,0,,,,,1.00,1.00,1.00,1.00,,
864,14.4000,13.0170,pistol,1,0,-1,0,4.4,997,77,,0,,,,,1.00,1.00,1.00,1.00,,
865,14.4167,13.0337,pistol,1,0,-1,0,4.4,997,77,,0,,,,,1.00,1.00,1.00,1.00,,
866,14.4333,13.0503,pistol,1,0,-1,0,4.4,997,77,,0,,,,,1.00,1.00,1.00,1.00,,
867,14.4500,13.0670,pistol,1,0,-1,0,4.4,997,77,,0,,,,,1.00,1.00,1.00,1.00,,
868,14.4667,13.0837,pistol,1,0,-1,0,4.4,997,77,,0,,,,,1.00,1.00,1.00,1.00,,
869,14.4833,13.1003,pistol,1,0,-1,0,62.3,465,885,,0,,,,,1.00,1.00,1.00,0.45,,
870,14.5000,13.1170,pistol,1,0,-1,0,48.3,665,747,,0,,,,,1.00,1.00,1.00,0.44,,
871,14.5167,13.1337,pistol,1,0,-1,0,50.0,643,766,,0,,,,,1.00,1.00,1.00,1.00,,
872,14.5333,13.1503,pistol,1,0,-1,0,115.7,-434,901,,0,,,,,1.00,1.00,1.00,1.00,,
873,14.5500,13.1670,pistol,1,0,-1,0,115.7,-434,901,,0,,,,,1.00,1.00,1.00,1.00,,
874,14.5667,13.1837,pistol,1,0,-1,0,103.9,-240,971,,0,,,,,1.00,1.00,1.00,0.50,,
875,14.5833,13.2003,pistol,1,0,-1,0,118.1,-471,882,,0,,,,,1.00,1.00,1.00,1.00,,
876,14.6000,13.2170,pistol,1,0,-1,0,128.3,-620,785,,0,,,,,1.00,1.00,1.00,1.00,,
877,14.6167,13.2337,pistol,1,0,-1,0,128.3,-620,785,,0,,,,,1.00,1.00,1.00,1.00,,
878,14.6333,13.2503,pistol,1,0,-1,0,128.3,-620,785,,0,,,,,1.00,1.00,1.00,1.00,,
879,14.6500,13.2670,pistol,1,0,-1,0,128.3,-620,785,,0,,,,,1.00,1.00,1.00,1.00,,
880,14.6667,13.2837,pistol,1,0,-1,0,128.3,-620,785,,0,,,,,1.00,1.00,1.00,1.00,,
881,14.6833,13.3003,pistol,1,0,-1,0,101.9,-206,979,,0,,,,,1.00,1.00,1.00,1.00,,
882,14.7000,13.3170,pistol,1,0,-1,0,82.8,125,992,,0,,,,,1.00,1.00,1.00,1.00,,
883,14.7167,13.3337,pistol,1,0,-1,0,82.8,125,992,,0,,,,,1.00,1.00,1.00,1.00,,
884,14.7333,13.3503,pistol,1,0,-1,0,64.9,424,906,,0,,,,,1.00,1.00,1.00,1.00,,
885,14.7500,13.3670,pistol,1,0,-1,0,-12.4,977,-215,,0,,,,,1.00,1.00,1.00,1.00,,
886,14.7667,13.3837,pistol,1,0,-1,0,-135.0,-707,-707,,0,,,,,1.00,1.00,1.00,1.00,,
887,14.7833,13.4003,pistol,1,0,-1,0,-136.1,-721,-693,,0,,,,,1.00,1.00,1.00,0.68,,
888,14.8000,13.4170,pistol,1,0,-1,0,-127.7,-612,-791,,0,,,,,1.00,1.00,1.00,0.98,,
889,14.8167,13.4337,pistol,1,0,-1,0,-152.8,-889,-457,,0,,,,,1.00,1.00,1.00,0.00,,
890,14.8333,13.4503,pistol,1,0,-1,0,-65.5,415,-910,,0,,,,,1.00,1.00,1.00,0.00,,
891,14.8500,13.4670,pistol,1,0,-1,0,-129.4,-635,-773,,0,,,,,1.00,1.00,1.00,1.00,,
892,14.8667,13.4837,pistol,1,0,-1,0,-129.4,-635,-773,,0,,,,,1.00,1.00,1.00,1.00,,
893,14.8833,13.5003,pistol,1,0,-1,0,-129.4,-635,-773,,0,,,,,1.00,1.00,1.00,1.00,,
894,14.9000,13.5170,pistol,1,0,-1,0,-115.6,-432,-902,,0,,,,,1.00,1.00,1.00,0.82,,
895,14.9167,13.5337,pistol,1,0,-1,0,-105.4,-266,-964,,0,,,,,1.00,1.00,1.00,0.73,,
896,14.9333,13.5503,pistol,1,0,-1,0,-105.4,-266,-964,,0,,,,,1.00,1.00,1.00,0.67,,
897,14.9500,13.5670,pistol,1,0,-1,0,-105.4,-266,-964,,0,,,,,1.00,1.00,1.00,0.68,,
898,14.9667,13.5837,pistol,1,0,-1,0,-98.7,-151,-988,,0,,,,,1.00,1.00,1.00,0.62,,
899,14.9833,13.6003,pistol,1,0,-1,0,-95.4,-94,-996,,0,,,,,1.00,1.00,1.00,0.84,,
900,15.0000,13.6170,pistol,1,0,-1,0,-99.8,-170,-985,,0,,,,,1.00,1.00,1.00,0.73,,
901,15.0167,13.6337,pistol,1,0,-1,0,-105.4,-266,-964,,0,,,,,1.00,1.00,1.00,0.72,,
902,15.0333,13.6503,pistol,1,0,-1,0,-105.5,-267,-964,,0,,,,,1.00,1.00,1.00,0.75,,
903,15.0500,13.6670,pistol,1,0,-1,0,-105.5,-267,-964,,0,,,,,1.00,1.00,1.00,0.70,,
904,15.0667,13.6837,pistol,1,0,-1,0,169.8,-984,177,,0,,,,,1.00,1.00,1.00,1.00,,
905,15.0833,13.7003,pistol,1,0,-1,0,-134.9,-706,-708,,0,,,,,1.00,1.00,1.00,1.00,,
906,15.1000,13.7170,pistol,1,0,-1,0,-98.7,-151,-988,,0,,,,,1.00,1.00,1.00,0.58,,
907,15.1167,13.7337,pistol,1,0,-1,0,-98.7,-151,-988,,0,,,,,1.00,1.00,1.00,0.59,,
908,15.1333,13.7503,pistol,1,0,-1,0,-98.7,-151,-988,,0,,,,,1.00,1.00,1.00,0.64,,
909,15.1500,13.7670,pistol,1,0,-1,0,-98.7,-151,-988,,0,,,,,1.00,1.00,1.00,0.59,,
910,15.1667,13.7837,pistol,1,0,-1,0,-98.7,-151,-988,,0,,,,,1.00,1.00,1.00,0.67,,
911,15.1833,13.8003,pistol,1,0,-1,0,-96.0,-105,-995,,0,,,,,1.00,1.00,1.00,0.81,,
912,15.2000,13.8170,pistol,1,0,-1,0,-83.8,108,-994,,0,,,,,1.00,1.00,1.00,0.92,,
913,15.2167,13.8337,pistol,1,0,-1,0,-55.6,565,-825,,0,,,,,1.00,1.00,1.00,1.00,,
914,15.2333,13.8503,pistol,1,0,-1,0,-28.7,877,-480,,0,,,,,1.00,1.00,1.00,1.00,,
915,15.2500,13.8670,pistol,1,0,-1,0,120.4,-506,863,,0,,,,,1.00,1.00,1.00,1.00,,
916,15.2667,13.8837,pistol,1,0,-1,0,122.8,-542,841,,0,,,,,1.00,1.00,1.00,1.00,,
917,15.2833,13.9003,pistol,1,0,-1,0,122.8,-542,841,,0,,,,,1.00,1.00,1.00,1.00,,
918,15.3000,13.9170,pistol,1,0,-1,0,157.1,-921,389,,0,,,,,1.00,1.00,1.00,1.00,,
919,15.3167,13.9337,pistol,1,0,-1,0,-116.6,-448,-894,,0,,,,,1.00,1.00,1.00,0.73,,
920,15.3333,13.9503,pistol,1,0,-1,0,-125.1,-575,-818,,0,,,,,1.00,1.00,1.00,0.91,,
921,15.3500,13.9670,pistol,1,0,-1,0,-125.1,-575,-818,,0,,,,,1.00,1.00,1.00,0.91,,
922,15.3667,13.9837,pistol,1,0,-1,0,-125.1,-575,-818,,0,,,,,1.00,1.00,1.00,0.91,,
923,15.3833,14.0003,pistol,1,0,-1,0,-90.6,-10,-1000,,0,,,,,1.00,1.00,1.00,0.00,,
924,15.4000,14.0170,pistol,1,0,-1,0,25.3,904,427,,0,,,,,1.00,1.00,1.00,1.00,,
925,15.4167,14.0337,pistol,1,0,-1,0,74.4,269,963,,0,,,,,1.00,1.00,1.00,0.40,,
926,15.4333,14.0503,pistol,1,0,-1,0,74.2,272,962,,0,,,,,1.00,1.00,1.00,0.00,,
927,15.4500,14.0670,pistol,1,0,-1,0,11.2,981,194,,0,,,,,1.00,1.00,1.00,0.00,,
928,15.4667,14.0837,pistol,1,0,-1,0,61.5,477,879,,0,,,,,1.00,1.00,1.00,0.00,,
929,15.4833,14.1003,pistol,1,0,-1,0,68.4,368,930,,0,,,,,1.00,1.00,1.00,0.37,,
930,15.5000,14.1170,pistol,1,0,-1,0,72.7,297,955,,0,,,,,1.00,1.00,1.00,0.66,,
931,15.5167,14.1337,pistol,1,0,-1,0,72.8,296,955,,0,,,,,1.00,1.00,1.00,1.00,,
932,15.5333,14.1503,pistol,1,0,-1,0,72.7,297,955,,0,,,,,1.00,1.00,1.00,0.51,,
933,15.5500,14.1670,pistol,1,0,-1,0,72.9,294,956,,0,,,,,1.00,1.00,1.00,1.00,,
934,15.5667,14.1837,pistol,1,0,-1,0,72.9,294,956,,0,,,,,1.00,1.00,1.00,1.00,,
935,15.5833,14.2003,pistol,0,0,0,0,72.9,294,956,,0,,,,,1.00,1.00,1.00,1.00,,
936,15.6000,14.2170,pistol,1,0,-1,0,16.7,958,287,,0,,,,,1.00,1.00,1.00,1.00,,
937,15.6167,14.2337,pistol,1,0,-1,0,-11.2,981,-194,,0,,,,,1.00,1.00,1.00,1.00,,
938,15.6333,14.2503,pistol,1,0,-1,0,-11.2,981,-194,,0,,,,,1.00,1.00,1.00,1.00,,
939,15.6500,14.2670,pistol,1,0,-1,0,-11.2,981,-194,,0,,,,,1.00,1.00,1.00,1.00,,
940,15.6667,14.2837,pistol,1,0,-1,0,-11.2,981,-194,,0,,,,,1.00,1.00,1.00,1.00,,
941,15.6833,14.3003,pistol,1,0,-1,0,34.5,824,566,,0,,,,,1.00,1.00,1.00,1.00,,
942,15.7000,14.3170,pistol,1,0,-1,0,16.6,958,286,,0,,,,,1.00,1.00,1.00,1.00,,
943,15.7167,14.3337,pistol,0,1,1,0,-0.7,1000,-12,,0,,,,,1.00,1.00,1.00,1.00,,
944,15.7333,14.3503,pistol,0,1,1,0,48.5,663,749,,0,,,,,1.00,1.00,1.00,1.00,,
945,15.7500,14.3670,pistol,0,1,1,0,48.5,663,749,,0,,,,,1.00,1.00,1.00,1.00,,
946,15.7667,14.3837,pistol,0,1,1,0,48.5,663,749,,0,,,,,1.00,1.00,1.00,1.00,,
947,15.7833,14.4003,pistol,0,1,1,0,48.6,661,750,,0,,,,,1.00,1.00,1.00,1.00,,
948,15.8000,14.4170,pistol,0,1,1,0,48.6,661,750,,0,,,,,1.00,1.00,1.00,1.00,,
949,15.8167,14.4337,pistol,0,1,1,0,48.6,661,750,,0,,,,,1.00,1.00,1.00,1.00,,
950,15.8333,14.4503,pistol,0,1,1,0,42.5,737,676,,0,,,,,1.00,1.00,1.00,1.00,,
951,15.8500,14.4670,pistol,0,1,1,0,-59.1,514,-858,,0,,,,,1.00,1.00,1.00,1.00,,
952,15.8667,14.4837,pistol,0,1,1,0,-59.1,514,-858,,0,,,,,1.00,1.00,1.00,1.00,,
953,15.8833,14.5003,pistol,0,1,1,0,-59.1,514,-858,,0,,,,,1.00,1.00,1.00,1.00,,
954,15.9000,14.5170,pistol,0,1,1,0,-59.1,514,-858,,0,,,,,1.00,1.00,1.00,1.00,,
955,15.9167,14.5337,pistol,0,1,1,0,-59.1,514,-858,,0,,,,,1.00,1.00,1.00,1.00,,
956,15.9333,14.5503,pistol,0,1,1,0,-59.1,514,-858,,0,,,,,1.00,1.00,1.00,1.00,,
957,15.9500,14.5670,pistol,0,1,1,0,-59.1,514,-858,,0,,,,,1.00,1.00,1.00,1.00,,
958,15.9667,14.5837,pistol,0,1,1,0,-59.1,514,-858,,0,,,,,1.00,1.00,1.00,1.00,,
959,15.9833,14.6003,pistol,0,1,1,0,-59.1,514,-858,,0,,,,,1.00,1.00,1.00,1.00,,
960,16.0000,14.6170,pistol,0,1,1,0,-59.1,514,-858,,0,,,,,1.00,1.00,1.00,0.02,,
961,16.0167,14.6337,pistol,0,1,1,0,-59.1,514,-858,,0,,,,,1.00,1.00,1.00,0.52,,
962,16.0333,14.6503,pistol,0,1,1,0,-59.1,514,-858,,0,,,,,1.00,1.00,1.00,0.75,,
963,16.0500,14.6670,pistol,0,1,1,0,-59.1,514,-858,,0,,,,,1.00,1.00,1.00,0.17,,
964,16.0667,14.6837,pistol,0,1,1,0,-59.1,514,-858,,0,,,,,1.00,1.00,1.00,0.03,,
965,16.0833,14.7003,pistol,0,1,1,0,-59.1,514,-858,,0,,,,,1.00,1.00,1.00,0.73,,
966,16.1000,14.7170,pistol,0,1,1,0,-59.1,514,-858,,0,,,,,1.00,1.00,1.00,0.71,,
967,16.1167,14.7337,pistol,0,1,1,0,-47.1,681,-733,,0,,,,,1.00,1.00,1.00,0.00,,
968,16.1333,14.7503,pistol,0,1,1,0,145.9,-828,561,,0,,,,,1.00,1.00,1.00,1.00,,
969,16.1500,14.7670,pistol,0,1,1,0,109.9,-340,940,,0,,,,,1.00,1.00,1.00,1.00,,
970,16.1667,14.7837,pistol,0,1,1,0,109.9,-340,940,,0,,,,,1.00,1.00,1.00,1.00,,
971,16.1833,14.8003,pistol,0,1,1,0,109.9,-340,940,,0,,,,,1.00,1.00,1.00,1.00,,
972,16.2000,14.8170,pistol,0,1,1,0,17.2,955,296,,0,,,,,1.00,1.00,1.00,1.00,,
973,16.2167,14.8337,pistol,0,1,1,0,-61.8,473,-881,,0,,,,,1.00,1.00,1.00,1.00,,
974,16.2333,14.8503,pistol,0,1,1,0,-67.1,389,-921,,0,,,,,1.00,1.00,1.00,1.00,,
975,16.2500,14.8670,pistol,0,1,1,0,-82.5,131,-991,,0,,,,,1.00,1.00,1.00,0.89,,
976,16.2667,14.8837,pistol,0,1,1,0,-90.2,-3,-1000,,0,,,,,1.00,1.00,1.00,0.00,,
977,16.2833,14.9003,pistol,0,1,1,0,-90.4,-7,-1000,,0,,,,,1.00,1.00,1.00,0.00,,
978,16.3000,14.9170,pistol,0,1,1,0,-86.1,68,-998,,0,,,,,1.00,1.00,1.00,0.93,,
979,16.3167,14.9337,pistol,0,1,1,0,-71.8,312,-950,,0,,,,,1.00,1.00,1.00,0.97,,
980,16.3333,14.9503,pistol,0,1,1,0,-67.9,376,-927,,0,,,,,1.00,1.00,1.00,1.00,,
981,16.3500,14.9670,pistol,0,1,1,0,-33.4,835,-550,,0,,,,,1.00,1.00,1.00,1.00,,
982,16.3667,14.9837,pistol,0,1,1,0,-53.1,600,-800,,0,,,,,1.00,1.00,1.00,1.00,,
983,16.3833,15.0003,pistol,0,1,1,0,-57.7,534,-845,,0,,,,,1.00,1.00,1.00,1.00,,
984,16.4000,15.0170,pistol,0,1,1,0,29.2,873,488,,0,,,,,1.00,1.00,1.00,1.00,,
985,16.4167,15.0337,pistol,0,1,1,1,78.7,196,981,,0,,,,,1.00,1.00,1.00,1.00,,
986,16.4333,15.0503,pistol,0,1,1,0,78.7,196,981,,0,,,,,1.00,1.00,1.00,1.00,,
987,16.4500,15.0670,pistol,0,1,1,0,78.8,194,981,,0,,,,,1.00,1.00,1.00,1.00,,
988,16.4667,15.0837,pistol,0,1,1,0,78.7,196,981,,0,,,,,1.00,1.00,1.00,1.00,,
989,16.4833,15.1003,pistol,0,1,1,0,68.2,371,928,,0,,,,,1.00,1.00,1.00,1.00,,
990,16.5000,15.1170,pistol,0,1,1,0,64.5,431,903,,0,,,,,1.00,1.00,1.00,1.00,,
991,16.5167,15.1337,pistol,0,1,1,0,64.5,431,903,,0,,,,,1.00,1.00,1.00,1.00,,
992,16.5333,15.1503,pistol,0,1,1,0,64.5,431,903,,0,,,,,1.00,1.00,1.00,1.00,,
993,16.5500,15.1670,pistol,0,1,1,0,64.7,427,904,,0,,,,,1.00,1.00,1.00,1.00,,
994,16.5667,15.1837,pistol,0,1,1,0,-69.6,349,-937,,0,,,,,1.00,1.00,1.00,0.00,,
995,16.5833,15.2003,pistol,0,1,1,1,117.2,-457,889,,0,,,,,1.00,1.00,1.00,0.70,,
996,16.6000,15.2170,pistol,0,1,1,0,142.6,-794,607,,0,,,,,1.00,1.00,1.00,1.00,,
997,16.6167,15.2337,pistol,0,1,1,0,164.5,-964,267,,0,,,,,1.00,1.00,1.00,1.00,,
998,16.6333,15.2503,pistol,0,1,1,0,-147.4,-842,-539,,0,,,,,1.00,1.00,1.00,1.00,,
999,16.6500,15.2670,pistol,0,1,1,0,-144.1,-810,-586,,0,,,,,1.00,1.00,1.00,1.00,,
1000,16.6667,15.2837,pistol,0,1,1,0,-105.3,-264,-965,,0,,,,,1.00,1.00,1.00,0.61,,
1001,16.6833,15.3003,pistol,0,1,1,0,-93.0,-52,-999,,0,,,,,1.00,1.00,1.00,0.95,,
1002,16.7000,15.3170,pistol,0,1,1,0,-110.5,-350,-937,,0,,,,,1.00,1.00,1.00,0.75,,
1003,16.7167,15.3337,pistol,0,1,1,1,-123.4,-550,-835,,0,,,,,1.00,1.00,1.00,0.89,,
1004,16.7333,15.3503,pistol,0,1,1,0,-105.6,-269,-963,,0,,,,,1.00,1.00,1.00,0.71,,
1005,16.7500,15.3670,pistol,0,1,1,0,-105.4,-266,-964,,0,,,,,1.00,1.00,1.00,0.67,,
1006,16.7667,15.3837,pistol,0,1,1,0,-105.4,-266,-964,,0,,,,,1.00,1.00,1.00,0.67,,
1007,16.7833,15.4003,pistol,0,1,1,0,-153.5,-895,-446,,0,,,,,1.00,1.00,1.00,1.00,,
1008,16.8000,15.4170,pistol,0,1,1,0,-175.3,-997,-82,,0,,,,,1.00,1.00,1.00,1.00,,
1009,16.8167,15.4337,pistol,0,1,1,0,-175.3,-997,-82,,0,,,,,1.00,1.00,1.00,1.00,,
1010,16.8333,15.4503,pistol,0,1,1,0,179.0,-1000,17,,0,,,,,1.00,1.00,1.00,1.00,,
1011,16.8500,15.4670,pistol,0,1,1,0,47.1,681,733,,0,,,,,1.00,1.00,1.00,1.00,,
1012,16.8667,15.4837,pistol,0,1,1,0,-9.2,987,-160,,0,,,,,1.00,1.00,1.00,1.00,,
1013,16.8833,15.5003,pistol,0,1,1,0,-19.7,941,-337,,0,,,,,1.00,1.00,1.00,1.00,,
1014,16.9000,15.5170,pistol,0,1,1,0,-66.5,399,-917,,0,,,,,1.00,1.00,1.00,1.00,,
1015,16.9167,15.5337,pistol,0,1,1,0,-90.5,-9,-1000,,0,,,,,1.00,1.00,1.00,0.00,,
1016,16.9333,15.5503,pistol,0,1,1,0,-84.1,103,-995,,0,,,,,1.00,1.00,1.00,0.84,,
1017,16.9500,15.5670,pistol,0,1,1,0,-90.1,-2,-1000,,0,,,,,1.00,1.00,1.00,0.00,,
1018,16.9667,15.5837,pistol,0,1,1,0,42.7,735,678,,0,,,,,1.00,1.00,1.00,1.00,,
1019,16.9833,15.6003,pistol,0,1,1,0,58.5,522,853,,0,,,,,1.00,1.00,1.00,1.00,,
1020,17.0000,15.6170,pistol,0,1,1,0,58.5,522,853,,0,,,,,1.00,1.00,1.00,1.00,,
1021,17.0167,15.6337,pistol,0,1,1,0,58.9,517,856,,0,,,,,1.00,1.00,1.00,0.52,,
1022,17.0333,15.6503,pistol,0,1,1,1,69.1,357,934,,0,,,,,1.00,1.00,1.00,0.00,,
1023,17.0500,15.6670,pistol,0,1,1,1,-157.2,-922,-388,,0,,,,,1.00,1.00,1.00,1.00,,
1024,17.0667,15.6837,pistol,0,1,1,0,-150.3,-869,-495,,0,,,,,1.00,1.00,1.00,1.00,,
1025,17.0833,15.7003,pistol,0,1,1,0,-150.3,-869,-495,,0,,,,,1.00,1.00,1.00,1.00,,
1026,17.1000,15.7170,pistol,0,1,1,0,-150.3,-869,-495,,0,,,,,1.00,1.00,1.00,1.00,,
1027,17.1167,15.7337,pistol,0,1,1,0,-150.3,-869,-495,,0,,,,,1.00,1.00,1.00,1.00,,
1028,17.1333,15.7503,pistol,0,1,1,0,-150.3,-869,-495,,0,,,,,1.00,1.00,1.00,1.00,,
1029,17.1500,15.7670,pistol,0,1,1,0,-153.9,-898,-440,,0,,,,,1.00,1.00,1.00,1.00,,
1030,17.1667,15.7837,pistol,0,1,1,0,101.5,-199,980,,0,,,,,1.00,1.00,1.00,1.00,,
1031,17.1833,15.8003,pistol,0,1,1,0,-31.4,854,-521,,0,,,,,1.00,1.00,1.00,1.00,,
1032,17.2000,15.8170,pistol,0,1,1,0,-61.7,474,-880,,0,,,,,1.00,1.00,1.00,1.00,,
1033,17.2167,15.8337,pistol,0,1,1,0,-80.2,170,-985,,0,,,,,1.00,1.00,1.00,0.58,,
1034,17.2333,15.8503,pistol,0,1,1,0,-86.1,68,-998,,0,,,,,1.00,1.00,1.00,0.00,,
1035,17.2500,15.8670,pistol,0,1,1,0,-49.3,652,-758,,0,,,,,1.00,1.00,1.00,0.00,,
1036,17.2667,15.8837,pistol,0,1,1,0,-44.3,716,-698,,0,,,,,1.00,1.00,1.00,0.00,,
1037,17.2833,15.9003,pistol,0,1,1,0,-41.2,752,-659,,0,,,,,1.00,1.00,1.00,0.00,,
1038,17.3000,15.9170,pistol,0,1,1,0,-66.2,404,-915,,0,,,,,1.00,1.00,1.00,0.07,,
1039,17.3167,15.9337,pistol,0,1,1,0,-51.7,620,-785,,0,,,,,1.00,1.00,1.00,1.00,,
1040,17.3333,15.9503,pistol,0,1,1,0,-82.1,137,-991,,0,,,,,1.00,1.00,1.00,0.00,,
1041,17.3500,15.9670,pistol,0,1,1,0,64.5,431,903,,0,,,,,1.00,1.00,1.00,1.00,,
1042,17.3667,15.9837,pistol,0,1,1,0,64.5,431,903,,0,,,,,1.00,1.00,1.00,1.00,,
1043,17.3833,16.0003,pistol,0,1,1,0,64.5,431,903,,0,,,,,1.00,1.00,1.00,1.00,,
1044,17.4000,16.0170,pistol,0,1,1,0,64.5,431,903,,0,,,,,1.00,1.00,1.00,1.00,,
1045,17.4167,16.0337,pistol,0,1,1,0,64.5,431,903,,0,,,,,1.00,1.00,1.00,1.00,,
1046,17.4333,16.0503,pistol,0,1,1,0,64.5,431,903,,0,,,,,1.00,1.00,1.00,1.00,,
1047,17.4500,16.0670,pistol,0,1,1,0,64.5,431,903,,0,,,,,1.00,1.00,1.00,1.00,,
1048,17.4667,16.0837,pistol,0,1,1,1,124.9,-572,820,,0,,,,,1.00,1.00,1.00,0.50,,
1049,17.4833,16.1003,pistol,0,1,1,0,146.9,-838,546,,0,,,,,1.00,1.00,1.00,0.00,,
1050,17.5000,16.1170,pistol,0,1,1,0,117.0,-454,891,,0,,,,,1.00,1.00,1.00,1.00,,
1051,17.5167,16.1337,pistol,0,1,1,0,52.4,610,792,,0,,,,,1.00,1.00,1.00,1.00,,
1052,17.5333,16.1503,pistol,0,1,1,0,35.8,811,585,,0,,,,,1.00,1.00,1.00,1.00,,
1053,17.5500,16.1670,pistol,0,1,1,0,35.8,811,585,,0,,,,,1.00,1.00,1.00,1.00,,
1054,17.5667,16.1837,pistol,0,1,1,0,35.8,811,585,,0,,,,,1.00,1.00,1.00,1.00,,
1055,17.5833,16.2003,pistol,0,1,1,0,35.8,811,585,,0,,,,,1.00,1.00,1.00,1.00,,
1056,17.6000,16.2170,pistol,0,1,1,0,35.8,811,585,,0,,,,,1.00,1.00,1.00,1.00,,
1057,17.6167,16.2337,pistol,0,1,1,0,35.8,811,585,,0,,,,,1.00,1.00,1.00,1.00,,
1058,17.6333,16.2503,pistol,0,1,1,0,35.8,811,585,,0,,,,,1.00,1.00,1.00,1.00,,
1059,17.6500,16.2670,pistol,0,1,1,0,38.6,782,624,,0,,,,,1.00,1.00,1.00,1.00,,
1060,17.6667,16.2837,pistol,0,1,1,0,69.9,344,939,,0,,,,,1.00,1.00,1.00,1.00,,
1061,17.6833,16.3003,pistol,0,1,1,0,79.9,175,985,,0,,,,,1.00,1.00,1.00,1.00,,
1062,17.7000,16.3170,pistol,0,1,1,0,79.9,175,985,,0,,,,,1.00,1.00,1.00,1.00,,
1063,17.7167,16.3337,pistol,0,1,1,0,79.9,175,985,,0,,,,,1.00,1.00,1.00,1.00,,
1064,17.7333,16.3503,pistol,0,1,1,0,79.9,175,985,,0,,,,,1.00,1.00,1.00,1.00,,
1065,17.7500,16.3670,pistol,0,1,1,0,79.9,175,985,,0,,,,,1.00,1.00,1.00,1.00,,
1066,17.7667,16.3837,pistol,0,1,1,0,64.9,424,906,,0,,,,,1.00,1.00,1.00,1.00,,
1067,17.7833,16.4003,pistol,0,1,1,0,55.9,561,828,,0,,,,,1.00,1.00,1.00,1.00,,
1068,17.8000,16.4170,pistol,0,1,1,0,66.3,402,916,,0,,,,,1.00,1.00,1.00,1.00,,
1069,17.8167,16.4337,pistol,0,1,1,0,81.6,146,989,,0,,,,,1.00,1.00,1.00,1.00,,
1070,17.8333,16.4503,pistol,0,1,1,0,64.5,431,903,,0,,,,,1.00,1.00,1.00,1.00,,
1071,17.8500,16.4670,pistol,0,1,1,0,60.8,488,873,,0,,,,,1.00,1.00,1.00,1.00,,
1072,17.8667,16.4837,pistol,0,1,1,0,41.7,747,665,,0,,,,,1.00,1.00,1.00,1.00,,
1073,17.8833,16.5003,pistol,0,1,1,0,37.2,797,605,,0,,,,,1.00,1.00,1.00,1.00,,
1074,17.9000,16.5170,pistol,0,1,1,0,37.2,797,605,,0,,,,,1.00,1.00,1.00,1.00,,
1075,17.9167,16.5337,pistol,0,1,1,0,37.2,797,605,,0,,,,,1.00,1.00,1.00,1.00,,
1076,17.9333,16.5503,pistol,0,1,1,0,11.1,981,193,,0,,,,,1.00,1.00,1.00,1.00,,
1077,17.9500,16.5670,pistol,0,1,1,0,-85.9,71,-997,,0,,,,,1.00,1.00,1.00,0.94,,
1078,17.9667,16.5837,pistol,0,1,1,0,-85.9,71,-997,,0,,,,,1.00,1.00,1.00,0.93,,
1079,17.9833,16.6003,pistol,0,1,1,0,-85.9,71,-997,,0,,,,,1.00,1.00,1.00,0.95,,
1080,18.0000,16.6170,pistol,0,1,1,0,-85.9,71,-997,,0,,,,,1.00,1.00,1.00,0.92,,
1081,18.0167,16.6337,pistol,0,1,1,0,-90.1,-2,-1000,,0,,,,,1.00,1.00,1.00,0.42,,
1082,18.0333,16.6503,pistol,0,1,1,0,-105.5,-267,-964,,0,,,,,1.00,1.00,1.00,0.70,,
1083,18.0500,16.6670,pistol,0,1,1,0,-105.5,-267,-964,,0,,,,,1.00,1.00,1.00,0.70,,
1084,18.0667,16.6837,pistol,0,1,1,0,-53.4,596,-803,,0,,,,,1.00,1.00,1.00,1.00,,
1085,18.0833,16.7003,pistol,0,1,1,0,-47.9,670,-742,,0,,,,,1.00,1.00,1.00,1.00,,
1086,18.1000,16.7170,pistol,0,1,1,0,-47.9,670,-742,,0,,,,,1.00,1.00,1.00,1.00,,
1087,18.1167,16.7337,pistol,0,1,1,0,-47.9,670,-742,,0,,,,,1.00,1.00,1.00,1.00,,
1088,18.1333,16.7503,pistol,0,1,1,0,-47.4,677,-736,,0,,,,,1.00,1.00,1.00,1.00,,
1089,18.1500,16.7670,pistol,0,1,1,0,128.3,-620,785,,0,,,,,1.00,1.00,1.00,1.00,,
1090,18.1667,16.7837,pistol,0,1,1,0,128.3,-620,785,,0,,,,,1.00,1.00,1.00,1.00,,
1091,18.1833,16.8003,pistol,0,1,1,0,128.3,-620,785,,0,,,,,1.00,1.00,1.00,1.00,,
1092,18.2000,16.8170,pistol,0,1,1,0,128.3,-620,785,,0,,,,,1.00,1.00,1.00,1.00,,
1093,18.2167,16.8337,pistol,0,1,1,0,114.9,-421,907,,0,,,,,1.00,1.00,1.00,1.00,,
1094,18.2333,16.8503,pistol,0,1,1,0,-16.8,957,-289,,0,,,,,1.00,1.00,1.00,1.00,,
1095,18.2500,16.8670,pistol,0,1,1,0,-53.2,599,-801,,0,,,,,1.00,1.00,1.00,1.00,,
1096,18.2667,16.8837,pistol,0,1,1,0,-56.3,555,-832,,0,,,,,1.00,1.00,1.00,1.00,,
1097,18.2833,16.9003,pistol,0,1,1,0,-56.3,555,-832,,0,,,,,1.00,1.00,1.00,1.00,,
1098,18.3000,16.9170,pistol,0,1,1,0,-56.3,555,-832,,0,,,,,1.00,1.00,1.00,1.00,,
1099,18.3167,16.9337,pistol,0,1,1,0,-56.3,555,-832,,0,,,,,1.00,1.00,1.00,1.00,,
1100,18.3333,16.9503,pistol,0,1,1,0,-56.3,555,-832,,0,,,,,1.00,1.00,1.00,1.00,,
1101,18.3500,16.9670,pistol,0,1,1,0,-56.3,555,-832,,0,,,,,1.00,1.00,1.00,1.00,,
1102,18.3667,16.9837,pistol,0,1,1,0,-56.3,555,-832,,0,,,,,1.00,1.00,1.00,1.00,,
1103,18.3833,17.0003,pistol,0,1,1,0,-56.3,555,-832,,0,,,,,1.00,1.00,1.00,1.00,,
1104,18.4000,17.0170,pistol,0,1,1,1,-56.3,555,-832,,0,,,,,1.00,1.00,1.00,1.00,,
1105,18.4167,17.0337,pistol,0,1,1,0,-36.2,807,-591,,0,,,,,1.00,1.00,1.00,1.00,,
1106,18.4333,17.0503,pistol,0,1,1,0,69.9,344,939,,0,,,,,1.00,1.00,1.00,1.00,,
1107,18.4500,17.0670,pistol,0,1,1,0,69.9,344,939,,0,,,,,1.00,1.00,1.00,1.00,,
1108,18.4667,17.0837,pistol,0,1,1,0,69.9,344,939,,0,,,,,1.00,1.00,1.00,1.00,,
1109,18.4833,17.1003,pistol,0,1,1,0,158.8,-932,362,,0,,,,,1.00,1.00,1.00,1.00,,
1110,18.5000,17.1170,pistol,0,1,1,0,-133.0,-682,-731,,0,,,,,1.00,1.00,1.00,1.00,,
1111,18.5167,17.1337,pistol,0,1,1,0,-63.4,448,-894,,0,,,,,1.00,1.00,1.00,1.00,,
1112,18.5333,17.1503,pistol,0,1,1,0,-63.4,448,-894,,0,,,,,1.00,1.00,1.00,1.00,,
1113,18.5500,17.1670,pistol,0,1,1,0,-63.4,448,-894,,0,,,,,1.00,1.00,1.00,1.00,,
1114,18.5667,17.1837,pistol,0,1,1,0,-86.3,65,-998,,0,,,,,1.00,1.00,1.00,0.86,,
1115,18.5833,17.2003,pistol,0,1,1,0,-88.5,26,-1000,,0,,,,,1.00,1.00,1.00,0.79,,
1116,18.6000,17.2170,pistol,0,1,1,0,-88.5,26,-1000,,0,,,,,1.00,1.00,1.00,0.85,,
1117,18.6167,17.2337,pistol,0,1,1,0,-88.7,23,-1000,,0,,,,,1.00,1.00,1.00,0.93,,
1118,18.6333,17.2503,pistol,0,1,1,0,-88.5,26,-1000,,0,,,,,1.00,1.00,1.00,0.93,,
1119,18.6500,17.2670,pistol,0,1,1,0,-88.5,26,-1000,,0,,,,,1.00,1.00,1.00,0.92,,
1120,18.6667,17.2837,pistol,0,1,1,0,-88.5,26,-1000,,0,,,,,1.00,1.00,1.00,0.83,,
1121,18.6833,17.3003,pistol,0,1,1,0,-154.8,-905,-426,,0,,,,,1.00,1.00,1.00,1.00,,
1122,18.7000,17.3170,pistol,0,1,1,0,-168.4,-980,-201,,0,,,,,1.00,1.00,1.00,1.00,,
1123,18.7167,17.3337,pistol,0,1,1,0,-157.7,-925,-379,,0,,,,,1.00,1.00,1.00,1.00,,
1124,18.7333,17.3503,pistol,0,1,1,1,-107.1,-294,-956,,0,,,,,1.00,1.00,1.00,0.76,,
1125,18.7500,17.3670,pistol,0,1,1,1,-107.1,-294,-956,,0,,,,,1.00,1.00,1.00,0.82,,
1126,18.7667,17.3837,pistol,0,1,1,0,-107.3,-297,-955,,0,,,,,1.00,1.00,1.00,0.80,,
1127,18.7833,17.4003,pistol,0,1,1,0,-107.1,-294,-956,,0,,,,,1.00,1.00,1.00,0.76,,
1128,18.8000,17.4170,pistol,0,1,1,0,-107.1,-294,-956,,0,,,,,1.00,1.00,1.00,0.75,,
1129,18.8167,17.4337,pistol,0,1,1,0,-107.1,-294,-956,,0,,,,,1.00,1.00,1.00,0.75,,
1130,18.8333,17.4503,pistol,0,1,1,0,-106.9,-291,-957,,0,,,,,1.00,1.00,1.00,0.81,,
1131,18.8500,17.4670,pistol,0,1,1,0,-104.4,-249,-969,,0,,,,,1.00,1.00,1.00,0.66,,
1132,18.8667,17.4837,pistol,0,1,1,0,-104.4,-249,-969,,0,,,,,1.00,1.00,1.00,0.70,,
1133,18.8833,17.5003,pistol,0,1,1,0,-104.4,-249,-969,,0,,,,,1.00,1.00,1.00,0.69,,
1134,18.9000,17.5170,pistol,0,1,1,0,-104.4,-249,-969,,0,,,,,1.00,1.00,1.00,0.08,,
1135,18.9167,17.5337,pistol,0,1,1,0,-141.0,-777,-629,,0,,,,,1.00,1.00,1.00,0.00,,
1136,18.9333,17.5503,pistol,0,1,1,0,-128.1,-617,-787,,0,,,,,1.00,1.00,1.00,0.49,,
1137,18.9500,17.5670,pistol,0,1,1,0,163.7,-960,281,,0,,,,,1.00,1.00,1.00,1.00,,
1138,18.9667,17.5837,pistol,0,1,1,0,-136.3,-723,-691,,0,,,,,1.00,1.00,1.00,0.87,,
1139,18.9833,17.6003,pistol,0,1,1,0,-114.2,-410,-912,,0,,,,,1.00,1.00,1.00,0.81,,
1140,19.0000,17.6170,pistol,0,1,1,0,-79.4,184,-983,,0,,,,,1.00,1.00,1.00,0.96,,
1141,19.0167,17.6337,pistol,0,1,1,0,0.0,1000,0,,0,,,,,1.00,1.00,1.00,1.00,,
1142,19.0333,17.6503,pistol,0,1,1,0,4.4,997,77,,0,,,,,1.00,1.00,1.00,1.00,,
1143,19.0500,17.6670,pistol,0,1,1,0,4.4,997,77,,0,,,,,1.00,1.00,1.00,1.00,,
1144,19.0667,17.6837,pistol,0,1,1,0,4.4,997,77,,0,,,,,1.00,1.00,1.00,1.00,,
1145,19.0833,17.7003,pistol,0,1,1,0,4.4,997,77,,0,,,,,1.00,1.00,1.00,1.00,,
1146,19.1000,17.7170,pistol,0,1,1,0,4.4,997,77,,0,,,,,1.00,1.00,1.00,1.00,,
1147,19.1167,17.7337,pistol,0,1,1,0,34.8,821,571,,0,,,,,1.00,1.00,1.00,1.00,,
1148,19.1333,17.7503,pistol,0,1,1,0,134.1,-696,718,,0,,,,,1.00,1.00,1.00,1.00,,
1149,19.1500,17.7670,pistol,0,1,1,0,134.1,-696,718,,0,,,,,1.00,1.00,1.00,1.00,,
1150,19.1667,17.7837,pistol,0,1,1,0,134.1,-696,718,,0,,,,,1.00,1.00,1.00,1.00,,
1151,19.1833,17.8003,pistol,0,1,1,0,134.1,-696,718,,0,,,,,1.00,1.00,1.00,1.00,,
1152,19.2000,17.8170,pistol,0,1,1,0,134.1,-696,718,,0,,,,,1.00,1.00,1.00,1.00,,
1153,19.2167,17.8337,pistol,0,1,1,0,134.1,-696,718,,0,,,,,1.00,1.00,1.00,1.00,,
1154,19.2333,17.8503,pistol,0,1,1,0,126.5,-595,804,,0,,,,,1.00,1.00,1.00,1.00,,
1155,19.2500,17.8670,pistol,0,1,1,0,11.2,981,194,,0,,,,,1.00,1.00,1.00,0.00,,
1156,19.2667,17.8837,pistol,0,1,1,0,175.9,-997,71,,0,,,,,1.00,1.00,1.00,0.00,,
1157,19.2833,17.9003,pistol,0,1,1,0,-75.2,255,-967,,0,,,,,1.00,1.00,1.00,1.00,,
1158,19.3000,17.9170,pistol,0,1,1,0,-58.4,524,-852,,0,,,,,1.00,1.00,1.00,1.00,,
1159,19.3167,17.9337,pistol,0,1,1,0,102.7,-220,976,,0,,,,,1.00,1.00,1.00,0.12,,
1160,19.3333,17.9503,pistol,0,0,0,0,102.9,-223,975,,0,,,,,1.00,1.00,1.00,0.16,,
1161,19.3500,17.9670,pistol,0,1,1,0,102.8,-222,975,,0,,,,,1.00,1.00,1.00,0.87,,
1162,19.3667,17.9837,pistol,0,1,1,0,102.9,-223,975,,0,,,,,1.00,1.00,1.00,1.00,,
1163,19.3833,18.0003,pistol,0,1,1,0,105.8,-272,962,,0,,,,,1.00,1.00,1.00,1.00,,
1164,19.4000,18.0170,pistol,0,1,1,0,141.8,-786,618,,0,,,,,1.00,1.00,1.00,1.00,,
1165,19.4167,18.0337,pistol,0,1,1,0,166.4,-972,235,,0,,,,,1.00,1.00,1.00,1.00,,
1166,19.4333,18.0503,pistol,0,1,1,0,166.4,-972,235,,0,,,,,1.00,1.00,1.00,1.00,,
1167,19.4500,18.0670,pistol,0,1,1,0,166.4,-972,235,,0,,,,,1.00,1.00,1.00,1.00,,
1168,19.4667,18.0837,pistol,0,1,1,0,166.4,-972,235,,0,,,,,1.00,1.00,1.00,1.00,,
1169,19.4833,18.1003,pistol,0,1,1,0,166.4,-972,235,,0,,,,,1.00,1.00,1.00,1.00,,
1170,19.5000,18.1170,pistol,0,1,1,0,166.4,-972,235,,0,,,,,1.00,1.00,1.00,1.00,,
1171,19.5167,18.1337,pistol,0,1,1,0,166.4,-972,235,,0,,,,,1.00,1.00,1.00,1.00,,
1172,19.5333,18.1503,pistol,0,1,1,0,166.3,-972,237,,0,,,,,1.00,1.00,1.00,1.00,,
1173,19.5500,18.1670,pistol,0,1,1,0,166.3,-972,237,,0,,,,,1.00,1.00,1.00,1.00,,
1174,19.5667,18.1837,pistol,0,1,1,0,166.4,-972,235,,0,,,,,1.00,1.00,1.00,1.00,,
1175,19.5833,18.2003,pistol,0,1,1,0,147.0,-839,545,,0,,,,,1.00,1.00,1.00,1.00,,
1176,19.6000,18.2170,pistol,0,1,1,0,134.1,-696,718,,0,,,,,1.00,1.00,1.00,1.00,,
1177,19.6167,18.2337,pistol,0,1,1,0,134.1,-696,718,,0,,,,,1.00,1.00,1.00,1.00,,
1178,19.6333,18.2503,pistol,0,1,1,0,134.1,-696,718,,0,,,,,1.00,1.00,1.00,1.00,,
1179,19.6500,18.2670,pistol,0,1,1,0,132.0,-669,743,,0,,,,,1.00,1.00,1.00,1.00,,
1180,19.6667,18.2837,pistol,0,1,1,0,-21.2,932,-362,,0,,,,,1.00,1.00,1.00,1.00,,
1181,19.6833,18.3003,pistol,0,1,1,0,126.0,-588,809,,0,,,,,1.00,1.00,1.00,1.00,,
1182,19.7000,18.3170,pistol,0,1,1,0,51.8,618,786,,0,,,,,1.00,1.00,1.00,1.00,,
1183,19.7167,18.3337,pistol,0,1,1,0,-13.2,974,-228,,0,,,,,1.00,1.00,1.00,0.74,,
1184,19.7333,18.3503,pistol,0,1,1,0,159.2,-935,355,,0,,,,,1.00,1.00,1.00,1.00,,
1185,19.7500,18.3670,pistol,0,1,1,0,-33.8,831,-556,,0,,,,,1.00,1.00,1.00,1.00,,
1186,19.7667,18.3837,pistol,0,1,1,0,-42.3,740,-673,,0,,,,,1.00,1.00,1.00,1.00,,
1187,19.7833,18.4003,pistol,0,1,1,0,-42.4,738,-674,,0,,,,,1.00,1.00,1.00,1.00,,
1188,19.8000,18.4170,pistol,0,1,1,0,-42.7,735,-678,,0,,,,,1.00,1.00,1.00,0.41,,
1189,19.8167,18.4337,pistol,0,1,1,0,-47.4,677,-736,,0,,,,,1.00,1.00,1.00,1.00,,
1190,19.8333,18.4503,pistol,0,1,1,0,-54.9,575,-818,,0,,,,,1.00,1.00,1.00,1.00,,
1191,19.8500,18.4670,pistol,0,1,1,0,-55.0,574,-819,,0,,,,,1.00,1.00,1.00,0.45,,
1192,19.8667,18.4837,pistol,0,1,1,0,-54.9,575,-818,,0,,,,,1.00,1.00,1.00,1.00,,
1193,19.8833,18.5003,pistol,0,1,1,0,-60.0,500,-866,,0,,,,,1.00,1.00,1.00,1.00,,
1194,19.9000,18.5170,pistol,0,1,1,0,-64.8,426,-905,,0,,,,,1.00,1.00,1.00,1.00,,
1195,19.9167,18.5337,pistol,0,1,1,0,-64.8,426,-905,,0,,,,,1.00,1.00,1.00,1.00,,
1196,19.9333,18.5503,pistol,0,1,1,0,-67.4,384,-923,,0,,,,,1.00,1.00,1.00,1.00,,
1197,19.9500,18.5670,pistol,0,1,1,0,-73.2,289,-957,,0,,,,,1.00,1.00,1.00,1.00,,
1198,19.9667,18.5837,pistol,0,1,1,0,-87.6,42,-999,,0,,,,,1.00,1.00,1.00,1.00,,
1199,19.9833,18.6003,pistol,0,1,1,0,-90.1,-2,-1000,,0,,,,,1.00,1.00,1.00,0.00,,
1200,20.0000,18.6170,pistol,0,1,1,0,-85.1,85,-996,,0,,,,,1.00,1.00,1.00,0.83,,
1201,20.0167,18.6337,pistol,0,1,1,0,-73.2,289,-957,,0,,,,,1.00,1.00,1.00,1.00,,
1202,20.0333,18.6503,pistol,0,1,1,0,-84.4,98,-995,,0,,,,,1.00,1.00,1.00,0.93,,
1203,20.0500,18.6670,pistol,0,1,1,0,-162.3,-953,-304,,0,,,,,1.00,1.00,1.00,1.00,,
1204,20.0667,18.6837,pistol,0,1,1,0,-84.8,91,-996,,0,,,,,1.00,1.00,1.00,0.89,,
1205,20.0833,18.7003,pistol,0,1,1,0,-100.1,-175,-985,,0,,,,,1.00,1.00,1.00,0.62,,
1206,20.1000,18.7170,pistol,0,1,1,0,-90.1,-2,-1000,,0,,,,,1.00,1.00,1.00,0.01,,
1207,20.1167,18.7337,pistol,0,1,1,0,-73.3,287,-958,,0,,,,,1.00,1.00,1.00,1.00,,
1208,20.1333,18.7503,pistol,0,1,1,0,-73.2,289,-957,,0,,,,,1.00,1.00,1.00,1.00,,
1209,20.1500,18.7670,pistol,0,1,1,0,-73.2,289,-957,,0,,,,,1.00,1.00,1.00,1.00,,
1210,20.1667,18.7837,pistol,0,1,1,0,-73.2,289,-957,,0,,,,,1.00,1.00,1.00,1.00,,
1211,20.1833,18.8003,pistol,0,1,1,0,-73.2,289,-957,,0,,,,,1.00,1.00,1.00,1.00,,
1212,20.2000,18.8170,pistol,0,1,1,0,-130.3,-647,-763,,0,,,,,1.00,1.00,1.00,1.00,,
1213,20.2167,18.8337,pistol,0,1,1,0,160.9,-945,327,,0,,,,,1.00,1.00,1.00,0.56,,
1214,20.2333,18.8503,pistol,0,1,1,0,160.9,-945,327,,0,,,,,1.00,1.00,1.00,1.00,,
1215,20.2500,18.8670,pistol,0,1,1,0,161.1,-946,324,,0,,,,,1.00,1.00,1.00,0.81,,
1216,20.2667,18.8837,pistol,0,1,1,0,3.9,998,68,,0,,,,,1.00,1.00,1.00,1.00,,
1217,20.2833,18.9003,pistol,0,1,1,0,3.0,999,52,,0,,,,,1.00,1.00,1.00,1.00,,
1218,20.3000,18.9170,pistol,0,1,1,0,26.4,896,445,,0,,,,,1.00,1.00,1.00,1.00,,
1219,20.3167,18.9337,pistol,0,1,1,0,53.0,602,799,,0,,,,,1.00,1.00,1.00,1.00,,
1220,20.3333,18.9503,pistol,0,1,1,0,-90.4,-7,-1000,,0,,,,,1.00,1.00,1.00,0.00,,
1221,20.3500,18.9670,pistol,0,1,1,0,11.6,980,201,,0,,,,,1.00,1.00,1.00,1.00,,
1222,20.3667,18.9837,pistol,0,1,1,0,11.6,980,201,,0,,,,,1.00,1.00,1.00,1.00,,
1223,20.3833,19.0003,pistol,0,1,1,0,11.6,980,201,,0,,,,,1.00,1.00,1.00,1.00,,
1224,20.4000,19.0170,pistol,0,1,1,0,11.6,980,201,,0,,,,,1.00,1.00,1.00,1.00,,
1225,20.4167,19.0337,pistol,0,1,1,0,11.6,980,201,,0,,,,,1.00,1.00,1.00,1.00,,
1226,20.4333,19.0503,pistol,0,1,1,0,11.6,980,201,,0,,,,,1.00,1.00,1.00,1.00,,
1227,20.4500,19.0670,pistol,0,1,1,0,11.6,980,201,,0,,,,,1.00,1.00,1.00,1.00,,
1228,20.4667,19.0837,pistol,0,1,1,0,131.7,-665,747,,0,,,,,1.00,1.00,1.00,1.00,,
1229,20.4833,19.1003,pistol,0,1,1,0,156.7,-918,396,,0,,,,,1.00,1.00,1.00,1.00,,
1230,20.5000,19.1170,pistol,0,1,1,0,156.7,-918,396,,0,,,,,1.00,1.00,1.00,1.00,,
1231,20.5167,19.1337,pistol,0,1,1,0,156.7,-918,396,,0,,,,,1.00,1.00,1.00,1.00,,
1232,20.5333,19.1503,pistol,0,1,1,0,148.1,-849,528,,0,,,,,1.00,1.00,1.00,1.00,,
1233,20.5500,19.1670,pistol,0,1,1,0,107.1,-294,956,,0,,,,,1.00,1.00,1.00,1.00,,
1234,20.5667,19.1837,pistol,0,1,1,0,129.6,-637,771,,0,,,,,1.00,1.00,1.00,1.00,,
1235,20.5833,19.2003,pistol,0,1,1,0,-50.6,635,-773,,0,,,,,1.00,1.00,1.00,1.00,,
1236,20.6000,19.2170,pistol,0,1,1,0,-57.7,534,-845,,0,,,,,1.00,1.00,1.00,1.00,,
1237,20.6167,19.2337,pistol,0,1,1,0,-67.9,376,-927,,0,,,,,1.00,1.00,1.00,1.00,,
1238,20.6333,19.2503,pistol,0,1,1,0,-87.9,37,-999,,0,,,,,1.00,1.00,1.00,0.91,,
1239,20.6500,19.2670,pistol,0,1,1,0,-57.7,534,-845,,0,,,,,1.00,1.00,1.00,1.00,,
1240,20.6667,19.2837,pistol,0,1,1,0,-57.7,534,-845,,0,,,,,1.00,1.00,1.00,1.00,,
1241,20.6833,19.3003,pistol,0,1,1,0,-57.7,534,-845,,0,,,,,1.00,1.00,1.00,1.00,,
1242,20.7000,19.3170,pistol,0,1,1,0,-8.2,990,-143,,0,,,,,1.00,1.00,1.00,1.00,,
1243,20.7167,19.3337,pistol,0,1,1,0,27.5,887,462,,0,,,,,1.00,1.00,1.00,1.00,,
1244,20.7333,19.3503,pistol,1,0,-1,0,-50.9,631,-776,,0,,,,,1.00,1.00,1.00,1.00,,
1245,20.7500,19.3670,pistol,1,0,-1,0,-30.1,865,-502,,0,,,,,1.00,1.00,1.00,1.00,,
1246,20.7667,19.3837,pistol,0,1,1,0,-28.1,882,-471,,0,,,,,1.00,1.00,1.00,1.00,,
1247,20.7833,19.4003,pistol,0,1,1,0,-28.1,882,-471,,0,,,,,1.00,1.00,1.00,1.00,,
1248,20.8000,19.4170,pistol,0,1,1,0,-28.1,882,-471,,0,,,,,1.00,1.00,1.00,1.00,,
1249,20.8167,19.4337,pistol,0,1,1,0,-28.1,882,-471,,0,,,,,1.00,1.00,1.00,1.00,,
1250,20.8333,19.4503,pistol,0,1,1,0,-28.1,882,-471,,0,,,,,1.00,1.00,1.00,1.00,,
1251,20.8500,19.4670,pistol,0,1,1,0,-28.1,882,-471,,0,,,,,1.00,1.00,1.00,1.00,,
1252,20.8667,19.4837,pistol,0,1,1,0,-28.1,882,-471,,0,,,,,1.00,1.00,1.00,1.00,,
1253,20.8833,19.5003,pistol,0,1,1,0,-28.1,882,-471,,0,,,,,1.00,1.00,1.00,1.00,,
1254,20.9000,19.5170,pistol,0,1,1,0,119.2,-488,873,,0,,,,,1.00,1.00,1.00,1.00,,
1255,20.9167,19.5337,pistol,0,1,1,0,152.3,-885,465,,0,,,,,1.00,1.00,1.00,1.00,,
1256,20.9333,19.5503,pistol,1,0,-1,0,152.3,-885,465,,0,,,,,1.00,1.00,1.00,1.00,,
1257,20.9500,19.5670,pistol,1,0,-1,0,152.3,-885,465,,0,,,,,1.00,1.00,1.00,1.00,,
1258,20.9667,19.5837,pistol,1,0,-1,0,152.3,-885,465,,0,,,,,1.00,1.00,1.00,1.00,,
1259,20.9833,19.6003,pistol,1,0,-1,0,152.3,-885,465,,0,,,,,1.00,1.00,1.00,1.00,,
1260,21.0000,19.6170,pistol,1,0,-1,0,152.3,-885,465,,0,,,,,1.00,1.00,1.00,1.00,,
1261,21.0167,19.6337,pistol,1,0,-1,0,152.3,-885,465,,0,,,,,1.00,1.00,1.00,1.00,,
1262,21.0333,19.6503,pistol,1,0,-1,0,152.3,-885,465,,0,,,,,1.00,1.00,1.00,1.00,,
1263,21.0500,19.6670,pistol,1,0,-1,0,152.3,-885,465,,0,,,,,1.00,1.00,1.00,1.00,,
1264,21.0667,19.6837,pistol,1,0,-1,1,152.3,-885,465,,0,,,,,1.00,1.00,1.00,1.00,,
1265,21.0833,19.7003,pistol,1,0,-1,0,152.3,-885,465,,0,,,,,1.00,1.00,1.00,1.00,,
1266,21.1000,19.7170,pistol,1,0,-1,0,152.3,-885,465,,0,,,,,1.00,1.00,1.00,1.00,,
1267,21.1167,19.7337,pistol,1,0,-1,0,152.3,-885,465,,0,,,,,1.00,1.00,1.00,1.00,,
1268,21.1333,19.7503,pistol,1,0,-1,0,153.9,-898,440,,0,,,,,1.00,1.00,1.00,1.00,,
1269,21.1500,19.7670,pistol,0,0,0,0,-107.5,-301,-954,,0,,,,,1.00,1.00,1.00,0.76,,
1270,21.1667,19.7837,pistol,0,0,0,0,110.2,-345,938,,0,,,,,1.00,1.00,1.00,1.00,,
1271,21.1833,19.8003,grenade,1,0,-1,0,-27.9,884,-467,0.25,0,,,,,1.00,1.00,1.00,0.61,,
1272,21.2000,19.8170,grenade,1,0,-1,0,-90.0,1,-1000,4.00,0,,,,,1.00,1.00,1.00,0.00,,
1273,21.2167,19.8337,grenade,0,0,0,0,-88.1,33,-999,3.50,0,,,,,1.00,1.00,1.00,0.00,,
1274,21.2333,19.8503,grenade,1,0,-1,0,-88.1,33,-999,3.50,0,,,,,1.00,1.00,1.00,0.00,,
1275,21.2500,19.8670,grenade,1,0,-1,0,-86.8,56,-998,0.75,0,,,,,1.00,1.00,1.00,0.00,,
1276,21.2667,19.8837,grenade,1,0,-1,0,-84.2,100,-995,1.50,0,,,,,1.00,1.00,1.00,0.00,,
1277,21.2833,19.9003,grenade,0,0,0,0,-167.6,-976,-216,0.00,0,,,,,1.00,1.00,1.00,0.55,,
1278,21.3000,19.9170,grenade,0,1,1,0,-161.5,-948,-318,2.00,1,-89.8,3,-1000,audio+recoil,0.22,1.00,1.00,1.00,1.00,0.88
1279,21.3167,19.9337,grenade,1,0,-1,0,-89.8,3,-1000,7.25,0,,,,,1.00,1.00,1.00,0.93,,
1280,21.3333,19.9503,grenade,1,0,-1,0,-72.0,308,-951,9.50,0,,,,,1.00,1.00,1.00,0.84,,
1281,21.3500,19.9670,grenade,1,0,-1,0,-72.1,307,-952,9.00,0,,,,,1.00,1.00,1.00,1.00,,
1282,21.3667,19.9837,grenade,1,0,-1,0,-72.1,307,-952,6.50,0,,,,,1.00,1.00,1.00,1.00,,
1283,21.3833,20.0003,grenade,1,0,-1,0,0.5,1000,10,3.00,0,,,,,1.00,1.00,1.00,0.54,,
1284,21.4000,20.0170,grenade,1,0,-1,0,135.2,-709,705,0.00,0,,,,,1.00,1.00,1.00,1.00,,
1285,21.4167,20.0337,grenade,1,0,-1,0,165.2,-967,255,0.00,0,,,,,1.00,1.00,1.00,1.00,,
1286,21.4333,20.0503,grenade,1,0,-1,0,14.0,971,241,0.50,0,,,,,1.00,1.00,1.00,0.93,,
1287,21.4500,20.0670,grenade,1,0,-1,0,-65.0,423,-906,0.00,0,,,,,1.00,1.00,1.00,1.00,,
1288,21.4667,20.0837,grenade,1,0,-1,0,-65.0,423,-906,0.00,0,,,,,1.00,1.00,1.00,1.00,,
1289,21.4833,20.1003,grenade,1,0,-1,0,-65.0,423,-906,0.00,0,,,,,1.00,1.00,1.00,1.00,,
1290,21.5000,20.1170,grenade,1,0,-1,0,-65.0,423,-906,0.00,0,,,,,1.00,1.00,1.00,1.00,,
1291,21.5167,20.1337,grenade,1,0,-1,0,-65.0,423,-906,0.00,0,,,,,1.00,1.00,1.00,1.00,,
1292,21.5333,20.1503,grenade,1,0,-1,0,-65.0,422,-907,0.00,0,,,,,1.00,1.00,1.00,1.00,,
1293,21.5500,20.1670,grenade,1,0,-1,0,-65.1,421,-907,0.00,0,,,,,1.00,1.00,1.00,1.00,,
1294,21.5667,20.1837,grenade,1,0,-1,0,-65.1,421,-907,0.00,0,,,,,1.00,1.00,1.00,1.00,,
1295,21.5833,20.2003,grenade,1,0,-1,0,-65.0,423,-906,0.00,0,,,,,1.00,1.00,1.00,1.00,,
1296,21.6000,20.2170,grenade,1,0,-1,0,-65.0,422,-907,0.00,0,,,,,1.00,1.00,1.00,1.00,,
1297,21.6167,20.2337,grenade,1,0,-1,0,-65.0,423,-906,0.00,0,,,,,1.00,1.00,1.00,1.00,,
1298,21.6333,20.2503,grenade,1,0,-1,0,-65.0,423,-906,0.00,0,,,,,1.00,1.00,1.00,1.00,,
1299,21.6500,20.2670,grenade,0,0,0,0,-69.5,351,-936,0.00,0,,,,,1.00,1.00,1.00,1.00,,
1300,21.6667,20.2837,grenade,0,0,0,0,-135.8,-717,-697,0.00,0,,,,,1.00,1.00,1.00,1.00,,
1301,21.6833,20.3003,grenade,1,0,-1,0,-152.7,-888,-459,0.00,0,,,,,1.00,1.00,1.00,1.00,,
1302,21.7000,20.3170,grenade,1,0,-1,0,-152.7,-888,-459,0.00,0,,,,,1.00,1.00,1.00,1.00,,
1303,21.7167,20.3337,grenade,1,0,-1,0,-152.7,-888,-459,0.00,0,,,,,1.00,1.00,1.00,0.95,,
1304,21.7333,20.3503,grenade,1,0,-1,0,-152.6,-887,-461,0.00,0,,,,,1.00,1.00,1.00,0.10,,
1305,21.7500,20.3670,grenade,1,0,-1,0,-152.6,-888,-460,0.00,0,,,,,1.00,1.00,1.00,0.21,,
1306,21.7667,20.3837,grenade,1,0,-1,0,-9.4,986,-164,0.25,0,,,,,1.00,1.00,1.00,1.00,,
1307,21.7833,20.4003,grenade,0,1,1,0,-8.4,989,-146,0.25,0,,,,,1.00,1.00,1.00,1.00,,
1308,21.8000,20.4170,grenade,0,1,1,0,3.3,998,58,0.00,0,,,,,1.00,1.00,1.00,0.32,,
1309,21.8167,20.4337,grenade,0,1,1,0,41.7,747,665,3.00,1,-164.9,-965,-261,audio+recoil,0.17,1.00,1.00,1.00,1.00,0.00
1310,21.8333,20.4503,grenade,0,1,1,0,-164.9,-965,-261,6.00,0,,,,,1.00,1.00,1.00,0.00,,
1311,21.8500,20.4670,grenade,0,1,1,0,-165.2,-967,-256,9.25,0,,,,,1.00,1.00,1.00,0.20,,
1312,21.8667,20.4837,grenade,0,1,1,0,-165.2,-967,-256,9.25,0,,,,,1.00,1.00,1.00,1.00,,
1313,21.8833,20.5003,grenade,0,1,1,0,129.6,-637,771,8.00,0,,,,,1.00,1.00,1.00,1.00,,
1314,21.9000,20.5170,grenade,0,1,1,0,26.4,896,445,3.00,0,,,,,1.00,1.00,1.00,0.32,,
1315,21.9167,20.5337,grenade,0,1,1,0,-8.5,989,-148,0.25,0,,,,,1.00,1.00,1.00,1.00,,
1316,21.9333,20.5503,grenade,0,1,1,0,-8.5,989,-148,0.25,0,,,,,1.00,1.00,1.00,1.00,,
1317,21.9500,20.5670,grenade,0,1,1,0,-8.5,989,-148,0.25,0,,,,,1.00,1.00,1.00,1.00,,
1318,21.9667,20.5837,grenade,0,1,1,0,121.7,-526,850,0.00,0,,,,,1.00,1.00,1.00,0.45,,
1319,21.9833,20.6003,grenade,0,1,1,0,101.0,-192,981,0.50,0,,,,,1.00,1.00,1.00,0.47,,
1320,22.0000,20.6170,grenade,0,1,1,0,88.5,25,1000,0.25,0,,,,,1.00,1.00,1.00,0.94,,
1321,22.0167,20.6337,grenade,0,1,1,0,89.4,10,1000,0.25,0,,,,,1.00,1.00,1.00,1.00,,
1322,22.0333,20.6503,grenade,0,1,1,0,77.8,210,978,0.25,0,,,,,1.00,1.00,1.00,1.00,,
1323,22.0500,20.6670,grenade,0,1,1,0,-3.6,998,-62,0.25,0,,,,,1.00,1.00,1.00,1.00,,
1324,22.0667,20.6837,grenade,0,1,1,0,77.8,212,977,0.25,0,,,,,1.00,1.00,1.00,1.00,,
1325,22.0833,20.7003,grenade,0,1,1,0,84.0,105,995,0.25,0,,,,,1.00,1.00,1.00,1.00,,
1326,22.1000,20.7170,grenade,0,1,1,0,85.0,88,996,0.25,0,,,,,1.00,1.00,1.00,1.00,,
1327,22.1167,20.7337,grenade,0,1,1,0,85.5,79,997,0.25,0,,,,,1.00,1.00,1.00,1.00,,
1328,22.1333,20.7503,grenade,0,1,1,0,86.9,55,998,0.25,0,,,,,1.00,1.00,1.00,1.00,,
1329,22.1500,20.7670,grenade,0,1,1,0,148.8,-855,518,0.00,0,,,,,1.00,1.00,1.00,1.00,,
1330,22.1667,20.7837,grenade,0,1,1,0,-64.3,433,-901,0.00,0,,,,,1.00,1.00,1.00,1.00,,
1331,22.1833,20.8003,grenade,0,1,1,0,-55.2,571,-821,0.00,0,,,,,1.00,1.00,1.00,1.00,,
1332,22.2000,20.8170,grenade,0,1,1,0,-55.2,571,-821,0.00,0,,,,,1.00,1.00,1.00,1.00,,
1333,22.2167,20.8337,grenade,0,1,1,0,-55.2,571,-821,0.00,0,,,,,1.00,1.00,1.00,1.00,,
1334,22.2333,20.8503,grenade,0,1,1,0,-68.8,362,-932,0.00,0,,,,,1.00,1.00,1.00,1.00,,
1335,22.2500,20.8670,grenade,0,1,1,0,163.9,-961,277,0.00,0,,,,,1.00,1.00,1.00,1.00,,
1336,22.2667,20.8837,grenade,0,1,1,0,158.3,-929,369,0.00,0,,,,,1.00,1.00,1.00,1.00,,
1337,22.2833,20.9003,grenade,0,1,1,0,158.2,-928,371,0.00,0,,,,,1.00,1.00,1.00,1.00,,
1338,22.3000,20.9170,grenade,0,1,1,0,159.8,-938,346,10.00,0,,,,,1.00,1.00,1.00,0.00,,
1339,22.3167,20.9337,grenade,0,1,1,0,177.0,-999,52,3.00,1,-158.8,-932,-362,audio+recoil,1.00,1.00,1.00,0.17,1.00,0.00
1340,22.3333,20.9503,grenade,0,1,1,0,-158.8,-932,-362,0.00,0,,,,,1.00,1.00,1.00,0.00,,
1341,22.3500,20.9670,grenade,0,1,1,0,158.2,-928,371,9.50,0,,,,,1.00,1.00,1.00,0.13,,
1342,22.3667,20.9837,grenade,0,1,1,0,158.2,-929,371,9.50,0,,,,,1.00,1.00,1.00,1.00,,
1343,22.3833,21.0003,grenade,0,1,1,0,-102.2,-212,-977,7.50,0,,,,,1.00,1.00,1.00,1.00,,
1344,22.4000,21.0170,grenade,0,1,1,0,-39.8,769,-639,2.75,0,,,,,1.00,1.00,1.00,1.00,,
1345,22.4167,21.0337,grenade,0,1,1,0,-39.8,769,-639,0.00,0,,,,,1.00,1.00,1.00,1.00,,
1346,22.4333,21.0503,grenade,0,1,1,0,-39.8,769,-639,0.00,0,,,,,1.00,1.00,1.00,1.00,,
1347,22.4500,21.0670,grenade,0,1,1,0,-39.8,769,-639,0.00,0,,,,,1.00,1.00,1.00,1.00,,
1348,22.4667,21.0837,grenade,0,1,1,0,-39.8,769,-639,0.00,0,,,,,1.00,1.00,1.00,1.00,,
1349,22.4833,21.1003,grenade,0,1,1,0,-39.8,769,-639,0.00,0,,,,,1.00,1.00,1.00,1.00,,
1350,22.5000,21.1170,grenade,0,1,1,0,-87.2,50,-999,0.00,0,,,,,1.00,1.00,1.00,1.00,,
1351,22.5167,21.1337,grenade,0,1,1,0,-138.7,-751,-661,0.00,0,,,,,1.00,1.00,1.00,1.00,,
1352,22.5333,21.1503,grenade,0,1,1,0,-81.2,152,-988,0.00,0,,,,,1.00,1.00,1.00,1.00,,
1353,22.5500,21.1670,grenade,0,1,1,0,-103.3,-231,-973,0.00,0,,,,,1.00,1.00,1.00,1.00,,
1354,22.5667,21.1837,grenade,0,1,1,0,-54.6,579,-816,0.00,0,,,,,1.00,1.00,1.00,1.00,,
1355,22.5833,21.2003,grenade,0,1,1,0,-43.0,732,-681,0.00,0,,,,,1.00,1.00,1.00,1.00,,
1356,22.6000,21.2170,grenade,0,1,1,0,-39.2,774,-633,0.00,0,,,,,1.00,1.00,1.00,1.00,,
1357,22.6167,21.2337,grenade,0,1,1,0,-39.8,769,-639,0.00,0,,,,,1.00,1.00,1.00,1.00,,
1358,22.6333,21.2503,grenade,0,1,1,0,-39.8,769,-639,0.00,0,,,,,1.00,1.00,1.00,1.00,,
1359,22.6500,21.2670,grenade,0,1,1,0,-39.8,769,-639,0.00,0,,,,,1.00,1.00,1.00,1.00,,
1360,22.6667,21.2837,grenade,0,1,1,0,-39.8,769,-639,0.00,0,,,,,1.00,1.00,1.00,1.00,,
1361,22.6833,21.3003,grenade,0,1,1,0,-39.8,769,-639,0.00,0,,,,,1.00,1.00,1.00,1.00,,
1362,22.7000,21.3170,grenade,0,1,1,0,-39.8,769,-639,0.00,0,,,,,1.00,1.00,1.00,1.00,,
1363,22.7167,21.3337,grenade,0,1,1,0,-39.8,768,-640,0.00,0,,,,,1.00,1.00,1.00,1.00,,
1364,22.7333,21.3503,grenade,0,1,1,0,-39.8,768,-640,0.00,0,,,,,1.00,1.00,1.00,1.00,,
1365,22.7500,21.3670,grenade,0,1,1,0,-39.8,768,-640,0.00,0,,,,,1.00,1.00,1.00,1.00,,
1366,22.7667,21.3837,grenade,0,1,1,0,-39.8,768,-640,0.00,0,,,,,1.00,1.00,1.00,1.00,,
1367,22.7833,21.4003,grenade,0,1,1,0,-39.8,768,-640,0.00,0,,,,,1.00,1.00,1.00,1.00,,
1368,22.8000,21.4170,grenade,0,1,1,0,-39.7,769,-639,0.00,0,,,,,1.00,1.00,1.00,0.22,,
1369,22.8167,21.4337,grenade,0,1,1,0,-18.4,949,-316,2.75,1,14.1,970,244,audio+recoil,1.00,1.00,1.00,1.00,1.00,0.98
1370,22.8333,21.4503,grenade,0,1,1,0,14.1,970,244,6.50,0,,,,,1.00,1.00,1.00,0.98,,
1371,22.8500,21.4670,grenade,0,1,1,0,14.1,970,244,10.00,0,,,,,1.00,1.00,1.00,0.83,,
1372,22.8667,21.4837,grenade,0,1,1,0,14.1,970,243,10.00,0,,,,,1.00,1.00,1.00,0.60,,
1373,22.8833,21.5003,grenade,0,1,1,0,14.1,970,244,8.25,0,,,,,1.00,1.00,1.00,0.39,,
1374,22.9000,21.5170,grenade,0,1,1,1,14.2,970,244,3.00,0,,,,,1.00,1.00,1.00,0.73,,
1375,22.9167,21.5337,grenade,0,1,1,0,14.3,969,246,0.25,0,,,,,1.00,1.00,1.00,1.00,,
1376,22.9333,21.5503,grenade,0,1,1,0,14.3,969,246,0.25,0,,,,,1.00,1.00,1.00,1.00,,
1377,22.9500,21.5670,grenade,0,1,1,0,14.3,969,246,0.25,0,,,,,1.00,1.00,1.00,1.00,,
1378,22.9667,21.5837,grenade,0,1,1,0,-51.5,622,-783,0.00,0,,,,,1.00,1.00,1.00,1.00,,
1379,22.9833,21.6003,grenade,0,1,1,0,-92.2,-38,-999,0.00,0,,,,,1.00,1.00,1.00,1.00,,
1380,23.0000,21.6170,grenade,0,1,1,0,-82.5,131,-991,0.00,0,,,,,1.00,1.00,1.00,1.00,,
1381,23.0167,21.6337,grenade,0,1,1,0,-62.2,466,-885,0.00,0,,,,,1.00,1.00,1.00,1.00,,
1382,23.0333,21.6503,grenade,0,1,1,0,-62.2,466,-885,0.00,0,,,,,1.00,1.00,1.00,1.00,,
1383,23.0500,21.6670,grenade,0,1,1,0,-62.2,466,-885,0.00,0,,,,,1.00,1.00,1.00,1.00,,
1384,23.0667,21.6837,grenade,0,1,1,0,-62.2,466,-885,0.00,0,,,,,1.00,1.00,1.00,0.61,,
1385,23.0833,21.7003,grenade,0,1,1,0,-102.3,-213,-977,0.75,0,,,,,1.00,1.00,1.00,0.00,,
1386,23.1000,21.7170,grenade,0,1,1,0,-85.8,74,-997,2.75,0,,,,,1.00,1.00,1.00,0.00,,
1387,23.1167,21.7337,grenade,0,1,1,0,-132.9,-681,-733,0.00,0,,,,,1.00,1.00,1.00,1.00,,
1388,23.1333,21.7503,grenade,0,1,1,0,-131.2,-659,-752,0.50,0,,,,,1.00,1.00,1.00,0.54,,
1389,23.1500,21.7670,grenade,0,1,1,0,-166.7,-973,-230,0.00,0,,,,,1.00,1.00,1.00,0.17,,
1390,23.1667,21.7837,grenade,0,1,1,0,-166.7,-973,-230,0.00,0,,,,,1.00,1.00,1.00,0.32,,
1391,23.1833,21.8003,grenade,0,1,1,0,73.2,290,957,0.25,0,,,,,1.00,1.00,1.00,1.00,,
1392,23.2000,21.8170,grenade,1,0,-1,0,138.3,-747,665,0.00,0,,,,,1.00,1.00,1.00,1.00,,
1393,23.2167,21.8337,grenade,0,1,1,0,-149.0,-857,-515,0.00,0,,,,,1.00,1.00,1.00,1.00,,
1394,23.2333,21.8503,grenade,0,1,1,0,-163.8,-960,-280,0.00,0,,,,,1.00,1.00,1.00,1.00,,
1395,23.2500,21.8670,grenade,0,1,1,0,-163.8,-960,-280,0.00,0,,,,,1.00,1.00,1.00,1.00,,
1396,23.2667,21.8837,grenade,0,1,1,0,-163.8,-960,-280,0.00,0,,,,,1.00,1.00,1.00,1.00,,
1397,23.2833,21.9003,grenade,0,1,1,0,109.2,-330,944,0.25,0,,,,,1.00,1.00,1.00,1.00,,
1398,23.3000,21.9170,grenade,0,1,1,1,-35.6,813,-582,10.00,0,,,,,1.00,1.00,0.59,0.03,,
1399,23.3167,21.9337,grenade,0,1,1,0,-175.7,-997,-74,6.75,0,,,,,0.36,1.00,1.00,0.00,,
1400,23.3333,21.9503,grenade,0,1,1,0,170.7,-987,162,1.25,1,,,,audio,1.00,1.00,1.00,0.06,0.85,0.00
1401,23.3500,21.9670,grenade,0,1,1,0,-107.7,-304,-953,8.00,0,,,,,1.00,1.00,1.00,0.09,,
1402,23.3667,21.9837,grenade,0,1,1,0,-15.8,962,-272,0.00,0,,,,,1.00,1.00,1.00,0.00,,
1403,23.3833,22.0003,grenade,0,1,1,0,-27.0,891,-454,6.75,0,,,,,1.00,1.00,1.00,0.00,,
1404,23.4000,22.0170,grenade,0,1,1,0,-121.6,-525,-851,2.25,0,,,,,1.00,1.00,1.00,0.74,,
1405,23.4167,22.0337,grenade,0,1,1,0,-121.6,-524,-852,0.00,0,,,,,1.00,1.00,1.00,1.00,,
1406,23.4333,22.0503,grenade,0,1,1,0,-106.9,-291,-957,0.25,0,,,,,1.00,1.00,1.00,0.01,,
1407,23.4500,22.0670,grenade,0,1,1,0,-119.7,-495,-869,0.00,0,,,,,1.00,1.00,1.00,0.00,,
1408,23.4667,22.0837,grenade,0,1,1,0,-70.4,335,-942,0.25,0,,,,,1.00,1.00,1.00,0.05,,
1409,23.4833,22.1003,grenade,0,1,1,0,-72.8,295,-956,0.00,0,,,,,1.00,1.00,1.00,0.42,,
1410,23.5000,22.1170,grenade,0,1,1,0,-73.6,282,-959,0.00,0,,,,,1.00,1.00,1.00,0.62,,
1411,23.5167,22.1337,grenade,0,1,1,0,-74.9,261,-965,0.00,0,,,,,1.00,1.00,1.00,1.00,,
1412,23.5333,22.1503,grenade,0,1,1,0,-76.3,237,-972,0.00,0,,,,,1.00,1.00,1.00,1.00,,
1413,23.5500,22.1670,grenade,0,1,1,0,-76.3,237,-972,0.00,0,,,,,1.00,1.00,1.00,1.00,,
1414,23.5667,22.1837,grenade,0,1,1,0,-61.1,483,-876,0.00,0,,,,,1.00,1.00,1.00,1.00,,
1415,23.5833,22.2003,grenade,0,1,1,0,-77.3,220,-976,0.00,0,,,,,1.00,1.00,1.00,1.00,,
1416,23.6000,22.2170,grenade,0,1,1,0,-89.0,18,-1000,0.00,0,,,,,1.00,1.00,1.00,1.00,,
1417,23.6167,22.2337,grenade,0,1,1,0,-88.9,19,-1000,0.00,0,,,,,1.00,1.00,1.00,1.00,,
1418,23.6333,22.2503,grenade,0,1,1,0,-89.0,18,-1000,0.00,0,,,,,1.00,1.00,1.00,1.00,,
1419,23.6500,22.2670,grenade,0,1,1,0,-89.0,18,-1000,0.00,0,,,,,1.00,1.00,1.00,1.00,,
1420,23.6667,22.2837,grenade,0,1,1,0,-89.0,18,-1000,0.00,0,,,,,1.00,1.00,1.00,1.00,,
1421,23.6833,22.3003,grenade,0,1,1,0,-76.7,231,-973,0.00,0,,,,,1.00,1.00,1.00,1.00,,
1422,23.7000,22.3170,grenade,0,1,1,0,1.0,1000,18,0.25,0,,,,,1.00,1.00,1.00,1.00,,
1423,23.7167,22.3337,grenade,0,1,1,0,71.9,311,951,0.50,0,,,,,1.00,1.00,1.00,1.00,,
1424,23.7333,22.3503,grenade,0,1,1,0,-78.8,193,-981,0.00,0,,,,,1.00,1.00,1.00,1.00,,
1425,23.7500,22.3670,grenade,0,1,1,0,-46.9,683,-730,0.00,0,,,,,1.00,1.00,1.00,1.00,,
1426,23.7667,22.3837,grenade,0,1,1,0,-16.8,958,-288,0.25,0,,,,,1.00,1.00,1.00,1.00,,
1427,23.7833,22.4003,grenade,0,1,1,0,40.3,763,647,0.50,0,,,,,1.00,1.00,1.00,1.00,,
1428,23.8000,22.4170,grenade,0,1,1,0,-51.3,625,-780,0.00,0,,,,,1.00,1.00,1.00,0.43,,
1429,23.8167,22.4337,grenade,0,1,1,0,-72.0,308,-951,0.25,0,,,,,1.00,1.00,1.00,0.00,,
1430,23.8333,22.4503,grenade,0,1,1,0,-12.1,978,-210,0.25,0,,,,,1.00,1.00,1.00,1.00,,
1431,23.8500,22.4670,grenade,0,1,1,0,93.2,-57,998,0.25,0,,,,,1.00,1.00,1.00,1.00,,
1432,23.8667,22.4837,grenade,0,1,1,0,97.7,-133,991,0.25,0,,,,,1.00,1.00,1.00,1.00,,
1433,23.8833,22.5003,grenade,0,1,1,0,112.5,-382,924,0.25,0,,,,,1.00,1.00,1.00,1.00,,
1434,23.9000,22.5170,grenade,0,1,1,0,114.5,-414,910,0.25,0,,,,,1.00,1.00,1.00,1.00,,
1435,23.9167,22.5337,grenade,0,1,1,0,114.5,-414,910,0.25,0,,,,,1.00,1.00,1.00,1.00,,
1436,23.9333,22.5503,grenade,0,1,1,0,148.7,-854,520,0.00,0,,,,,1.00,1.00,1.00,1.00,,
1437,23.9500,22.5670,grenade,0,1,1,0,164.0,-961,276,0.00,0,,,,,1.00,1.00,1.00,1.00,,
1438,23.9667,22.5837,grenade,0,1,1,0,167.4,-976,218,0.00,0,,,,,1.00,1.00,1.00,1.00,,
1439,23.9833,22.6003,grenade,0,1,1,0,-68.0,375,-927,0.00,0,,,,,1.00,1.00,1.00,1.00,,
1440,24.0000,22.6170,grenade,0,1,1,0,-68.0,375,-927,0.00,0,,,,,1.00,1.00,1.00,1.00,,
1441,24.0167,22.6337,grenade,0,1,1,0,-67.8,378,-926,0.00,0,,,,,1.00,1.00,1.00,1.00,,
1442,24.0333,22.6503,grenade,0,1,1,0,-112.3,-380,-925,0.00,0,,,,,1.00,1.00,1.00,1.00,,
1443,24.0500,22.6670,grenade,0,1,1,0,-148.4,-852,-524,0.00,0,,,,,1.00,1.00,1.00,1.00,,
1444,24.0667,22.6837,grenade,0,1,1,0,-167.7,-977,-214,0.00,0,,,,,1.00,1.00,1.00,1.00,,
1445,24.0833,22.7003,grenade,0,1,1,0,73.5,284,959,0.25,0,,,,,1.00,1.00,1.00,1.00,,
1446,24.1000,22.7170,grenade,0,1,1,0,73.2,290,957,0.50,0,,,,,1.00,1.00,1.00,1.00,,
1447,24.1167,22.7337,grenade,0,1,1,0,162.2,-952,305,0.00,0,,,,,1.00,1.00,1.00,1.00,,
1448,24.1333,22.7503,grenade,0,1,1,0,-173.6,-994,-111,0.00,0,,,,,1.00,1.00,1.00,1.00,,
1449,24.1500,22.7670,grenade,0,1,1,0,-173.6,-994,-111,0.00,0,,,,,1.00,1.00,1.00,1.00,,
1450,24.1667,22.7837,grenade,1,0,-1,0,-173.7,-994,-109,0.00,0,,,,,1.00,1.00,1.00,0.00,,
1451,24.1833,22.8003,grenade,1,0,-1,0,-177.0,-999,-53,0.75,1,20.4,937,349,audio+recoil,1.00,1.00,1.00,1.00,1.00,1.00
1452,24.2000,22.8170,grenade,1,0,-1,0,20.4,937,349,5.50,0,,,,,1.00,1.00,1.00,1.00,,
1453,24.2167,22.8337,grenade,0,1,1,0,38.7,780,625,8.75,0,,,,,1.00,1.00,1.00,1.00,,
1454,24.2333,22.8503,grenade,0,1,1,0,54.0,588,809,10.00,0,,,,,1.00,1.00,1.00,1.00,,
1455,24.2500,22.8670,grenade,0,0,0,0,54.0,588,809,9.00,0,,,,,1.00,1.00,1.00,1.00,,
1456,24.2667,22.8837,grenade,0,1,1,0,53.9,589,808,4.50,0,,,,,1.00,1.00,1.00,1.00,,
1457,24.2833,22.9003,grenade,1,0,-1,0,56.4,554,832,0.50,0,,,,,1.00,1.00,1.00,1.00,,
1458,24.3000,22.9170,grenade,1,0,-1,0,120.9,-514,858,0.25,0,,,,,1.00,1.00,1.00,0.84,,
1459,24.3167,22.9337,grenade,1,0,-1,0,140.2,-769,639,0.00,0,,,,,1.00,1.00,1.00,0.74,,
1460,24.3333,22.9503,grenade,1,0,-1,0,140.3,-770,638,0.00,0,,,,,1.00,1.00,1.00,0.43,,
1461,24.3500,22.9670,grenade,1,0,-1,0,-76.0,242,-970,0.00,0,,,,,1.00,1.00,1.00,1.00,,
1462,24.3667,22.9837,grenade,1,0,-1,0,-42.6,736,-678,0.00,0,,,,,1.00,1.00,1.00,1.00,,
1463,24.3833,23.0003,grenade,1,0,-1,0,-42.6,736,-678,0.00,0,,,,,1.00,1.00,1.00,0.87,,
1464,24.4000,23.0170,grenade,1,0,-1,0,-42.6,736,-678,0.50,0,,,,,1.00,1.00,1.00,0.68,,
1465,24.4167,23.0337,grenade,1,0,-1,0,-87.2,50,-999,0.00,0,,,,,1.00,1.00,1.00,0.00,,
1466,24.4333,23.0503,grenade,1,0,-1,0,-42.5,738,-675,2.00,0,,,,,1.00,1.00,1.00,0.72,,
1467,24.4500,23.0670,grenade,1,0,-1,0,-42.7,735,-678,0.00,0,,,,,1.00,1.00,1.00,1.00,,
1468,24.4667,23.0837,grenade,0,0,0,0,-43.0,731,-683,0.50,0,,,,,1.00,1.00,1.00,0.36,,
1469,24.4833,23.1003,grenade,1,0,-1,0,140.0,-767,642,0.00,0,,,,,1.00,1.00,1.00,1.00,,
1470,24.5000,23.1170,grenade,1,0,-1,0,140.0,-767,642,0.00,0,,,,,1.00,1.00,1.00,1.00,,
1471,24.5167,23.1337,grenade,1,0,-1,0,140.0,-767,642,0.00,0,,,,,1.00,1.00,1.00,1.00,,
1472,24.5333,23.1503,grenade,1,0,-1,0,140.0,-767,642,0.00,0,,,,,1.00,1.00,1.00,1.00,,
1473,24.5500,23.1670,grenade,1,0,-1,0,140.0,-767,642,0.00,0,,,,,1.00,1.00,0.36,1.00,,
1474,24.5667,23.1837,grenade,1,0,-1,0,140.0,-767,642,0.00,0,,,,,1.00,1.00,0.94,1.00,,
1475,24.5833,23.2003,grenade,1,0,-1,0,140.0,-767,642,0.00,0,,,,,1.00,1.00,1.00,1.00,,
1476,24.6000,23.2170,grenade,1,0,-1,0,140.8,-775,631,0.00,0,,,,,1.00,1.00,1.00,1.00,,
1477,24.6167,23.2337,grenade,1,0,-1,0,-123.3,-549,-836,0.00,0,,,,,1.00,1.00,1.00,1.00,,
1478,24.6333,23.2503,grenade,1,0,-1,0,-99.5,-164,-986,0.00,0,,,,,1.00,1.00,1.00,1.00,,
1479,24.6500,23.2670,grenade,1,0,-1,0,-99.5,-164,-986,0.00,0,,,,,1.00,1.00,1.00,1.00,,
1480,24.6667,23.2837,grenade,1,0,-1,0,-99.5,-164,-986,0.00,0,,,,,1.00,1.00,1.00,0.67,,
1481,24.6833,23.3003,grenade,1,0,-1,0,-103.0,-224,-975,10.00,0,,,,,1.00,1.00,1.00,0.00,,
1482,24.7000,23.3170,grenade,1,0,-1,0,13.7,972,236,10.00,0,,,,,1.00,1.00,1.00,0.26,,
1483,24.7167,23.3337,grenade,1,0,-1,0,-52.2,613,-790,0.75,1,-52.2,613,-790,audio+recoil,1.00,0.91,1.00,0.00,1.00,0.00
1484,24.7333,23.3503,grenade,1,0,-1,0,-46.9,684,-730,3.00,0,,,,,1.00,1.00,1.00,0.19,,
1485,24.7500,23.3670,grenade,1,0,-1,0,-73.2,290,-957,9.50,0,,,,,1.00,1.00,1.00,0.96,,
1486,24.7667,23.3837,grenade,1,0,-1,0,14.2,969,245,8.75,0,,,,,1.00,1.00,1.00,1.00,,
1487,24.7833,23.4003,grenade,1,0,-1,0,12.0,978,208,6.00,0,,,,,1.00,1.00,1.00,1.00,,
1488,24.8000,23.4170,grenade,1,0,-1,0,-86.5,60,-998,1.50,0,,,,,1.00,1.00,1.00,1.00,,
1489,24.8167,23.4337,grenade,1,0,-1,0,-107.5,-302,-953,0.00,0,,,,,1.00,1.00,1.00,0.98,,
1490,24.8333,23.4503,grenade,1,0,-1,0,-107.6,-302,-953,0.00,0,,,,,1.00,1.00,1.00,1.00,,
1491,24.8500,23.4670,grenade,1,0,-1,0,-107.6,-302,-953,0.00,0,,,,,1.00,1.00,1.00,0.99,,
1492,24.8667,23.4837,grenade,1,0,-1,0,-107.5,-301,-954,0.00,0,,,,,1.00,1.00,1.00,1.00,,
1493,24.8833,23.5003,grenade,1,0,-1,0,-107.5,-301,-954,0.00,0,,,,,1.00,1.00,1.00,1.00,,
1494,24.9000,23.5170,grenade,1,0,-1,0,-107.6,-302,-953,0.00,0,,,,,1.00,1.00,1.00,1.00,,
1495,24.9167,23.5337,grenade,1,0,-1,0,-107.5,-302,-953,0.00,0,,,,,1.00,1.00,1.00,1.00,,
1496,24.9333,23.5503,grenade,1,0,-1,0,-107.6,-302,-953,0.00,0,,,,,1.00,1.00,1.00,0.99,,
1497,24.9500,23.5670,grenade,1,0,-1,0,-107.5,-301,-954,0.00,0,,,,,1.00,1.00,1.00,1.00,,
1498,24.9667,23.5837,grenade,1,0,-1,0,-107.5,-302,-953,0.00,0,,,,,1.00,1.00,1.00,1.00,,
1499,24.9833,23.6003,grenade,1,0,-1,0,-107.5,-301,-954,0.00,0,,,,,1.00,1.00,1.00,1.00,,
1500,25.0000,23.6170,grenade,1,0,-1,0,-107.5,-302,-953,0.00,0,,,,,1.00,1.00,1.00,1.00,,
1501,25.0167,23.6337,grenade,1,0,-1,0,-97.8,-137,-991,8.00,0,,,,,1.00,1.00,1.00,0.00,,
1502,25.0333,23.6503,grenade,1,0,-1,0,-98.0,-139,-990,8.25,0,,,,,1.00,1.00,1.00,0.00,,
1503,25.0500,23.6670,grenade,1,0,-1,0,-97.9,-137,-991,8.25,0,,,,,1.00,1.00,1.00,0.00,,
1504,25.0667,23.6837,grenade,1,0,-1,0,-97.8,-137,-991,8.00,0,,,,,1.00,1.00,1.00,0.00,,
1505,25.0833,23.7003,grenade,1,0,-1,0,-98.0,-139,-990,8.25,0,,,,,1.00,1.00,1.00,0.00,,
1506,25.1000,23.7170,grenade,1,0,-1,0,-127.5,-608,-794,0.00,0,,,,,1.00,1.00,1.00,1.00,,
1507,25.1167,23.7337,grenade,1,0,-1,0,-127.5,-608,-794,0.00,0,,,,,1.00,1.00,1.00,1.00,,
1508,25.1333,23.7503,grenade,1,0,-1,0,-127.5,-608,-794,0.00,0,,,,,1.00,1.00,1.00,1.00,,
1509,25.1500,23.7670,grenade,1,0,-1,0,-135.5,-713,-702,0.00,0,,,,,1.00,1.00,1.00,1.00,,
1510,25.1667,23.7837,grenade,1,0,-1,0,-145.5,-824,-566,0.00,0,,,,,1.00,1.00,1.00,1.00,,
1511,25.1833,23.8003,grenade,1,0,-1,0,-145.1,-820,-573,10.00,0,,,,,1.00,1.00,1.00,0.00,,
1512,25.2000,23.8170,grenade,1,0,-1,0,-145.5,-824,-566,0.00,0,,,,,1.00,1.00,1.00,0.87,,
1513,25.2167,23.8337,grenade,1,0,-1,0,-65.2,419,-908,9.50,1,-65.2,419,-908,audio+recoil,1.00,1.00,1.00,0.00,1.00,0.00
1514,25.2333,23.8503,grenade,1,0,-1,0,-97.8,-137,-991,8.00,0,,,,,1.00,1.00,1.00,0.00,,
1515,25.2500,23.8670,grenade,1,0,-1,0,55.5,567,824,10.00,0,,,,,1.00,1.00,1.00,1.00,,
1516,25.2667,23.8837,grenade,1,0,-1,0,55.5,567,824,9.00,0,,,,,1.00,1.00,1.00,0.73,,
1517,25.2833,23.9003,grenade,1,0,-1,0,57.7,535,845,6.00,0,,,,,1.00,1.00,1.00,1.00,,
1518,25.3000,23.9170,grenade,1,0,-1,0,108.0,-309,951,1.75,0,,,,,1.00,1.00,1.00,1.00,,
1519,25.3167,23.9337,grenade,1,0,-1,0,124.6,-568,823,0.00,0,,,,,1.00,1.00,1.00,1.00,,
1520,25.3333,23.9503,grenade,1,0,-1,0,124.6,-568,823,0.00,0,,,,,1.00,1.00,1.00,1.00,,
1521,25.3500,23.9670,grenade,1,0,-1,0,124.7,-569,823,0.00,0,,,,,1.00,1.00,1.00,1.00,,
1522,25.3667,23.9837,grenade,1,0,-1,1,124.7,-569,823,0.00,0,,,,,1.00,1.00,1.00,1.00,,
1523,25.3833,24.0003,grenade,1,0,-1,1,124.7,-569,823,0.00,0,,,,,1.00,1.00,1.00,1.00,,
1524,25.4000,24.0170,grenade,1,0,-1,0,124.7,-569,823,0.00,0,,,,,1.00,1.00,1.00,1.00,,
1525,25.4167,24.0337,grenade,1,0,-1,0,115.5,-431,903,0.25,0,,,,,1.00,1.00,1.00,1.00,,
1526,25.4333,24.0503,grenade,1,0,-1,0,110.3,-348,938,0.25,0,,,,,1.00,1.00,1.00,1.00,,
1527,25.4500,24.0670,grenade,1,0,-1,0,110.3,-348,938,0.25,0,,,,,1.00,1.00,1.00,1.00,,
1528,25.4667,24.0837,grenade,1,0,-1,0,113.7,-402,916,0.25,0,,,,,1.00,1.00,1.00,1.00,,
1529,25.4833,24.1003,grenade,1,0,-1,0,160.2,-941,338,0.00,0,,,,,1.00,1.00,1.00,1.00,,
1530,25.5000,24.1170,grenade,1,0,-1,0,123.7,-555,832,0.00,0,,,,,1.00,1.00,1.00,1.00,,
1531,25.5167,24.1337,grenade,1,0,-1,0,114.5,-414,910,0.25,0,,,,,1.00,1.00,1.00,1.00,,
1532,25.5333,24.1503,grenade,1,0,-1,0,114.5,-414,910,0.25,0,,,,,1.00,1.00,1.00,1.00,,
1533,25.5500,24.1670,grenade,1,0,-1,0,114.5,-414,910,0.25,0,,,,,1.00,1.00,1.00,1.00,,
1534,25.5667,24.1837,grenade,1,0,-1,0,114.5,-414,910,0.25,0,,,,,1.00,1.00,1.00,1.00,,
1535,25.5833,24.2003,grenade,1,0,-1,0,114.5,-414,910,0.25,0,,,,,1.00,1.00,1.00,1.00,,
1536,25.6000,24.2170,grenade,1,0,-1,0,113.7,-402,916,0.25,0,,,,,1.00,1.00,1.00,1.00,,
1537,25.6167,24.2337,grenade,1,0,-1,0,44.2,716,698,0.50,0,,,,,1.00,1.00,1.00,1.00,,
1538,25.6333,24.2503,grenade,1,0,-1,0,21.2,932,362,0.25,0,,,,,1.00,1.00,1.00,1.00,,
1539,25.6500,24.2670,grenade,1,0,-1,0,21.2,932,362,0.25,0,,,,,1.00,1.00,1.00,1.00,,
1540,25.6667,24.2837,grenade,1,0,-1,0,21.2,932,362,0.25,0,,,,,1.00,1.00,1.00,1.00,,
1541,25.6833,24.3003,grenade,1,0,-1,0,21.2,932,362,0.50,0,,,,,1.00,1.00,1.00,1.00,,
1542,25.7000,24.3170,grenade,1,0,-1,0,21.2,932,362,0.25,0,,,,,1.00,1.00,1.00,1.00,,
1543,25.7167,24.3337,grenade,1,0,-1,0,-91.0,-17,-1000,3.50,0,,,,,1.00,1.00,0.86,0.00,,
1544,25.7333,24.3503,grenade,1,0,-1,0,45.4,702,712,10.00,1,11.5,980,199,audio+recoil,1.00,1.00,1.00,0.00,1.00,0.03
1545,25.7500,24.3670,grenade,1,0,-1,0,11.5,980,199,7.50,0,,,,,1.00,1.00,1.00,0.04,,
1546,25.7667,24.3837,grenade,1,0,-1,0,21.3,932,363,10.00,0,,,,,1.00,1.00,1.00,1.00,,
1547,25.7833,24.4003,grenade,1,0,-1,0,21.2,932,362,9.75,0,,,,,1.00,1.00,1.00,1.00,,
1548,25.8000,24.4170,grenade,1,0,-1,0,21.2,932,362,7.50,0,,,,,1.00,1.00,1.00,1.00,,
1549,25.8167,24.4337,grenade,1,0,-1,0,21.2,932,362,1.75,0,,,,,1.00,1.00,1.00,1.00,,
1550,25.8333,24.4503,grenade,1,0,-1,0,21.2,932,362,0.50,0,,,,,1.00,1.00,1.00,1.00,,
1551,25.8500,24.4670,grenade,1,0,-1,0,90.0,0,1000,0.25,0,,,,,1.00,1.00,1.00,1.00,,
1552,25.8667,24.4837,grenade,1,0,-1,0,162.2,-952,305,0.00,0,,,,,1.00,1.00,1.00,1.00,,
1553,25.8833,24.5003,grenade,1,0,-1,0,-69.0,358,-934,0.00,0,,,,,1.00,1.00,1.00,1.00,,
1554,25.9000,24.5170,grenade,1,0,-1,0,-1.7,1000,-30,0.25,0,,,,,1.00,1.00,1.00,1.00,,
1555,25.9167,24.5337,grenade,1,0,-1,0,-72.0,310,-951,0.00,0,,,,,1.00,1.00,1.00,1.00,,
1556,25.9333,24.5503,grenade,1,0,-1,0,-83.6,112,-994,0.00,0,,,,,1.00,1.00,1.00,1.00,,
1557,25.9500,24.5670,grenade,1,0,-1,0,-102.8,-221,-975,0.00,0,,,,,1.00,1.00,1.00,1.00,,
1558,25.9667,24.5837,grenade,1,0,-1,0,131.6,-664,748,0.00,0,,,,,1.00,1.00,1.00,1.00,,
1559,25.9833,24.6003,grenade,1,0,-1,0,131.6,-664,748,0.00,0,,,,,1.00,1.00,1.00,1.00,,
1560,26.0000,24.6170,grenade,1,0,-1,0,131.6,-664,748,0.00,0,,,,,1.00,1.00,1.00,1.00,,
1561,26.0167,24.6337,grenade,1,0,-1,0,131.6,-664,748,0.00,0,,,,,1.00,1.00,1.00,1.00,,
1562,26.0333,24.6503,grenade,1,0,-1,0,140.0,-766,643,0.00,0,,,,,1.00,1.00,1.00,1.00,,
1563,26.0500,24.6670,grenade,1,0,-1,0,143.5,-803,596,0.00,0,,,,,1.00,1.00,1.00,1.00,,
1564,26.0667,24.6837,grenade,1,0,-1,0,131.6,-664,748,0.00,0,,,,,1.00,1.00,1.00,1.00,,
1565,26.0833,24.7003,grenade,1,0,-1,0,131.6,-664,748,0.00,0,,,,,1.00,1.00,1.00,1.00,,
1566,26.1000,24.7170,grenade,1,0,-1,0,131.6,-664,748,0.00,0,,,,,1.00,1.00,1.00,1.00,,
1567,26.1167,24.7337,grenade,1,0,-1,0,131.6,-664,748,0.00,0,,,,,1.00,1.00,1.00,1.00,,
1568,26.1333,24.7503,grenade,1,0,-1,0,131.6,-663,748,0.00,0,,,,,1.00,1.00,1.00,1.00,,
1569,26.1500,24.7670,grenade,1,0,-1,0,131.6,-664,748,0.00,0,,,,,1.00,1.00,1.00,1.00,,
1570,26.1667,24.7837,grenade,1,0,-1,0,131.6,-664,748,0.00,0,,,,,1.00,1.00,1.00,1.00,,
1571,26.1833,24.8003,grenade,1,0,-1,0,131.6,-664,748,0.00,0,,,,,1.00,1.00,1.00,1.00,,
1572,26.2000,24.8170,grenade,1,0,-1,0,131.6,-664,748,0.00,0,,,,,1.00,1.00,1.00,1.00,,
1573,26.2167,24.8337,grenade,1,0,-1,0,131.6,-664,748,0.00,0,,,,,1.00,1.00,1.00,1.00,,
1574,26.2333,24.8503,grenade,1,0,-1,0,-103.5,-233,-972,0.00,0,,,,,1.00,1.00,1.00,1.00,,
1575,26.2500,24.8670,grenade,1,0,-1,0,-96.5,-113,-994,0.00,0,,,,,1.00,1.00,1.00,1.00,,
1576,26.2667,24.8837,grenade,1,0,-1,0,152.8,-889,458,0.00,0,,,,,1.00,1.00,1.00,1.00,,
1577,26.2833,24.9003,grenade,1,0,-1,0,152.8,-889,458,0.00,0,,,,,1.00,1.00,1.00,1.00,,
1578,26.3000,24.9170,grenade,1,0,-1,0,152.8,-889,458,0.00,0,,,,,1.00,1.00,1.00,1.00,,
1579,26.3167,24.9337,grenade,1,0,-1,0,152.8,-889,458,0.00,0,,,,,1.00,1.00,1.00,1.00,,
1580,26.3333,24.9503,grenade,1,0,-1,0,152.8,-889,458,0.00,0,,,,,1.00,1.00,1.00,1.00,,
1581,26.3500,24.9670,grenade,1,0,-1,0,-160.7,-944,-331,0.00,0,,,,,1.00,1.00,1.00,1.00,,
1582,26.3667,24.9837,grenade,1,0,-1,0,-117.6,-463,-887,0.00,0,,,,,1.00,1.00,1.00,1.00,,
1583,26.3833,25.0003,grenade,1,0,-1,0,-117.7,-464,-886,0.00,0,,,,,1.00,1.00,1.00,0.33,,
1584,26.4000,25.0170,grenade,1,0,-1,0,-118.7,-480,-877,0.75,0,,,,,1.00,1.00,1.00,0.00,,
1585,26.4167,25.0337,grenade,1,0,-1,0,-119.3,-489,-872,0.25,0,,,,,1.00,1.00,1.00,0.00,,
1586,26.4333,25.0503,grenade,1,0,-1,0,-118.3,-473,-881,0.50,0,,,,,1.00,1.00,1.00,0.00,,
1587,26.4500,25.0670,grenade,1,0,-1,0,-117.8,-467,-884,0.00,0,,,,,1.00,1.00,1.00,0.00,,
1588,26.4667,25.0837,grenade,1,0,-1,0,-160.4,-942,-335,0.00,0,,,,,1.00,1.00,1.00,0.00,,
1589,26.4833,25.1003,grenade,0,0,0,0,108.9,-324,946,1.00,1,-171.7,-990,-144,audio+recoil,1.00,1.00,1.00,1.00,1.00,0.18
1590,26.5000,25.1170,grenade,0,0,0,0,-171.7,-990,-144,4.25,0,,,,,1.00,1.00,1.00,0.18,,
1591,26.5167,25.1337,grenade,1,0,-1,0,-114.7,-418,-909,2.50,0,,,,,1.00,1.00,1.00,0.00,,
1592,26.5333,25.1503,grenade,1,0,-1,0,139.5,-760,649,10.00,0,,,,,1.00,1.00,0.45,1.00,,
1593,26.5500,25.1670,grenade,1,0,-1,0,90.4,-7,1000,9.25,0,,,,,1.00,1.00,1.00,1.00,,
1594,26.5667,25.1837,grenade,1,0,-1,0,90.4,-7,1000,4.75,0,,,,,1.00,1.00,1.00,1.00,,
1595,26.5833,25.2003,grenade,1,0,-1,0,90.4,-7,1000,0.50,0,,,,,1.00,1.00,1.00,1.00,,
1596,26.6000,25.2170,grenade,0,0,0,0,71.2,322,947,0.25,0,,,,,1.00,1.00,1.00,1.00,,
1597,26.6167,25.2337,grenade,0,0,0,0,71.2,322,947,0.25,0,,,,,1.00,1.00,1.00,1.00,,
1598,26.6333,25.2503,grenade,0,0,0,0,71.2,322,947,0.25,0,,,,,1.00,1.00,1.00,1.00,,
1599,26.6500,25.2670,grenade,0,0,0,0,71.2,322,947,0.25,0,,,,,1.00,1.00,1.00,1.00,,
1600,26.6667,25.2837,grenade,0,0,0,0,71.2,322,947,0.25,0,,,,,1.00,1.00,1.00,1.00,,
1601,26.6833,25.3003,grenade,0,0,0,0,71.2,322,947,0.50,0,,,,,1.00,1.00,1.00,0.83,,
1602,26.7000,25.3170,grenade,0,0,0,0,71.2,321,947,0.50,0,,,,,1.00,1.00,1.00,0.30,,
1603,26.7167,25.3337,grenade,0,1,1,0,50.2,640,768,3.25,0,,,,,1.00,1.00,1.00,0.32,,
1604,26.7333,25.3503,grenade,0,1,1,0,34.2,827,562,1.00,0,,,,,1.00,1.00,1.00,0.67,,
1605,26.7500,25.3670,grenade,0,1,1,0,33.9,830,558,0.50,0,,,,,1.00,1.00,1.00,0.53,,
1606,26.7667,25.3837,grenade,0,0,0,0,34.0,830,558,0.50,0,,,,,1.00,1.00,1.00,1.00,,
1607,26.7833,25.4003,grenade,1,0,-1,0,36.3,806,592,0.50,0,,,,,1.00,1.00,1.00,1.00,,
1608,26.8000,25.4170,grenade,1,0,-1,0,126.0,-588,809,0.00,0,,,,,1.00,1.00,1.00,1.00,,
1609,26.8167,25.4337,grenade,1,0,-1,0,147.2,-841,541,0.00,0,,,,,1.00,1.00,1.00,0.64,,
1610,26.8333,25.4503,grenade,1,0,-1,0,147.2,-840,542,0.00,0,,,,,1.00,1.00,1.00,0.37,,
1611,26.8500,25.4670,grenade,1,0,-1,0,147.1,-840,543,0.00,0,,,,,1.00,1.00,1.00,1.00,,
1612,26.8667,25.4837,grenade,1,0,-1,0,147.1,-840,543,0.00,0,,,,,1.00,1.00,1.00,1.00,,
1613,26.8833,25.5003,grenade,1,0,-1,0,147.1,-840,543,0.00,0,,,,,1.00,1.00,1.00,1.00,,
1614,26.9000,25.5170,grenade,1,0,-1,0,-152.7,-889,-459,0.00,0,,,,,1.00,1.00,1.00,1.00,,
1615,26.9167,25.5337,grenade,1,0,-1,0,-149.8,-865,-502,0.00,0,,,,,1.00,1.00,1.00,1.00,,
1616,26.9333,25.5503,grenade,1,0,-1,0,-149.8,-864,-503,0.00,0,,,,,1.00,1.00,1.00,1.00,,
1617,26.9500,25.5670,grenade,1,0,-1,0,-149.8,-865,-502,0.00,0,,,,,1.00,1.00,1.00,1.00,,
1618,26.9667,25.5837,grenade,1,0,-1,0,17.5,954,301,9.00,0,,,,,1.00,1.00,1.00,0.00,,
1619,26.9833,25.6003,grenade,1,0,-1,0,-155.4,-909,-416,0.25,1,163.0,-956,292,audio+recoil,1.00,1.00,1.00,1.00,1.00,1.00
1620,27.0000,25.6170,grenade,1,0,-1,0,163.0,-956,292,4.50,0,,,,,1.00,1.00,1.00,1.00,,
1621,27.0167,25.6337,grenade,1,0,-1,0,152.8,-889,458,9.00,0,,,,,1.00,1.00,1.00,1.00,,
1622,27.0333,25.6503,grenade,1,0,-1,0,152.8,-889,458,9.75,0,,,,,1.00,1.00,1.00,1.00,,
1623,27.0500,25.6670,grenade,1,0,-1,0,152.8,-889,458,8.75,0,,,,,1.00,1.00,1.00,1.00,,
1624,27.0667,25.6837,grenade,1,0,-1,0,152.8,-889,457,4.25,0,,,,,1.00,1.00,1.00,1.00,,
1625,27.0833,25.7003,grenade,1,0,-1,0,152.9,-890,456,0.00,0,,,,,1.00,1.00,1.00,0.72,,
1626,27.1000,25.7170,grenade,1,0,-1,0,-20.9,935,-356,0.25,0,,,,,1.00,1.00,1.00,1.00,,
1627,27.1167,25.7337,grenade,1,0,-1,0,-83.0,121,-993,0.00,0,,,,,1.00,1.00,1.00,1.00,,
1628,27.1333,25.7503,grenade,1,0,-1,0,-102.8,-221,-975,0.00,0,,,,,1.00,0.96,1.00,1.00,,
1629,27.1500,25.7670,grenade,1,0,-1,1,-46.1,693,-721,0.00,0,,,,,1.00,1.00,1.00,1.00,,
1630,27.1667,25.7837,grenade,1,0,-1,1,48.4,665,747,0.50,0,,,,,1.00,1.00,1.00,1.00,,
1631,27.1833,25.8003,grenade,1,0,-1,1,48.3,665,747,0.50,0,,,,,1.00,1.00,1.00,1.00,,
1632,27.2000,25.8170,grenade,1,0,-1,1,48.3,665,747,0.50,0,,,,,1.00,1.00,1.00,1.00,,
1633,27.2167,25.8337,grenade,1,0,-1,0,84.5,97,995,0.25,0,,,,,1.00,1.00,1.00,1.00,,
1634,27.2333,25.8503,grenade,1,0,-1,1,110.3,-348,938,0.25,0,,,,,1.00,1.00,1.00,1.00,,
1635,27.2500,25.8670,grenade,1,0,-1,1,110.3,-348,938,0.25,0,,,,,1.00,1.00,1.00,1.00,,
1636,27.2667,25.8837,grenade,1,0,-1,0,111.8,-371,929,0.25,0,,,,,1.00,1.00,1.00,1.00,,
1637,27.2833,25.9003,grenade,1,0,-1,0,114.1,-408,913,0.25,0,,,,,1.00,1.00,1.00,1.00,,
1638,27.3000,25.9170,grenade,1,0,-1,0,-51.9,618,-786,0.00,0,,,,,1.00,1.00,1.00,1.00,,
1639,27.3167,25.9337,grenade,1,0,-1,0,-56.9,546,-838,0.00,0,,,,,1.00,1.00,1.00,0.60,,
1640,27.3333,25.9503,grenade,1,0,-1,0,-56.8,548,-837,0.00,0,,,,,1.00,1.00,1.00,0.36,,
1641,27.3500,25.9670,grenade,1,0,-1,0,-54.2,584,-812,0.00,0,,,,,1.00,1.00,1.00,0.51,,
1642,27.3667,25.9837,grenade,1,0,-1,0,-51.3,625,-780,0.00,0,,,,,1.00,1.00,1.00,0.68,,
1643,27.3833,26.0003,grenade,1,0,-1,0,-51.3,625,-780,0.00,0,,,,,1.00,1.00,1.00,0.46,,
1644,27.4000,26.0170,grenade,1,0,-1,0,-51.1,627,-779,0.00,0,,,,,1.00,1.00,1.00,1.00,,
1645,27.4167,26.0337,grenade,1,0,-1,0,-49.3,652,-758,0.00,0,,,,,1.00,1.00,1.00,1.00,,
1646,27.4333,26.0503,grenade,1,0,-1,0,-48.3,665,-747,0.00,0,,,,,1.00,1.00,1.00,1.00,,
1647,27.4500,26.0670,grenade,1,0,-1,0,-48.3,665,-747,0.00,0,,,,,1.00,1.00,1.00,1.00,,
1648,27.4667,26.0837,grenade,1,0,-1,0,-49.5,650,-760,0.00,0,,,,,1.00,1.00,1.00,1.00,,
1649,27.4833,26.1003,grenade,1,0,-1,0,-66.7,396,-918,0.00,0,,,,,1.00,1.00,1.00,1.00,,
1650,27.5000,26.1170,grenade,1,0,-1,0,-66.7,396,-918,0.00,0,,,,,1.00,1.00,1.00,1.00,,
1651,27.5167,26.1337,grenade,1,0,-1,0,-66.7,396,-918,0.00,0,,,,,1.00,1.00,1.00,1.00,,
1652,27.5333,26.1503,grenade,1,0,-1,0,-66.7,396,-918,0.00,0,,,,,1.00,1.00,1.00,1.00,,
1653,27.5500,26.1670,grenade,1,0,-1,0,-66.7,396,-918,0.00,0,,,,,1.00,1.00,1.00,1.00,,
1654,27.5667,26.1837,grenade,1,0,-1,0,-59.2,512,-859,0.00,0,,,,,1.00,1.00,1.00,1.00,,
1655,27.5833,26.2003,grenade,1,0,-1,0,-40.5,761,-649,0.00,0,,,,,1.00,1.00,1.00,1.00,,
1656,27.6000,26.2170,grenade,1,0,-1,0,-40.5,760,-649,0.25,0,,,,,1.00,1.00,1.00,1.00,,
1657,27.6167,26.2337,grenade,1,0,-1,0,-96.5,-113,-994,4.00,1,-96.5,-113,-994,audio+recoil,1.00,1.00,1.00,1.00,1.00,0.95
1658,27.6333,26.2503,grenade,1,0,-1,0,-158.0,-928,-374,7.25,0,,,,,1.00,1.00,1.00,1.00,,
1659,27.6500,26.2670,grenade,1,0,-1,0,162.4,-953,302,9.75,0,,,,,1.00,1.00,1.00,1.00,,
1660,27.6667,26.2837,grenade,1,1,0,0,-135.7,-716,-698,8.75,0,,,,,1.00,0.59,1.00,0.72,,
1661,27.6833,26.3003,grenade,1,0,-1,0,-135.8,-718,-697,4.50,0,,,,,1.00,1.00,1.00,1.00,,
1662,27.7000,26.3170,grenade,1,0,-1,0,-135.8,-717,-697,0.50,0,,,,,1.00,1.00,1.00,1.00,,
1663,27.7167,26.3337,grenade,1,0,-1,0,-135.8,-718,-697,0.00,0,,,,,1.00,1.00,1.00,1.00,,
1664,27.7333,26.3503,grenade,1,0,-1,0,-102.0,-208,-978,0.00,0,,,,,1.00,1.00,1.00,1.00,,
1665,27.7500,26.3670,grenade,1,0,-1,0,-106.8,-289,-957,0.00,0,,,,,1.00,1.00,1.00,1.00,,
1666,27.7667,26.3837,grenade,1,0,-1,0,170.9,-987,158,0.00,0,,,,,1.00,1.00,1.00,1.00,,
1667,27.7833,26.4003,grenade,1,0,-1,0,170.9,-987,158,0.00,0,,,,,1.00,1.00,1.00,1.00,,
1668,27.8000,26.4170,grenade,1,0,-1,0,170.9,-987,158,0.00,0,,,,,1.00,1.00,1.00,1.00,,
1669,27.8167,26.4337,grenade,1,0,-1,0,170.9,-987,158,0.00,0,,,,,1.00,1.00,1.00,1.00,,
1670,27.8333,26.4503,grenade,1,0,-1,0,170.9,-987,158,0.00,0,,,,,1.00,1.00,1.00,1.00,,
1671,27.8500,26.4670,grenade,1,0,-1,0,170.9,-987,158,0.00,0,,,,,1.00,1.00,1.00,1.00,,
1672,27.8667,26.4837,grenade,1,0,-1,0,170.9,-987,158,0.00,0,,,,,1.00,1.00,1.00,1.00,,
1673,27.8833,26.5003,grenade,1,0,-1,0,170.9,-987,158,0.00,0,,,,,1.00,1.00,1.00,1.00,,
1674,27.9000,26.5170,grenade,1,0,-1,0,170.9,-987,158,0.00,0,,,,,1.00,1.00,1.00,1.00,,
1675,27.9167,26.5337,grenade,1,0,-1,0,170.9,-987,158,0.00,0,,,,,1.00,1.00,1.00,1.00,,
1676,27.9333,26.5503,grenade,1,0,-1,0,139.9,-765,644,0.00,0,,,,,1.00,1.00,1.00,1.00,,
1677,27.9500,26.5670,grenade,1,0,-1,0,125.9,-586,810,0.00,0,,,,,1.00,1.00,1.00,1.00,,
1678,27.9667,26.5837,grenade,1,0,-1,0,125.9,-586,810,0.00,0,,,,,1.00,1.00,1.00,1.00,,
1679,27.9833,26.6003,grenade,1,0,-1,0,125.9,-586,810,0.00,0,,,,,1.00,1.00,1.00,1.00,,
1680,28.0000,26.6170,grenade,1,0,-1,0,125.9,-586,810,0.00,0,,,,,1.00,1.00,1.00,1.00,,
1681,28.0167,26.6337,grenade,1,0,-1,0,125.9,-586,810,0.00,0,,,,,1.00,1.00,1.00,1.00,,
1682,28.0333,26.6503,grenade,1,0,-1,0,122.1,-531,847,0.00,0,,,,,1.00,1.00,1.00,1.00,,
1683,28.0500,26.6670,grenade,1,0,-1,0,118.9,-483,876,0.25,0,,,,,1.00,1.00,1.00,1.00,,
1684,28.0667,26.6837,grenade,1,0,-1,0,118.8,-482,876,0.00,0,,,,,1.00,1.00,1.00,1.00,,
1685,28.0833,26.7003,grenade,1,0,-1,0,118.9,-483,876,0.00,0,,,,,1.00,1.00,1.00,0.55,,
1686,28.1000,26.7170,grenade,1,0,-1,0,118.7,-480,877,0.25,0,,,,,1.00,1.00,1.00,0.28,,
1687,28.1167,26.7337,grenade,1,0,-1,0,118.2,-473,881,4.75,0,,,,,1.00,1.00,1.00,0.14,,
1688,28.1333,26.7503,grenade,1,0,-1,0,-97.9,-137,-991,8.25,0,,,,,1.00,1.00,1.00,0.00,,
1689,28.1500,26.7670,grenade,1,0,-1,0,-98.0,-139,-990,8.25,0,,,,,1.00,1.00,1.00,0.00,,
1690,28.1667,26.7837,grenade,1,0,-1,0,118.9,-483,876,0.00,0,,,,,1.00,1.00,1.00,0.64,,
1691,28.1833,26.8003,grenade,1,0,-1,0,-98.0,-140,-990,8.50,0,,,,,1.00,1.00,1.00,0.00,,
1692,28.2000,26.8170,grenade,1,0,-1,0,118.9,-483,876,0.00,0,,,,,1.00,1.00,1.00,1.00,,
1693,28.2167,26.8337,grenade,1,0,-1,0,166.5,-973,233,3.25,1,166.5,-973,233,audio+recoil,1.00,1.00,1.00,1.00,1.00,0.80
1694,28.2333,26.8503,grenade,1,0,-1,0,136.6,-727,687,8.50,0,,,,,1.00,1.00,1.00,1.00,,
1695,28.2500,26.8670,grenade,1,0,-1,0,101.7,-202,979,10.00,0,,,,,1.00,1.00,1.00,1.00,,
1696,28.2667,26.8837,grenade,1,0,-1,0,101.7,-203,979,8.75,0,,,,,1.00,1.00,1.00,1.00,,
1697,28.2833,26.9003,grenade,1,0,-1,0,101.7,-203,979,5.75,0,,,,,1.00,0.03,1.00,1.00,,
1698,28.3000,26.9170,grenade,1,0,-1,1,101.7,-203,979,1.75,0,,,,,1.00,1.00,0.83,1.00,,
1699,28.3167,26.9337,grenade,1,0,-1,0,101.7,-203,979,0.25,0,,,,,1.00,0.23,1.00,1.00,,
1700,28.3333,26.9503,grenade,1,0,-1,0,164.7,-964,265,0.00,0,,,,,1.00,1.00,1.00,1.00,,
1701,28.3500,26.9670,grenade,1,0,-1,0,173.0,-993,122,0.00,0,,,,,1.00,1.00,1.00,1.00,,
1702,28.3667,26.9837,grenade,1,0,-1,0,101.7,-203,979,0.25,0,,,,,1.00,1.00,1.00,1.00,,
1703,28.3833,27.0003,grenade,1,0,-1,0,101.7,-203,979,0.25,0,,,,,1.00,1.00,1.00,1.00,,
1704,28.4000,27.0170,grenade,1,0,-1,0,101.7,-203,979,0.25,0,,,,,1.00,1.00,1.00,1.00,,
1705,28.4167,27.0337,grenade,1,0,-1,0,101.7,-203,979,0.25,0,,,,,1.00,1.00,1.00,1.00,,
1706,28.4333,27.0503,grenade,1,0,-1,0,-161.8,-950,-313,0.00,0,,,,,1.00,1.00,1.00,1.00,,
1707,28.4500,27.0670,grenade,1,0,-1,0,-134.3,-698,-716,0.00,0,,,,,1.00,1.00,1.00,1.00,,
1708,28.4667,27.0837,grenade,1,0,-1,0,-134.3,-698,-716,0.00,0,,,,,1.00,1.00,1.00,1.00,,
1709,28.4833,27.1003,grenade,1,0,-1,0,-132.3,-672,-740,0.00,0,,,,,1.00,1.00,1.00,1.00,,
1710,28.5000,27.1170,grenade,1,0,-1,0,-119.7,-495,-869,0.00,0,,,,,1.00,1.00,1.00,1.00,,
1711,28.5167,27.1337,grenade,1,0,-1,0,-103.2,-229,-973,0.00,0,,,,,1.00,1.00,1.00,1.00,,
1712,28.5333,27.1503,grenade,1,0,-1,0,-109.0,-326,-945,0.00,0,,,,,1.00,1.00,1.00,0.92,,
1713,28.5500,27.1670,grenade,1,0,-1,0,-112.1,-376,-927,0.00,0,,,,,1.00,1.00,1.00,0.83,,
1714,28.5667,27.1837,grenade,1,0,-1,0,-104.0,-243,-970,0.00,0,,,,,1.00,1.00,1.00,0.45,,
1715,28.5833,27.2003,grenade,1,0,-1,0,-115.8,-435,-900,0.00,0,,,,,1.00,1.00,1.00,0.70,,
1716,28.6000,27.2170,grenade,1,0,-1,0,-118.1,-470,-883,0.75,0,,,,,1.00,1.00,1.00,0.00,,
1717,28.6167,27.2337,grenade,1,0,-1,0,-143.3,-802,-598,0.00,0,,,,,1.00,1.00,1.00,0.50,,
1718,28.6333,27.2503,grenade,1,0,-1,0,173.9,-994,106,0.00,0,,,,,1.00,1.00,1.00,1.00,,
1719,28.6500,27.2670,grenade,1,0,-1,0,121.4,-521,854,0.00,0,,,,,1.00,1.00,1.00,0.00,,
1720,28.6667,27.2837,grenade,1,0,-1,0,91.7,-30,1000,6.25,0,,,,,1.00,1.00,1.00,0.00,,
1721,28.6833,27.3003,grenade,1,0,-1,0,-85.8,73,-997,0.00,0,,,,,1.00,1.00,1.00,0.00,,
1722,28.7000,27.3170,grenade,1,0,-1,0,-4.0,998,-69,3.50,0,,,,,1.00,1.00,1.00,0.00,,
1723,28.7167,27.3337,grenade,1,0,-1,1,-57.5,538,-843,5.00,1,-57.5,538,-843,audio+recoil,1.00,1.00,1.00,0.00,1.00,0.00
1724,28.7333,27.3503,grenade,1,0,-1,0,90.9,-16,1000,8.75,0,,,,,1.00,1.00,1.00,1.00,,
1725,28.7500,27.3670,grenade,1,0,-1,0,127.3,-607,795,10.00,0,,,,,1.00,1.00,1.00,1.00,,
1726,28.7667,27.3837,grenade,1,0,-1,0,127.3,-607,795,8.75,0,,,,,1.00,1.00,1.00,1.00,,
1727,28.7833,27.4003,grenade,1,0,-1,0,127.3,-607,795,5.75,0,,,,,1.00,1.00,1.00,1.00,,
1728,28.8000,27.4170,grenade,1,0,-1,0,127.3,-606,795,1.75,0,,,,,1.00,1.00,1.00,1.00,,
1729,28.8167,27.4337,grenade,1,0,-1,0,127.3,-606,795,0.00,0,,,,,1.00,1.00,1.00,1.00,,
1730,28.8333,27.4503,grenade,1,0,-1,0,127.3,-606,795,0.00,0,,,,,1.00,1.00,1.00,1.00,,
1731,28.8500,27.4670,grenade,1,0,-1,0,-168.1,-978,-207,0.00,0,,,,,1.00,1.00,1.00,1.00,,
1732,28.8667,27.4837,grenade,1,0,-1,0,-109.1,-327,-945,0.00,0,,,,,1.00,1.00,1.00,0.99,,
1733,28.8833,27.5003,grenade,1,0,-1,0,-109.0,-326,-945,0.00,0,,,,,1.00,1.00,1.00,0.95,,
1734,28.9000,27.5170,grenade,1,0,-1,0,-109.2,-329,-944,0.00,0,,,,,1.00,1.00,1.00,0.94,,
1735,28.9167,27.5337,grenade,1,0,-1,0,-109.2,-329,-944,0.00,0,,,,,1.00,1.00,1.00,0.94,,
1736,28.9333,27.5503,grenade,1,0,-1,0,-109.0,-326,-946,0.00,0,,,,,1.00,1.00,1.00,0.98,,
1737,28.9500,27.5670,grenade,1,0,-1,0,-112.8,-387,-922,0.00,0,,,,,1.00,1.00,1.00,0.85,,
1738,28.9667,27.5837,grenade,1,0,-1,0,-119.0,-485,-875,0.00,0,,,,,1.00,1.00,1.00,1.00,,
1739,28.9833,27.6003,grenade,1,0,-1,0,-119.0,-485,-875,0.00,0,,,,,1.00,1.00,1.00,1.00,,
1740,29.0000,27.6170,grenade,1,0,-1,0,-119.0,-485,-875,0.00,0,,,,,1.00,1.00,1.00,1.00,,
1741,29.0167,27.6337,grenade,1,0,-1,0,-119.0,-485,-875,0.00,0,,,,,1.00,1.00,1.00,1.00,,
1742,29.0333,27.6503,grenade,1,0,-1,0,-119.0,-485,-875,0.00,0,,,,,1.00,1.00,1.00,1.00,,
1743,29.0500,27.6670,grenade,1,0,-1,0,-119.0,-485,-875,0.00,0,,,,,1.00,1.00,1.00,1.00,,
1744,29.0667,27.6837,grenade,1,0,-1,0,-119.0,-485,-875,0.00,0,,,,,1.00,1.00,1.00,1.00,,
1745,29.0833,27.7003,grenade,1,0,-1,0,-119.0,-484,-875,0.00,0,,,,,1.00,1.00,1.00,1.00,,
1746,29.1000,27.7170,grenade,1,0,-1,0,-118.4,-476,-880,0.00,0,,,,,1.00,1.00,1.00,1.00,,
1747,29.1167,27.7337,grenade,1,0,-1,0,-79.1,189,-982,0.00,0,,,,,1.00,1.00,1.00,1.00,,
1748,29.1333,27.7503,grenade,1,0,-1,0,-63.8,442,-897,0.00,0,,,,,1.00,1.00,1.00,1.00,,
1749,29.1500,27.7670,grenade,1,0,-1,0,-63.8,442,-897,0.00,0,,,,,1.00,1.00,1.00,1.00,,
1750,29.1667,27.7837,grenade,1,0,-1,0,-63.8,442,-897,0.00,0,,,,,1.00,1.00,1.00,1.00,,
1751,29.1833,27.8003,grenade,1,0,-1,0,-63.8,442,-897,0.00,0,,,,,1.00,1.00,1.00,1.00,,
1752,29.2000,27.8170,grenade,1,0,-1,0,-63.8,442,-897,0.00,0,,,,,1.00,1.00,1.00,1.00,,
1753,29.2167,27.8337,grenade,1,0,-1,0,-0.2,1000,-3,0.25,0,,,,,1.00,1.00,1.00,1.00,,
1754,29.2333,27.8503,grenade,1,0,-1,0,135.8,-716,698,0.00,0,,,,,1.00,1.00,1.00,1.00,,
1755,29.2500,27.8670,grenade,1,0,-1,0,159.6,-937,349,0.00,0,,,,,1.00,1.00,1.00,1.00,,
1756,29.2667,27.8837,grenade,1,0,-1,0,138.7,-751,660,0.00,0,,,,,1.00,1.00,1.00,1.00,,
1757,29.2833,27.9003,grenade,1,0,-1,0,172.4,-991,133,0.00,0,,,,,1.00,1.00,1.00,1.00,,
1758,29.3000,27.9170,grenade,1,0,-1,0,172.4,-991,133,0.00,0,,,,,1.00,1.00,1.00,1.00,,
1759,29.3167,27.9337,grenade,1,0,-1,0,172.4,-991,133,0.00,0,,,,,1.00,1.00,1.00,1.00,,
1760,29.3333,27.9503,grenade,1,0,-1,0,172.4,-991,133,0.00,0,,,,,1.00,1.00,1.00,1.00,,
1761,29.3500,27.9670,grenade,1,0,-1,0,172.4,-991,133,0.00,0,,,,,1.00,1.00,1.00,1.00,,
1762,29.3667,27.9837,grenade,1,0,-1,0,172.4,-991,133,0.00,0,,,,,1.00,1.00,1.00,1.00,,
1763,29.3833,28.0003,grenade,1,0,-1,0,172.4,-991,133,0.00,0,,,,,1.00,1.00,1.00,1.00,,
1764,29.4000,28.0170,grenade,1,0,-1,0,172.4,-991,133,0.00,0,,,,,1.00,1.00,1.00,1.00,,
1765,29.4167,28.0337,grenade,1,0,-1,0,162.4,-953,302,0.00,0,,,,,1.00,1.00,1.00,1.00,,
1766,29.4333,28.0503,grenade,1,0,-1,0,157.0,-921,391,0.00,0,,,,,1.00,1.00,1.00,1.00,,
1767,29.4500,28.0670,grenade,1,0,-1,0,125.2,-576,818,0.00,0,,,,,1.00,1.00,1.00,0.42,,
1768,29.4667,28.0837,grenade,1,0,-1,0,67.2,388,922,0.75,1,-154.5,-902,-431,audio+recoil,1.00,1.00,1.00,1.00,1.00,0.62
1769,29.4833,28.1003,grenade,1,0,-1,0,-154.5,-902,-431,5.75,0,,,,,1.00,1.00,1.00,0.62,,
1770,29.5000,28.1170,grenade,1,0,-1,0,-99.3,-162,-987,8.50,0,,,,,1.00,1.00,1.00,0.00,,
1771,29.5167,28.1337,grenade,1,0,-1,0,-47.0,683,-731,6.50,0,,,,,1.00,1.00,0.44,0.07,,
1772,29.5333,28.1503,grenade,1,0,-1,0,-176.2,-998,-66,0.00,0,,,,,1.00,0.39,1.00,0.00,,
1773,29.5500,28.1670,grenade,1,0,-1,0,-141.4,-782,-623,4.25,0,,,,,1.00,1.00,1.00,0.32,,
1774,29.5667,28.1837,grenade,1,0,-1,0,-141.5,-782,-623,0.00,0,,,,,1.00,1.00,1.00,0.40,,
1775,29.5833,28.2003,grenade,1,0,-1,0,-141.5,-783,-623,0.00,0,,,,,1.00,1.00,1.00,0.96,,
1776,29.6000,28.2170,grenade,1,0,-1,0,-176.5,-998,-61,0.00,0,,,,,1.00,1.00,1.00,0.00,,
1777,29.6167,28.2337,grenade,1,0,-1,0,99.2,-161,987,0.25,0,,,,,1.00,1.00,1.00,1.00,,
1778,29.6333,28.2503,grenade,1,0,-1,0,102.4,-215,977,0.25,0,,,,,1.00,1.00,1.00,1.00,,
1779,29.6500,28.2670,grenade,1,0,-1,0,-84.9,90,-996,0.00,0,,,,,1.00,1.00,1.00,0.14,,
1780,29.6667,28.2837,grenade,1,0,-1,0,-85.0,86,-996,0.00,0,,,,,1.00,1.00,1.00,0.43,,
1781,29.6833,28.3003,grenade,1,0,-1,0,-96.5,-114,-993,0.50,0,,,,,1.00,1.00,1.00,0.22,,
1782,29.7000,28.3170,grenade,1,0,-1,0,152.4,-886,463,0.00,0,,,,,1.00,1.00,1.00,1.00,,
1783,29.7167,28.3337,grenade,1,0,-1,0,145.6,-825,566,0.00,0,,,,,1.00,1.00,1.00,1.00,,
1784,29.7333,28.3503,grenade,1,0,-1,0,145.6,-825,565,0.00,0,,,,,1.00,1.00,1.00,1.00,,
1785,29.7500,28.3670,grenade,1,0,-1,0,145.6,-825,565,0.00,0,,,,,1.00,1.00,1.00,1.00,,
1786,29.7667,28.3837,grenade,1,0,-1,0,145.6,-825,565,0.00,0,,,,,1.00,1.00,1.00,1.00,,
1787,29.7833,28.4003,grenade,1,0,-1,0,145.6,-825,566,0.00,0,,,,,1.00,1.00,1.00,1.00,,
1788,29.8000,28.4170,grenade,1,0,-1,0,145.6,-825,566,0.00,0,,,,,1.00,1.00,1.00,1.00,,
1789,29.8167,28.4337,grenade,1,0,-1,0,58.0,531,848,0.50,0,,,,,1.00,1.00,1.00,1.00,,
1790,29.8333,28.4503,grenade,1,0,-1,0,65.2,419,908,0.50,0,,,,,1.00,1.00,1.00,1.00,,
1791,29.8500,28.4670,grenade,1,0,-1,0,91.8,-31,1000,0.25,0,,,,,1.00,1.00,1.00,1.00,,
1792,29.8667,28.4837,grenade,1,0,-1,0,91.7,-30,1000,0.25,0,,,,,1.00,1.00,1.00,0.64,,
1793,29.8833,28.5003,grenade,1,0,-1,0,92.2,-39,999,1.50,0,,,,,1.00,1.00,1.00,0.21,,
1794,29.9000,28.5170,grenade,1,0,-1,0,132.0,-669,743,0.00,0,,,,,1.00,1.00,1.00,1.00,,
1795,29.9167,28.5337,grenade,0,0,0,0,134.2,-697,717,0.00,0,,,,,1.00,1.00,1.00,1.00,,
1796,29.9333,28.5503,grenade,0,1,1,0,134.2,-697,717,0.00,0,,,,,1.00,1.00,1.00,1.00,,
1797,29.9500,28.5670,grenade,0,1,1,0,134.1,-695,719,0.00,0,,,,,1.00,1.00,1.00,0.29,,
1798,29.9667,28.5837,grenade,0,1,1,0,132.5,-675,738,0.50,1,104.2,-246,969,audio+recoil,1.00,1.00,1.00,1.00,1.00,1.00
1799,29.9833,28.6003,grenade,0,1,1,0,104.2,-246,969,6.50,0,,,,,1.00,1.00,1.00,1.00,,
1800,30.0000,28.6170,grenade,0,1,1,0,72.4,302,953,9.50,0,,,,,1.00,1.00,1.00,1.00,,
1801,30.0167,28.6337,grenade,0,1,1,0,-100.6,-184,-983,9.25,0,,,,,1.00,1.00,1.00,0.99,,
1802,30.0333,28.6503,grenade,1,0,-1,0,-129.5,-635,-772,7.50,0,,,,,1.00,1.00,1.00,1.00,,
1803,30.0500,28.6670,grenade,1,0,-1,0,-151.1,-875,-483,4.25,0,,,,,1.00,1.00,1.00,1.00,,
1804,30.0667,28.6837,grenade,1,0,-1,0,-151.1,-875,-484,0.00,0,,,,,1.00,1.00,1.00,1.00,,
1805,30.0833,28.7003,grenade,1,0,-1,0,-151.1,-875,-484,0.00,0,,,,,1.00,1.00,1.00,1.00,,
1806,30.1000,28.7170,grenade,1,0,-1,0,-150.4,-869,-494,0.00,0,,,,,1.00,1.00,1.00,1.00,,
1807,30.1167,28.7337,grenade,1,0,-1,0,-49.5,650,-760,0.00,0,,,,,1.00,1.00,1.00,1.00,,
1808,30.1333,28.7503,grenade,1,0,-1,0,-67.7,380,-925,0.00,0,,,,,1.00,1.00,1.00,1.00,,
1809,30.1500,28.7670,grenade,1,0,-1,0,157.8,-926,378,0.00,0,,,,,1.00,1.00,1.00,1.00,,
1810,30.1667,28.7837,grenade,1,0,-1,0,55.3,569,822,0.25,0,,,,,1.00,1.00,1.00,1.00,,
1811,30.1833,28.8003,grenade,1,0,-1,0,55.3,570,822,0.25,0,,,,,1.00,1.00,1.00,1.00,,
1812,30.2000,28.8170,grenade,1,0,-1,0,55.3,570,822,0.50,0,,,,,1.00,1.00,1.00,1.00,,
1813,30.2167,28.8337,grenade,0,1,1,0,53.0,603,798,0.50,0,,,,,1.00,1.00,1.00,1.00,,
1814,30.2333,28.8503,grenade,0,1,1,0,51.2,627,779,0.50,0,,,,,1.00,1.00,1.00,1.00,,
1815,30.2500,28.8670,grenade,0,1,1,0,51.2,627,779,0.50,0,,,,,1.00,1.00,1.00,1.00,,
1816,30.2667,28.8837,grenade,0,1,1,0,51.2,627,779,0.50,0,,,,,1.00,1.00,1.00,1.00,,
1817,30.2833,28.9003,grenade,1,1,0,0,51.2,627,779,0.50,0,,,,,0.53,1.00,1.00,0.76,,
1818,30.3000,28.9170,grenade,0,1,1,0,51.3,626,780,0.50,0,,,,,1.00,1.00,1.00,1.00,,
1819,30.3167,28.9337,grenade,0,0,0,0,51.2,627,779,0.50,0,,,,,1.00,0.08,1.00,1.00,,
1820,30.3333,28.9503,grenade,0,1,1,0,51.2,627,779,0.50,0,,,,,1.00,1.00,1.00,1.00,,
1821,30.3500,28.9670,grenade,0,1,1,0,70.2,340,941,0.25,0,,,,,1.00,1.00,1.00,1.00,,
1822,30.3667,28.9837,grenade,0,1,1,0,88.0,35,999,0.25,0,,,,,1.00,1.00,1.00,1.00,,
1823,30.3833,29.0003,grenade,0,1,1,0,88.0,35,999,0.25,0,,,,,1.00,1.00,1.00,1.00,,
1824,30.4000,29.0170,grenade,0,1,1,0,88.0,35,999,0.25,0,,,,,1.00,1.00,1.00,1.00,,
1825,30.4167,29.0337,grenade,0,1,1,0,88.2,31,1000,0.75,0,,,,,1.00,1.00,1.00,0.29,,
1826,30.4333,29.0503,grenade,0,1,1,0,88.0,36,999,0.25,0,,,,,1.00,1.00,0.98,0.89,,
1827,30.4500,29.0670,grenade,0,1,1,1,88.0,36,999,0.00,0,,,,,1.00,1.00,1.00,0.38,,
1828,30.4667,29.0837,grenade,0,1,1,0,-18.9,946,-325,10.00,1,-45.0,706,-708,audio+recoil,1.00,1.00,1.00,0.00,1.00,0.00
1829,30.4833,29.1003,grenade,0,1,1,0,-45.0,706,-708,10.00,0,,,,,1.00,1.00,1.00,0.00,,
1830,30.5000,29.1170,grenade,0,1,1,0,-134.3,-698,-716,8.50,0,,,,,1.00,1.00,1.00,1.00,,
1831,30.5167,29.1337,grenade,0,1,1,0,-43.0,731,-683,2.50,0,,,,,1.00,1.00,1.00,0.00,,
1832,30.5333,29.1503,grenade,0,1,1,0,-180.2,-1000,3,0.00,0,,,,,1.00,1.00,1.00,0.00,,
1833,30.5500,29.1670,grenade,0,1,1,0,-25.3,904,-427,10.00,0,,,,,1.00,1.00,1.00,0.00,,
1834,30.5667,29.1837,grenade,0,1,1,0,-120.4,-506,-863,0.00,0,,,,,1.00,1.00,1.00,0.92,,
1835,30.5833,29.2003,grenade,0,1,1,0,-120.3,-505,-863,0.00,0,,,,,1.00,1.00,1.00,1.00,,
1836,30.6000,29.2170,grenade,0,1,1,0,-120.3,-505,-863,0.00,0,,,,,1.00,1.00,1.00,1.00,,
1837,30.6167,29.2337,grenade,0,1,1,0,-120.3,-505,-863,0.00,0,,,,,1.00,1.00,1.00,1.00,,
1838,30.6333,29.2503,grenade,0,1,1,0,-124.2,-563,-827,0.00,0,,,,,1.00,1.00,1.00,1.00,,
1839,30.6500,29.2670,grenade,0,1,1,0,-161.7,-949,-315,0.00,0,,,,,1.00,1.00,1.00,1.00,,
1840,30.6667,29.2837,grenade,0,1,1,0,59.7,505,863,0.50,0,,,,,1.00,1.00,1.00,1.00,,
1841,30.6833,29.3003,grenade,0,1,1,0,64.2,435,900,0.25,0,,,,,1.00,1.00,1.00,1.00,,
1842,30.7000,29.3170,grenade,0,1,1,0,-139.6,-762,-647,0.00,0,,,,,1.00,1.00,1.00,1.00,,
1843,30.7167,29.3337,grenade,0,1,1,0,73.6,282,959,0.25,0,,,,,1.00,1.00,1.00,1.00,,
1844,30.7333,29.3503,grenade,0,1,1,0,55.6,565,825,0.50,0,,,,,1.00,1.00,1.00,1.00,,
1845,30.7500,29.3670,grenade,0,1,1,0,58.2,526,850,0.50,0,,,,,1.00,1.00,1.00,1.00,,
1846,30.7667,29.3837,grenade,0,1,1,0,58.5,522,853,0.50,0,,,,,1.00,1.00,1.00,0.65,,
1847,30.7833,29.4003,grenade,0,1,1,0,58.4,524,852,0.50,0,,,,,1.00,1.00,1.00,0.34,,
1848,30.8000,29.4170,grenade,0,1,1,0,58.2,526,850,0.50,0,,,,,1.00,1.00,1.00,1.00,,
1849,30.8167,29.4337,grenade,0,1,1,0,58.2,526,850,0.50,0,,,,,1.00,1.00,1.00,1.00,,
1850,30.8333,29.4503,grenade,0,1,1,0,58.2,526,850,0.50,0,,,,,1.00,1.00,1.00,1.00,,
1851,30.8500,29.4670,grenade,0,1,1,0,58.2,526,850,0.50,0,,,,,1.00,1.00,1.00,1.00,,
1852,30.8667,29.4837,grenade,0,1,1,0,62.2,466,885,0.25,0,,,,,1.00,1.00,1.00,0.65,,
1853,30.8833,29.5003,grenade,0,1,1,0,76.2,239,971,0.75,0,,,,,1.00,1.00,1.00,0.69,,
1854,30.9000,29.5170,grenade,0,1,1,0,59.3,511,860,0.50,0,,,,,1.00,1.00,1.00,0.79,,
1855,30.9167,29.5337,grenade,0,1,1,0,72.8,296,955,0.50,0,,,,,1.00,1.00,1.00,1.00,,
1856,30.9333,29.5503,grenade,0,1,1,0,81.0,156,988,0.25,0,,,,,1.00,1.00,1.00,1.00,,
1857,30.9500,29.5670,grenade,0,1,1,0,81.2,153,988,0.00,0,,,,,1.00,1.00,1.00,0.02,,
1858,30.9667,29.5837,grenade,0,1,1,0,77.5,216,976,0.75,1,-39.3,774,-633,audio+recoil,1.00,1.00,1.00,0.52,1.00,1.00
1859,30.9833,29.6003,grenade,0,1,1,0,-39.3,774,-633,6.50,0,,,,,1.00,1.00,1.00,1.00,,
1860,31.0000,29.6170,grenade,0,1,1,0,69.8,345,938,9.50,0,,,,,1.00,1.00,1.00,1.00,,
1861,31.0167,29.6337,grenade,0,1,1,0,82.6,129,992,10.00,0,,,,,1.00,1.00,1.00,1.00,,
1862,31.0333,29.6503,grenade,0,1,1,0,82.6,129,992,8.25,0,,,,,1.00,1.00,1.00,1.00,,
1863,31.0500,29.6670,grenade,0,1,1,0,65.8,410,912,5.00,0,,,,,1.00,1.00,1.00,1.00,,
1864,31.0667,29.6837,grenade,0,1,1,0,-63.5,446,-895,0.00,0,,,,,1.00,1.00,1.00,1.00,,
1865,31.0833,29.7003,grenade,0,1,1,0,-110.3,-347,-938,0.00,0,,,,,1.00,1.00,1.00,0.93,,
1866,31.1000,29.7170,grenade,0,1,1,0,161.7,-949,315,0.00,0,,,,,1.00,1.00,1.00,1.00,,
1867,31.1167,29.7337,grenade,0,1,1,0,98.1,-141,990,0.25,0,,,,,1.00,1.00,1.00,1.00,,
1868,31.1333,29.7503,grenade,0,1,1,0,76.6,232,973,0.25,0,,,,,1.00,1.00,1.00,1.00,,
1869,31.1500,29.7670,grenade,0,1,1,0,76.7,230,973,0.25,0,,,,,1.00,1.00,1.00,1.00,,
1870,31.1667,29.7837,grenade,0,1,1,0,85.5,78,997,0.25,0,,,,,1.00,1.00,1.00,1.00,,
1871,31.1833,29.8003,grenade,0,1,1,0,155.3,-909,417,0.00,0,,,,,1.00,1.00,1.00,1.00,,
1872,31.2000,29.8170,grenade,0,1,1,0,155.3,-909,417,0.00,0,,,,,1.00,1.00,1.00,1.00,,
1873,31.2167,29.8337,grenade,0,1,1,0,-110.7,-353,-936,1.00,0,,,,,0.85,1.00,0.47,0.00,,
1874,31.2333,29.8503,grenade,1,1,0,0,155.4,-910,415,0.00,0,,,,,0.81,1.00,1.00,0.06,,
1875,31.2500,29.8670,grenade,0,1,1,0,154.7,-904,428,0.00,0,,,,,1.00,1.00,1.00,1.00,,
1876,31.2667,29.8837,grenade,0,1,1,0,-24.3,912,-411,0.25,0,,,,,1.00,1.00,1.00,0.37,,
1877,31.2833,29.9003,grenade,0,1,1,0,-24.2,912,-410,0.25,0,,,,,1.00,1.00,1.00,0.17,,
1878,31.3000,29.9170,grenade,0,1,1,0,-24.2,912,-409,0.25,0,,,,,1.00,1.00,1.00,0.09,,
1879,31.3167,29.9337,grenade,0,1,1,0,-24.2,912,-410,0.00,0,,,,,1.00,1.00,1.00,0.08,,
1880,31.3333,29.9503,grenade,0,1,1,0,-24.2,912,-410,0.00,0,,,,,1.00,1.00,1.00,0.08,,
1881,31.3500,29.9670,grenade,0,1,1,0,-43.0,731,-683,0.00,0,,,,,1.00,1.00,1.00,0.66,,
1882,31.3667,29.9837,grenade,0,1,1,0,-166.8,-974,-228,0.00,0,,,,,1.00,1.00,1.00,0.00,,
1883,31.3833,30.0003,grenade,0,1,1,0,-45.7,699,-715,0.25,0,,,,,1.00,1.00,1.00,0.94,,
1884,31.4000,30.0170,grenade,0,1,1,0,-44.4,714,-700,0.25,0,,,,,1.00,1.00,1.00,0.77,,
1885,31.4167,30.0337,grenade,0,1,1,0,41.0,755,656,0.50,0,,,,,1.00,1.00,1.00,1.00,,
1886,31.4333,30.0503,grenade,0,1,1,0,75.5,250,968,0.50,0,,,,,1.00,1.00,1.00,1.00,,
1887,31.4500,30.0670,grenade,0,1,1,0,75.5,250,968,0.00,0,,,,,1.00,1.00,1.00,0.29,,
1888,31.4667,30.0837,grenade,0,1,1,0,74.9,261,965,0.75,1,-130.8,-653,-757,audio+recoil,1.00,1.00,0.66,1.00,1.00,0.27
1889,31.4833,30.1003,grenade,0,1,1,0,-130.8,-653,-757,5.00,0,,,,,1.00,1.00,0.77,0.27,,
1890,31.5000,30.1170,grenade,0,1,1,0,-99.3,-162,-987,8.50,0,,,,,1.00,1.00,1.00,0.13,,
1891,31.5167,30.1337,grenade,0,1,1,0,-99.4,-163,-987,9.25,0,,,,,0.52,1.00,1.00,0.89,,
1892,31.5333,30.1503,grenade,0,1,1,0,118.2,-473,881,8.00,0,,,,,1.00,1.00,1.00,1.00,,
1893,31.5500,30.1670,grenade,0,1,1,0,88.1,33,999,5.00,0,,,,,1.00,1.00,1.00,1.00,,
1894,31.5667,30.1837,grenade,0,1,1,0,92.2,-39,999,0.25,0,,,,,1.00,1.00,1.00,1.00,,
1895,31.5833,30.2003,grenade,0,1,1,0,104.2,-244,970,0.25,0,,,,,1.00,1.00,1.00,1.00,,
1896,31.6000,30.2170,grenade,0,1,1,0,104.7,-253,967,0.25,0,,,,,1.00,1.00,1.00,1.00,,
1897,31.6167,30.2337,grenade,0,1,1,0,104.7,-253,967,0.25,0,,,,,1.00,1.00,1.00,0.68,,
1898,31.6333,30.2503,grenade,0,1,1,0,104.7,-253,967,0.25,0,,,,,1.00,1.00,1.00,0.43,,
1899,31.6500,30.2670,grenade,0,1,1,0,104.7,-253,967,0.25,0,,,,,1.00,1.00,1.00,0.34,,
1900,31.6667,30.2837,grenade,0,1,1,0,98.4,-147,989,0.50,0,,,,,1.00,1.00,1.00,0.47,,
1901,31.6833,30.3003,grenade,0,1,1,0,-39.8,768,-640,0.00,0,,,,,1.00,1.00,1.00,1.00,,
1902,31.7000,30.3170,grenade,0,1,1,0,-39.8,768,-640,0.00,0,,,,,1.00,1.00,1.00,1.00,,
1903,31.7167,30.3337,grenade,0,1,1,0,-39.8,768,-640,0.00,0,,,,,1.00,1.00,1.00,1.00,,
1904,31.7333,30.3503,grenade,0,1,1,0,-39.8,768,-640,0.00,0,,,,,1.00,1.00,1.00,1.00,,
1905,31.7500,30.3670,grenade,0,1,1,0,-39.6,770,-638,0.00,0,,,,,1.00,1.00,1.00,0.00,,
1906,31.7667,30.3837,grenade,0,1,1,0,-88.2,31,-1000,2.25,0,,,,,1.00,1.00,1.00,0.15,,
1907,31.7833,30.4003,grenade,0,1,1,1,-39.9,768,-641,0.00,0,,,,,1.00,1.00,1.00,0.09,,
1908,31.8000,30.4170,grenade,0,1,1,1,-39.8,768,-640,0.00,0,,,,,1.00,1.00,1.00,0.00,,
1909,31.8167,30.4337,grenade,0,1,1,0,177.9,-999,36,0.00,0,,,,,1.00,1.00,1.00,1.00,,
1910,31.8333,30.4503,grenade,0,1,1,0,168.0,-978,208,0.00,0,,,,,1.00,1.00,1.00,0.80,,
1911,31.8500,30.4670,grenade,0,1,1,0,168.1,-978,207,0.00,0,,,,,1.00,1.00,1.00,1.00,,
1912,31.8667,30.4837,grenade,0,1,1,0,178.1,-999,33,0.00,0,,,,,1.00,1.00,1.00,1.00,,
1913,31.8833,30.5003,grenade,0,1,1,0,-144.6,-815,-579,0.00,0,,,,,1.00,1.00,1.00,1.00,,
1914,31.9000,30.5170,grenade,0,1,1,0,-140.0,-767,-642,0.00,0,,,,,1.00,1.00,1.00,1.00,,
1915,31.9167,30.5337,grenade,0,1,1,0,-140.0,-767,-642,0.00,0,,,,,1.00,1.00,1.00,1.00,,
1916,31.9333,30.5503,grenade,0,1,1,0,-140.0,-767,-642,0.00,0,,,,,1.00,1.00,1.00,1.00,,
1917,31.9500,30.5670,grenade,0,1,1,0,-174.2,-995,-102,0.00,0,,,,,1.00,1.00,1.00,1.00,,
1918,31.9667,30.5837,grenade,0,1,1,0,76.7,230,973,0.25,0,,,,,1.00,1.00,1.00,0.38,,
1919,31.9833,30.6003,grenade,0,1,1,0,-127.4,-608,-794,9.25,0,,,,,1.00,1.00,1.00,0.00,,
1920,32.0000,30.6170,grenade,0,1,1,0,-127.9,-614,-789,9.50,0,,,,,1.00,1.00,1.00,0.00,,
1921,32.0167,30.6337,grenade,0,1,1,0,14.8,967,256,5.25,1,14.8,967,256,audio+recoil,1.00,1.00,1.00,1.00,1.00,0.95
1922,32.0333,30.6503,grenade,0,1,1,0,-128.7,-625,-781,10.00,0,,,,,1.00,1.00,1.00,0.00,,
1923,32.0500,30.6670,grenade,0,0,0,0,-128.9,-629,-778,10.00,0,,,,,1.00,1.00,1.00,0.00,,
1924,32.0667,30.6837,grenade,0,1,1,0,121.3,-520,854,9.75,0,,,,,1.00,1.00,1.00,0.97,,
1925,32.0833,30.7003,grenade,0,1,1,0,128.3,-620,785,6.25,0,,,,,1.00,1.00,1.00,1.00,,
1926,32.1000,30.7170,grenade,1,0,-1,0,96.3,-111,994,0.25,0,,,,,1.00,1.00,1.00,1.00,,
1927,32.1167,30.7337,grenade,1,0,-1,0,105.2,-263,965,0.25,0,,,,,1.00,1.00,1.00,1.00,,
1928,32.1333,30.7503,grenade,0,1,1,0,108.9,-324,946,0.25,0,,,,,1.00,1.00,1.00,1.00,,
1929,32.1500,30.7670,grenade,0,1,1,0,108.9,-324,946,0.25,0,,,,,1.00,1.00,1.00,1.00,,
1930,32.1667,30.7837,grenade,0,1,1,0,107.0,-292,957,0.25,0,,,,,1.00,1.00,1.00,1.00,,
1931,32.1833,30.8003,grenade,0,1,1,0,94.8,-84,996,0.25,0,,,,,1.00,1.00,1.00,1.00,,
1932,32.2000,30.8170,grenade,0,1,1,0,94.8,-84,996,0.25,0,,,,,1.00,1.00,1.00,1.00,,
1933,32.2167,30.8337,grenade,0,1,1,0,94.8,-84,996,0.25,0,,,,,1.00,1.00,1.00,1.00,,
1934,32.2333,30.8503,grenade,0,1,1,0,94.8,-83,997,0.25,0,,,,,1.00,1.00,1.00,1.00,,
1935,32.2500,30.8670,grenade,0,0,0,0,94.8,-83,997,0.25,0,,,,,1.00,0.13,1.00,1.00,,
1936,32.2667,30.8837,grenade,0,1,1,0,94.8,-83,997,0.25,0,,,,,1.00,1.00,1.00,1.00,,
1937,32.2833,30.9003,grenade,0,1,1,0,94.8,-83,997,0.25,0,,,,,1.00,1.00,0.68,1.00,,
1938,32.3000,30.9170,grenade,0,1,1,0,94.8,-83,997,0.25,0,,,,,1.00,1.00,1.00,1.00,,
1939,32.3167,30.9337,grenade,0,1,1,0,109.1,-327,945,0.25,0,,,,,1.00,1.00,1.00,1.00,,
1940,32.3333,30.9503,grenade,0,1,1,0,113.2,-395,919,0.25,0,,,,,1.00,1.00,1.00,1.00,,
1941,32.3500,30.9670,grenade,0,1,1,0,109.6,-335,942,0.25,0,,,,,1.00,1.00,1.00,1.00,,
1942,32.3667,30.9837,grenade,0,1,1,0,106.2,-279,960,0.25,0,,,,,1.00,1.00,1.00,1.00,,
1943,32.3833,31.0003,grenade,0,1,1,0,106.2,-279,960,0.25,0,,,,,1.00,1.00,1.00,1.00,,
1944,32.4000,31.0170,grenade,0,1,1,0,106.2,-279,960,0.25,0,,,,,1.00,1.00,1.00,1.00,,
1945,32.4167,31.0337,grenade,0,1,1,0,106.2,-279,960,0.25,0,,,,,1.00,1.00,1.00,1.00,,
1946,32.4333,31.0503,grenade,0,1,1,0,-5.2,996,-90,0.25,0,,,,,1.00,1.00,1.00,0.36,,
1947,32.4500,31.0670,grenade,0,1,1,0,-31.4,854,-520,0.00,0,,,,,1.00,1.00,1.00,0.45,,
1948,32.4667,31.0837,grenade,0,1,1,0,-31.5,852,-523,0.00,0,,,,,1.00,1.00,1.00,0.62,,
1949,32.4833,31.1003,grenade,0,1,1,0,-30.8,859,-513,0.00,0,,,,,1.00,1.00,1.00,0.29,,
1950,32.5000,31.1170,grenade,0,1,1,0,2.5,999,44,0.25,0,,,,,1.00,1.00,1.00,0.65,,
1951,32.5167,31.1337,grenade,0,1,1,0,35.5,814,581,0.50,0,,,,,1.00,1.00,1.00,1.00,,
1952,32.5333,31.1503,grenade,0,1,1,0,24.3,912,411,0.25,0,,,,,1.00,1.00,1.00,1.00,,
1953,32.5500,31.1670,grenade,0,1,1,0,11.2,981,194,0.00,0,,,,,1.00,1.00,1.00,0.28,,
1954,32.5667,31.1837,grenade,0,1,1,0,6.1,994,105,2.00,1,-6.9,993,-120,audio+recoil,1.00,1.00,1.00,1.00,1.00,1.00
1955,32.5833,31.2003,grenade,0,1,1,0,-6.9,993,-120,6.00,0,,,,,1.00,1.00,1.00,1.00,,
1956,32.6000,31.2170,grenade,0,1,1,0,-7.4,992,-129,9.75,0,,,,,1.00,1.00,1.00,1.00,,
1957,32.6167,31.2337,grenade,0,1,1,0,-7.3,992,-128,10.00,0,,,,,1.00,1.00,1.00,1.00,,
1958,32.6333,31.2503,grenade,0,1,1,0,-7.3,992,-127,8.50,0,,,,,1.00,1.00,1.00,1.00,,
1959,32.6500,31.2670,grenade,0,1,1,0,-7.4,992,-128,3.50,0,,,,,1.00,1.00,1.00,1.00,,
1960,32.6667,31.2837,grenade,0,1,1,0,-7.4,992,-128,0.25,0,,,,,1.00,1.00,1.00,1.00,,
1961,32.6833,31.3003,grenade,0,1,1,0,-7.4,992,-128,0.25,0,,,,,1.00,1.00,1.00,1.00,,
1962,32.7000,31.3170,grenade,0,1,1,0,-7.4,992,-128,0.25,0,,,,,1.00,1.00,1.00,1.00,,
1963,32.7167,31.3337,grenade,0,1,1,0,-7.4,992,-128,0.25,0,,,,,1.00,1.00,1.00,1.00,,
1964,32.7333,31.3503,grenade,0,1,1,0,-7.4,992,-128,0.25,0,,,,,1.00,1.00,1.00,1.00,,
1965,32.7500,31.3670,grenade,0,1,1,0,-7.4,992,-128,0.25,0,,,,,1.00,1.00,1.00,1.00,,
1966,32.7667,31.3837,grenade,0,1,1,0,7.8,991,135,0.25,0,,,,,1.00,1.00,1.00,1.00,,
1967,32.7833,31.4003,grenade,0,1,1,0,37.0,798,603,0.50,0,,,,,1.00,1.00,1.00,0.93,,
1968,32.8000,31.4170,grenade,0,1,1,0,37.1,798,603,0.50,0,,,,,1.00,1.00,1.00,0.40,,
1969,32.8167,31.4337,grenade,0,1,1,1,-100.9,-189,-982,0.00,0,,,,,1.00,1.00,1.00,0.64,,
1970,32.8333,31.4503,grenade,0,1,1,0,-111.8,-371,-928,0.00,0,,,,,1.00,1.00,1.00,1.00,,
1971,32.8500,31.4670,grenade,0,1,1,0,-111.8,-371,-928,0.00,0,,,,,1.00,1.00,1.00,1.00,,
1972,32.8667,31.4837,grenade,0,1,1,0,-111.8,-371,-928,0.00,0,,,,,1.00,1.00,1.00,1.00,,
1973,32.8833,31.5003,grenade,0,1,1,0,-111.8,-371,-928,0.00,0,,,,,1.00,1.00,1.00,1.00,,
1974,32.9000,31.5170,grenade,0,1,1,0,-111.7,-370,-929,0.00,0,,,,,1.00,1.00,1.00,1.00,,
1975,32.9167,31.5337,grenade,0,1,1,0,-111.8,-371,-928,0.00,0,,,,,1.00,1.00,1.00,1.00,,
1976,32.9333,31.5503,grenade,0,0,0,0,-111.8,-371,-928,0.00,0,,,,,1.00,1.00,1.00,1.00,,
1977,32.9500,31.5670,grenade,0,1,1,0,-111.8,-371,-928,0.00,0,,,,,1.00,1.00,1.00,1.00,,
1978,32.9667,31.5837,grenade,0,1,1,0,-111.8,-371,-928,0.00,0,,,,,1.00,1.00,1.00,1.00,,
1979,32.9833,31.6003,grenade,0,1,1,0,-111.8,-371,-928,0.00,0,,,,,1.00,1.00,1.00,1.00,,
1980,33.0000,31.6170,grenade,0,1,1,0,-111.8,-371,-928,0.00,0,,,,,1.00,1.00,1.00,1.00,,
1981,33.0167,31.6337,grenade,0,1,1,0,-111.8,-371,-928,0.00,0,,,,,1.00,1.00,1.00,1.00,,
1982,33.0333,31.6503,grenade,0,1,1,0,98.0,-139,990,0.25,0,,,,,1.00,1.00,1.00,1.00,,
1983,33.0500,31.6670,grenade,0,1,1,0,-47.3,678,-735,8.50,0,,,,,1.00,1.00,0.37,0.00,,
1984,33.0667,31.6837,grenade,0,1,1,0,73.8,280,960,7.25,1,111.6,-368,930,audio+recoil,1.00,1.00,1.00,0.00,1.00,0.07
1985,33.0833,31.7003,grenade,0,1,1,0,111.6,-368,930,0.00,0,,,,,1.00,1.00,1.00,0.07,,
1986,33.1000,31.7170,grenade,0,1,1,0,87.0,52,999,9.75,0,,,,,1.00,1.00,1.00,1.00,,
1987,33.1167,31.7337,grenade,0,1,1,0,102.3,-213,977,10.00,0,,,,,1.00,1.00,1.00,1.00,,
1988,33.1333,31.7503,grenade,0,1,1,0,108.9,-324,946,8.50,0,,,,,1.00,1.00,1.00,1.00,,
1989,33.1500,31.7670,grenade,0,1,1,0,109.0,-325,946,3.50,0,,,,,1.00,1.00,1.00,1.00,,
1990,33.1667,31.7837,grenade,0,1,1,0,111.0,-359,933,0.25,0,,,,,1.00,1.00,1.00,1.00,,
1991,33.1833,31.8003,grenade,0,1,1,0,112.8,-387,922,0.25,0,,,,,1.00,1.00,1.00,1.00,,
1992,33.2000,31.8170,grenade,0,1,1,0,8.8,988,153,0.25,0,,,,,1.00,1.00,1.00,1.00,,
1993,33.2167,31.8337,grenade,0,1,1,0,-4.2,997,-74,0.25,0,,,,,1.00,1.00,1.00,1.00,,
1994,33.2333,31.8503,grenade,0,1,1,0,-8.5,989,-147,0.25,0,,,,,1.00,1.00,1.00,1.00,,
1995,33.2500,31.8670,grenade,0,1,1,0,-8.5,989,-147,0.25,0,,,,,1.00,1.00,1.00,1.00,,
1996,33.2667,31.8837,grenade,0,1,1,0,-8.5,989,-148,0.25,0,,,,,1.00,1.00,1.00,0.75,,
1997,33.2833,31.9003,grenade,0,1,1,0,-6.3,994,-109,0.25,0,,,,,1.00,1.00,1.00,0.54,,
1998,33.3000,31.9170,grenade,0,1,1,0,42.1,741,671,0.25,0,,,,,1.00,1.00,1.00,0.59,,
1999,33.3167,31.9337,grenade,0,1,1,0,57.3,541,841,0.25,0,,,,,1.00,1.00,1.00,0.29,,
2000,33.3333,31.9503,grenade,0,1,1,0,57.6,536,844,0.50,0,,,,,1.00,1.00,1.00,0.68,,
2001,33.3500,31.9670,grenade,0,1,1,0,58.2,526,850,0.50,0,,,,,1.00,1.00,1.00,1.00,,
2002,33.3667,31.9837,grenade,0,1,1,0,58.3,525,851,0.25,0,,,,,1.00,1.00,1.00,0.53,,
2003,33.3833,32.0003,grenade,0,1,1,0,58.2,526,850,0.50,0,,,,,1.00,1.00,1.00,1.00,,
2004,33.4000,32.0170,grenade,0,1,1,0,62.2,466,885,0.50,0,,,,,1.00,1.00,1.00,1.00,,
2005,33.4167,32.0337,grenade,0,1,1,0,62.4,463,887,0.50,0,,,,,1.00,1.00,1.00,1.00,,
2006,33.4333,32.0503,grenade,0,1,1,0,62.4,463,887,0.50,0,,,,,1.00,1.00,1.00,1.00,,
2007,33.4500,32.0670,grenade,0,1,1,0,66.8,395,919,0.25,0,,,,,1.00,1.00,1.00,1.00,,
2008,33.4667,32.0837,grenade,0,1,1,1,73.2,289,957,0.25,0,,,,,1.00,1.00,1.00,1.00,,
2009,33.4833,32.1003,grenade,0,1,1,0,63.4,448,894,0.50,0,,,,,1.00,1.00,1.00,1.00,,
2010,33.5000,32.1170,grenade,0,1,1,0,69.5,350,937,0.25,0,,,,,1.00,1.00,1.00,1.00,,
2011,33.5167,32.1337,grenade,0,1,1,0,71.3,321,947,0.25,0,,,,,1.00,1.00,1.00,1.00,,
2012,33.5333,32.1503,grenade,0,1,1,0,71.3,321,947,0.25,0,,,,,1.00,1.00,1.00,1.00,,
2013,33.5500,32.1670,grenade,0,1,1,0,71.7,315,949,0.25,0,,,,,1.00,1.00,1.00,1.00,,
2014,33.5667,32.1837,grenade,0,1,1,0,-173.7,-994,-109,0.00,0,,,,,1.00,1.00,1.00,0.00,,
2015,33.5833,32.2003,grenade,0,1,1,0,76.8,228,974,0.25,1,-138.2,-746,-666,audio+recoil,1.00,1.00,1.00,1.00,1.00,0.00
2016,33.6000,32.2170,grenade,0,1,1,0,-138.2,-746,-666,5.50,0,,,,,1.00,1.00,0.02,0.00,,
2017,33.6167,32.2337,grenade,0,1,1,0,-138.3,-747,-665,0.00,0,,,,,1.00,1.00,1.00,0.00,,
2018,33.6333,32.2503,grenade,0,1,1,0,-111.8,-371,-928,9.50,0,,,,,1.00,1.00,1.00,0.41,,
2019,33.6500,32.2670,grenade,0,1,1,0,-112.0,-374,-928,7.75,0,,,,,1.00,1.00,1.00,0.81,,
2020,33.6667,32.2837,grenade,0,1,1,0,-116.6,-448,-894,4.75,0,,,,,1.00,1.00,1.00,0.92,,
2021,33.6833,32.3003,grenade,0,1,1,0,94.8,-83,997,0.25,0,,,,,1.00,1.00,1.00,1.00,,
2022,33.7000,32.3170,grenade,0,1,1,0,94.8,-83,997,0.25,0,,,,,1.00,1.00,1.00,1.00,,
2023,33.7167,32.3337,grenade,0,1,1,0,95.6,-97,995,0.25,0,,,,,1.00,1.00,1.00,1.00,,
2024,33.7333,32.3503,grenade,0,1,1,0,96.2,-107,994,0.25,0,,,,,1.00,1.00,1.00,1.00,,
2025,33.7500,32.3670,grenade,0,1,1,0,72.0,308,951,0.25,0,,,,,1.00,1.00,1.00,1.00,,
2026,33.7667,32.3837,grenade,0,1,1,0,31.2,856,517,0.50,0,,,,,1.00,1.00,1.00,1.00,,
2027,33.7833,32.4003,grenade,0,1,1,0,96.5,-114,993,0.25,0,,,,,1.00,1.00,1.00,1.00,,
2028,33.8000,32.4170,grenade,0,1,1,0,22.0,927,375,0.25,0,,,,,1.00,1.00,1.00,1.00,,
2029,33.8167,32.4337,grenade,0,1,1,0,76.2,238,971,0.25,0,,,,,1.00,1.00,1.00,1.00,,
2030,33.8333,32.4503,grenade,0,1,1,0,91.8,-31,1000,0.25,0,,,,,1.00,1.00,1.00,1.00,,
2031,33.8500,32.4670,grenade,0,1,1,0,91.8,-31,1000,0.25,0,,,,,1.00,1.00,1.00,1.00,,
2032,33.8667,32.4837,grenade,0,1,1,0,91.8,-31,1000,0.25,0,,,,,1.00,1.00,1.00,1.00,,
2033,33.8833,32.5003,grenade,0,1,1,0,91.8,-31,1000,0.25,0,,,,,1.00,1.00,1.00,1.00,,
2034,33.9000,32.5170,grenade,0,1,1,0,35.4,816,579,0.50,0,,,,,1.00,1.00,1.00,1.00,,
2035,33.9167,32.5337,grenade,0,1,1,0,-121.1,-517,-856,0.00,0,,,,,1.00,1.00,1.00,1.00,,
2036,33.9333,32.5503,grenade,0,1,1,0,-135.8,-718,-697,0.00,0,,,,,1.00,1.00,1.00,1.00,,
2037,33.9500,32.5670,grenade,0,1,1,0,-135.8,-718,-697,0.00,0,,,,,1.00,1.00,1.00,1.00,,
2038,33.9667,32.5837,grenade,0,1,1,0,-139.2,-757,-653,0.00,0,,,,,1.00,1.00,1.00,1.00,,
2039,33.9833,32.6003,grenade,0,1,1,0,93.2,-57,998,0.25,0,,,,,1.00,1.00,1.00,1.00,,
2040,34.0000,32.6170,grenade,0,1,1,0,93.2,-57,998,0.25,0,,,,,1.00,1.00,1.00,1.00,,
2041,34.0167,32.6337,grenade,0,1,1,0,93.3,-58,998,0.25,0,,,,,1.00,1.00,1.00,1.00,,
2042,34.0333,32.6503,grenade,0,1,1,0,93.3,-58,998,0.25,0,,,,,1.00,1.00,1.00,1.00,,
2043,34.0500,32.6670,grenade,0,1,1,0,93.3,-58,998,0.25,0,,,,,1.00,1.00,1.00,1.00,,
2044,34.0667,32.6837,grenade,0,0,0,0,-23.8,915,-403,10.00,0,,,,,1.00,0.12,0.41,0.00,,
2045,34.0833,32.7003,grenade,0,1,1,0,-63.8,441,-898,10.00,0,,,,,0.17,1.00,0.75,0.00,,
2046,34.1000,32.7170,grenade,0,1,1,0,-84.5,97,-995,0.00,1,-84.5,97,-995,audio+recoil,1.00,1.00,0.77,0.00,1.00,0.00
2047,34.1167,32.7337,grenade,0,1,1,0,-20.1,939,-344,8.75,0,,,,,1.00,1.00,0.22,1.00,,
2048,34.1333,32.7503,grenade,0,1,1,0,4.2,997,73,10.00,0,,,,,0.98,1.00,1.00,1.00,,
2049,34.1500,32.7670,grenade,0,1,1,0,4.2,997,72,8.50,0,,,,,1.00,1.00,1.00,1.00,,
2050,34.1667,32.7837,grenade,0,1,1,0,4.2,997,73,5.50,0,,,,,1.00,1.00,1.00,1.00,,
2051,34.1833,32.8003,grenade,0,1,1,0,-8.2,990,-143,0.25,0,,,,,1.00,1.00,1.00,1.00,,
2052,34.2000,32.8170,grenade,0,1,1,0,-75.6,249,-969,0.00,0,,,,,1.00,1.00,1.00,1.00,,
2053,34.2167,32.8337,grenade,0,1,1,0,-83.7,111,-994,0.00,0,,,,,1.00,1.00,1.00,1.00,,
2054,34.2333,32.8503,grenade,0,1,1,0,-83.8,108,-994,0.00,0,,,,,1.00,1.00,1.00,0.41,,
2055,34.2500,32.8670,grenade,0,1,1,0,-83.8,108,-994,0.00,0,,,,,1.00,1.00,1.00,0.44,,
2056,34.2667,32.8837,grenade,0,1,1,0,-83.7,111,-994,0.00,0,,,,,1.00,1.00,1.00,1.00,,
2057,34.2833,32.9003,grenade,0,1,1,0,-82.0,138,-990,0.00,0,,,,,1.00,1.00,1.00,1.00,,
2058,34.3000,32.9170,grenade,0,1,1,0,-53.1,600,-800,0.00,0,,,,,1.00,1.00,1.00,1.00,,
2059,34.3167,32.9337,grenade,0,1,1,0,-42.6,736,-678,0.00,0,,,,,1.00,1.00,1.00,1.00,,
2060,34.3333,32.9503,grenade,0,1,1,0,-53.9,589,-808,0.00,0,,,,,1.00,1.00,1.00,1.00,,
2061,34.3500,32.9670,grenade,0,1,1,0,-66.7,396,-918,0.00,0,,,,,1.00,1.00,1.00,1.00,,
2062,34.3667,32.9837,grenade,0,1,1,0,-66.7,396,-918,0.00,0,,,,,1.00,1.00,1.00,1.00,,
2063,34.3833,33.0003,grenade,0,1,1,0,-66.7,396,-918,0.00,0,,,,,1.00,1.00,1.00,0.99,,
2064,34.4000,33.0170,grenade,0,1,1,0,-66.7,396,-918,0.00,0,,,,,1.00,1.00,1.00,0.76,,
2065,34.4167,33.0337,grenade,0,1,1,0,-66.7,396,-918,0.00,0,,,,,1.00,1.00,1.00,0.29,,
2066,34.4333,33.0503,grenade,0,1,1,0,-71.3,320,-947,0.00,0,,,,,1.00,1.00,1.00,0.59,,
2067,34.4500,33.0670,grenade,0,1,1,0,-73.6,282,-959,0.00,0,,,,,1.00,1.00,1.00,1.00,,
2068,34.4667,33.0837,grenade,0,1,1,0,-73.7,281,-960,0.00,0,,,,,1.00,1.00,1.00,1.00,,
2069,34.4833,33.1003,grenade,0,1,1,0,-73.8,279,-960,0.00,0,,,,,1.00,1.00,1.00,0.49,,
2070,34.5000,33.1170,grenade,0,1,1,0,-73.8,279,-960,0.00,0,,,,,1.00,1.00,1.00,0.74,,
2071,34.5167,33.1337,grenade,0,1,1,0,-73.6,282,-959,0.00,0,,,,,1.00,1.00,1.00,1.00,,
2072,34.5333,33.1503,grenade,0,1,1,0,-76.8,229,-973,0.00,0,,,,,1.00,1.00,1.00,1.00,,
2073,34.5500,33.1670,grenade,0,1,1,0,-79.3,186,-983,0.00,0,,,,,1.00,1.00,1.00,1.00,,
2074,34.5667,33.1837,grenade,0,1,1,0,-79.2,187,-982,0.00,0,,,,,1.00,1.00,1.00,1.00,,
2075,34.5833,33.2003,grenade,0,1,1,0,-79.2,187,-982,0.00,0,,,,,1.00,1.00,1.00,1.00,,
2076,34.6000,33.2170,grenade,0,1,1,0,-84.9,89,-996,0.00,0,,,,,1.00,1.00,1.00,1.00,,
2077,34.6167,33.2337,grenade,0,1,1,0,-85.0,86,-996,0.00,0,,,,,1.00,1.00,1.00,1.00,,
2078,34.6333,33.2503,grenade,0,1,1,0,-85.0,88,-996,0.00,0,,,,,1.00,1.00,1.00,1.00,,
2079,34.6500,33.2670,grenade,0,1,1,0,-88.0,35,-999,0.00,0,,,,,1.00,1.00,1.00,1.00,,
2080,34.6667,33.2837,grenade,0,1,1,0,-101.1,-193,-981,0.00,0,,,,,1.00,1.00,1.00,1.00,,
2081,34.6833,33.3003,grenade,0,1,1,0,165.2,-967,255,0.00,0,,,,,1.00,1.00,1.00,1.00,,
2082,34.7000,33.3170,grenade,0,1,1,0,-103.0,-224,-975,0.00,0,,,,,1.00,1.00,1.00,1.00,,
2083,34.7167,33.3337,grenade,0,1,1,0,-95.2,-91,-996,0.00,0,,,,,1.00,1.00,1.00,1.00,,
2084,34.7333,33.3503,grenade,0,1,1,0,-87.0,52,-999,0.00,0,,,,,1.00,1.00,1.00,1.00,,
2085,34.7500,33.3670,grenade,0,1,1,0,-88.9,19,-1000,0.00,0,,,,,1.00,1.00,1.00,0.42,,
2086,34.7667,33.3837,grenade,0,1,1,0,-101.0,-191,-982,3.00,0,,,,,1.00,1.00,1.00,0.00,,
2087,34.7833,33.4003,grenade,0,1,1,0,71.5,317,948,0.50,0,,,,,1.00,1.00,1.00,1.00,,
2088,34.8000,33.4170,grenade,0,1,1,0,75.2,255,967,0.50,0,,,,,1.00,1.00,1.00,1.00,,
2089,34.8167,33.4337,grenade,0,1,1,0,76.8,229,973,0.00,0,,,,,1.00,1.00,1.00,0.94,,
2090,34.8333,33.4503,grenade,0,1,1,0,40.8,758,653,3.25,1,0.6,1000,10,audio+recoil,1.00,1.00,1.00,1.00,1.00,0.75
2091,34.8500,33.4670,grenade,0,1,1,0,0.6,1000,10,8.25,0,,,,,1.00,1.00,1.00,1.00,,
2092,34.8667,33.4837,grenade,0,1,1,0,13.7,972,237,10.00,0,,,,,1.00,1.00,1.00,1.00,,
2093,34.8833,33.5003,grenade,0,1,1,0,135.7,-715,699,9.50,0,,,,,1.00,1.00,1.00,1.00,,
2094,34.9000,33.5170,grenade,0,1,1,0,-15.7,963,-270,6.25,0,,,,,1.00,1.00,1.00,0.56,,
2095,34.9167,33.5337,grenade,0,1,1,0,97.7,-133,991,4.00,0,,,,,1.00,1.00,1.00,0.16,,
2096,34.9333,33.5503,grenade,0,1,1,0,-17.1,956,-293,0.25,0,,,,,1.00,1.00,1.00,0.32,,
2097,34.9500,33.5670,grenade,0,1,1,0,107.2,-297,955,0.00,0,,,,,1.00,1.00,1.00,0.00,,
2098,34.9667,33.5837,grenade,0,1,1,0,-17.1,956,-293,0.25,0,,,,,1.00,1.00,1.00,0.84,,
2099,34.9833,33.6003,grenade,0,1,1,1,-24.3,911,-412,0.25,0,,,,,1.00,1.00,1.00,1.00,,
2100,35.0000,33.6170,grenade,0,1,1,1,54.2,585,811,10.00,0,,,,,1.00,1.00,1.00,0.00,,
2101,35.0167,33.6337,grenade,0,1,1,0,-113.5,-399,-917,0.00,0,,,,,1.00,1.00,1.00,0.32,,
2102,35.0333,33.6503,grenade,0,1,1,0,-106.0,-275,-962,0.00,0,,,,,1.00,1.00,1.00,1.00,,
2103,35.0500,33.6670,grenade,0,1,1,0,-99.5,-164,-986,0.00,0,,,,,1.00,1.00,1.00,1.00,,
2104,35.0667,33.6837,grenade,0,1,1,0,-99.5,-164,-986,0.00,0,,,,,1.00,1.00,1.00,1.00,,
2105,35.0833,33.7003,grenade,0,1,1,0,-99.5,-164,-986,0.00,0,,,,,1.00,1.00,1.00,1.00,,
2106,35.1000,33.7170,grenade,0,1,1,0,-99.6,-167,-986,0.00,0,,,,,1.00,1.00,1.00,1.00,,
2107,35.1167,33.7337,grenade,0,1,1,0,-105.3,-265,-964,0.00,0,,,,,1.00,1.00,1.00,1.00,,
2108,35.1333,33.7503,grenade,0,1,1,0,-107.6,-302,-953,0.00,0,,,,,1.00,1.00,1.00,1.00,,
2109,35.1500,33.7670,grenade,0,1,1,0,-107.6,-302,-953,0.00,0,,,,,1.00,1.00,1.00,1.00,,
2110,35.1667,33.7837,grenade,0,1,1,0,-107.6,-302,-953,0.00,0,,,,,1.00,1.00,1.00,1.00,,
2111,35.1833,33.8003,grenade,0,1,1,0,-107.5,-302,-953,0.00,0,,,,,1.00,1.00,1.00,1.00,,
2112,35.2000,33.8170,grenade,0,1,1,0,-107.6,-302,-953,0.00,0,,,,,1.00,1.00,1.00,1.00,,
2113,35.2167,33.8337,grenade,0,1,1,0,-110.8,-356,-935,0.00,0,,,,,1.00,1.00,1.00,1.00,,
2114,35.2333,33.8503,grenade,0,1,1,0,-109.9,-340,-940,0.00,0,,,,,1.00,1.00,1.00,1.00,,
2115,35.2500,33.8670,grenade,0,1,1,0,-123.6,-554,-832,0.00,0,,,,,1.00,1.00,1.00,1.00,,
2116,35.2667,33.8837,grenade,0,1,1,0,-162.2,-952,-306,0.00,0,,,,,1.00,1.00,1.00,1.00,,
2117,35.2833,33.9003,grenade,0,1,1,0,-162.3,-953,-304,0.00,0,,,,,1.00,1.00,1.00,1.00,,
2118,35.3000,33.9170,grenade,0,1,1,0,-162.3,-953,-304,0.00,0,,,,,1.00,1.00,1.00,1.00,,
2119,35.3167,33.9337,grenade,0,1,1,0,-162.3,-953,-304,0.00,0,,,,,1.00,1.00,1.00,1.00,,
2120,35.3333,33.9503,grenade,0,1,1,0,140.4,-771,637,0.00,0,,,,,1.00,1.00,1.00,1.00,,
2121,35.3500,33.9670,grenade,0,1,1,0,69.7,347,938,0.50,0,,,,,1.00,1.00,1.00,1.00,,
2122,35.3667,33.9837,grenade,0,1,1,0,69.7,347,938,0.50,0,,,,,1.00,1.00,1.00,1.00,,
2123,35.3833,34.0003,grenade,0,1,1,0,69.7,347,938,0.50,0,,,,,1.00,1.00,1.00,0.27,,
2124,35.4000,34.0170,grenade,0,1,1,0,72.2,305,952,0.50,0,,,,,1.00,1.00,1.00,0.69,,
2125,35.4167,34.0337,grenade,0,1,1,0,78.8,194,981,0.50,0,,,,,1.00,1.00,1.00,0.83,,
2126,35.4333,34.0503,grenade,0,1,1,0,82.5,130,992,0.50,0,,,,,1.00,1.00,1.00,0.37,,
2127,35.4500,34.0670,grenade,0,1,1,0,82.6,129,992,0.50,0,,,,,1.00,1.00,1.00,0.52,,
2128,35.4667,34.0837,grenade,0,1,1,0,82.6,129,992,0.50,0,,,,,1.00,1.00,1.00,0.46,,
2129,35.4833,34.1003,grenade,0,1,1,0,82.5,130,992,0.50,0,,,,,1.00,1.00,1.00,1.00,,
2130,35.5000,34.1170,grenade,0,1,1,0,82.5,130,992,0.50,0,,,,,1.00,1.00,1.00,1.00,,
2131,35.5167,34.1337,grenade,0,1,1,0,17.7,953,304,0.25,0,,,,,1.00,1.00,1.00,1.00,,
2132,35.5333,34.1503,grenade,0,1,1,0,51.4,625,781,0.50,0,,,,,1.00,1.00,1.00,1.00,,
2133,35.5500,34.1670,grenade,0,1,1,0,86.6,59,998,0.25,0,,,,,1.00,1.00,1.00,1.00,,
2134,35.5667,34.1837,grenade,0,1,1,0,86.6,59,998,0.25,0,,,,,1.00,1.00,1.00,1.00,,
2135,35.5833,34.2003,grenade,0,1,1,0,86.6,59,998,0.25,0,,,,,1.00,1.00,1.00,1.00,,
2136,35.6000,34.2170,grenade,0,1,1,0,86.6,59,998,0.25,0,,,,,1.00,1.00,1.00,1.00,,
2137,35.6167,34.2337,grenade,0,1,1,0,86.6,59,998,0.25,0,,,,,1.00,1.00,1.00,1.00,,
2138,35.6333,34.2503,grenade,0,1,1,0,86.6,59,998,0.25,0,,,,,1.00,1.00,1.00,1.00,,
2139,35.6500,34.2670,grenade,0,1,1,0,86.6,59,998,0.25,0,,,,,1.00,1.00,1.00,1.00,,
2140,35.6667,34.2837,grenade,0,1,1,0,86.6,59,998,0.25,0,,,,,1.00,1.00,1.00,1.00,,
2141,35.6833,34.3003,grenade,0,1,1,0,79.5,183,983,0.00,0,,,,,1.00,1.00,1.00,0.08,,
2142,35.7000,34.3170,grenade,0,1,1,0,49.0,655,755,0.00,0,,,,,1.00,1.00,1.00,1.00,,
2143,35.7167,34.3337,grenade,0,1,1,0,5.2,996,91,3.75,1,5.2,996,91,audio+recoil,1.00,1.00,1.00,1.00,1.00,0.90
2144,35.7333,34.3503,grenade,0,1,1,0,-22.8,922,-388,8.50,0,,,,,1.00,1.00,1.00,1.00,,
2145,35.7500,34.3670,grenade,0,1,1,0,-22.9,922,-388,9.75,0,,,,,1.00,1.00,1.00,0.95,,
2146,35.7667,34.3837,grenade,0,1,1,0,-23.1,920,-392,8.50,0,,,,,1.00,1.00,1.00,0.44,,
2147,35.7833,34.4003,grenade,1,1,0,0,-153.6,-896,-445,10.00,0,,,,,0.91,1.00,0.28,0.00,,
2148,35.8000,34.4170,grenade,0,1,1,0,-173.9,-994,-105,0.50,0,,,,,0.00,1.00,0.39,0.00,,
2149,35.8167,34.4337,grenade,0,1,1,0,-22.8,922,-387,0.25,0,,,,,0.70,1.00,1.00,0.45,,
2150,35.8333,34.4503,grenade,0,1,1,0,24.3,911,412,0.25,0,,,,,1.00,1.00,1.00,1.00,,
2151,35.8500,34.4670,grenade,0,1,1,0,79.5,181,983,0.25,0,,,,,1.00,1.00,1.00,1.00,,
2152,35.8667,34.4837,grenade,0,1,1,0,79.5,181,983,0.25,0,,,,,1.00,1.00,1.00,1.00,,
2153,35.8833,34.5003,grenade,0,1,1,0,79.5,181,983,0.25,0,,,,,1.00,1.00,1.00,1.00,,
2154,35.9000,34.5170,grenade,0,1,1,0,79.5,181,983,0.25,0,,,,,1.00,1.00,1.00,1.00,,
2155,35.9167,34.5337,grenade,0,1,1,0,79.5,181,983,0.25,0,,,,,1.00,1.00,1.00,1.00,,
2156,35.9333,34.5503,grenade,0,1,1,0,79.5,181,983,0.25,0,,,,,1.00,1.00,1.00,1.00,,
2157,35.9500,34.5670,grenade,0,1,1,0,79.5,181,983,0.25,0,,,,,1.00,1.00,1.00,1.00,,
2158,35.9667,34.5837,grenade,0,1,1,0,81.0,157,988,0.25,0,,,,,1.00,1.00,1.00,1.00,,
2159,35.9833,34.6003,grenade,0,1,1,0,99.0,-157,988,0.25,0,,,,,1.00,1.00,1.00,1.00,,
2160,36.0000,34.6170,grenade,0,1,1,0,99.1,-158,987,0.25,0,,,,,1.00,1.00,1.00,0.78,,
2161,36.0167,34.6337,grenade,0,1,1,0,79.2,187,982,0.50,0,,,,,1.00,1.00,1.00,0.43,,
2162,36.0333,34.6503,grenade,0,1,1,0,75.4,252,968,0.50,0,,,,,1.00,1.00,1.00,0.96,,
2163,36.0500,34.6670,grenade,0,1,1,0,75.5,250,968,0.50,0,,,,,1.00,1.00,1.00,0.69,,
2164,36.0667,34.6837,grenade,0,1,1,0,54.1,586,810,0.50,0,,,,,1.00,1.00,1.00,1.00,,
2165,36.0833,34.7003,grenade,0,1,1,0,-14.2,969,-245,0.25,0,,,,,1.00,1.00,1.00,1.00,,
2166,36.1000,34.7170,grenade,0,1,1,0,99.8,-170,985,0.25,0,,,,,1.00,1.00,1.00,0.42,,
2167,36.1167,34.7337,grenade,0,1,1,0,8.6,989,150,0.25,0,,,,,1.00,1.00,1.00,1.00,,
2168,36.1333,34.7503,grenade,0,1,1,0,-14.7,967,-253,0.25,0,,,,,1.00,1.00,1.00,1.00,,
2169,36.1500,34.7670,grenade,0,1,1,0,-13.0,975,-224,0.25,0,,,,,1.00,1.00,1.00,1.00,,
2170,36.1667,34.7837,grenade,0,1,1,0,-13.0,975,-224,0.25,0,,,,,1.00,1.00,1.00,1.00,,
2171,36.1833,34.8003,grenade,0,1,1,0,-12.8,975,-222,0.00,0,,,,,1.00,1.00,1.00,0.01,,
2172,36.2000,34.8170,grenade,0,1,1,0,-12.9,975,-223,0.00,0,,,,,1.00,1.00,1.00,1.00,,
2173,36.2167,34.8337,grenade,0,1,1,0,22.4,924,382,3.75,1,22.4,924,382,audio+recoil,1.00,1.00,1.00,1.00,1.00,0.80
2174,36.2333,34.8503,grenade,0,1,1,0,48.4,665,747,8.75,0,,,,,1.00,1.00,1.00,1.00,,
2175,36.2500,34.8670,grenade,0,1,1,0,-163.9,-961,-277,10.00,0,,,,,1.00,1.00,1.00,0.00,,
2176,36.2667,34.8837,grenade,0,1,1,1,48.4,665,747,9.00,0,,,,,1.00,1.00,1.00,1.00,,
2177,36.2833,34.9003,grenade,0,1,1,1,48.4,664,748,6.00,0,,,,,1.00,1.00,1.00,1.00,,
2178,36.3000,34.9170,grenade,0,1,1,1,48.4,665,747,2.00,0,,,,,1.00,1.00,1.00,1.00,,
2179,36.3167,34.9337,grenade,0,1,1,0,48.3,665,747,0.50,0,,,,,1.00,1.00,1.00,1.00,,
2180,36.3333,34.9503,grenade,0,1,1,0,-0.2,1000,-3,0.25,0,,,,,1.00,1.00,1.00,1.00,,
2181,36.3500,34.9670,grenade,0,1,1,0,-56.8,548,-837,0.00,0,,,,,1.00,1.00,1.00,1.00,,
2182,36.3667,34.9837,grenade,0,1,1,0,-43.5,726,-688,0.00,0,,,,,1.00,1.00,1.00,1.00,,
2183,36.3833,35.0003,grenade,0,1,1,0,70.4,335,942,0.50,0,,,,,1.00,1.00,1.00,1.00,,
2184,36.4000,35.0170,grenade,0,1,1,0,41.6,748,664,0.50,0,,,,,1.00,1.00,1.00,1.00,,
2185,36.4167,35.0337,grenade,0,1,1,0,39.8,769,639,0.50,0,,,,,1.00,1.00,1.00,1.00,,
2186,36.4333,35.0503,grenade,0,1,1,0,-48.4,664,-748,0.00,0,,,,,1.00,1.00,1.00,1.00,,
2187,36.4500,35.0670,grenade,0,1,1,0,-76.3,237,-972,0.00,0,,,,,1.00,1.00,1.00,1.00,,
2188,36.4667,35.0837,grenade,0,1,1,0,-76.3,237,-972,0.00,0,,,,,1.00,1.00,1.00,1.00,,
2189,36.4833,35.1003,grenade,0,1,1,0,-76.3,237,-972,0.00,0,,,,,1.00,1.00,1.00,1.00,,
2190,36.5000,35.1170,grenade,0,1,1,0,-76.3,237,-972,0.00,0,,,,,1.00,1.00,1.00,1.00,,
2191,36.5167,35.1337,grenade,0,1,1,0,-76.3,237,-972,0.00,0,,,,,1.00,1.00,1.00,1.00,,
2192,36.5333,35.1503,grenade,0,1,1,0,-141.1,-778,-629,0.00,0,,,,,1.00,1.00,1.00,1.00,,
2193,36.5500,35.1670,grenade,0,1,1,0,169.6,-983,181,0.00,0,,,,,1.00,1.00,1.00,1.00,,
2194,36.5667,35.1837,grenade,0,1,1,0,169.6,-983,181,0.00,0,,,,,1.00,1.00,1.00,1.00,,
2195,36.5833,35.2003,grenade,0,1,1,0,169.6,-983,181,0.00,0,,,,,1.00,1.00,1.00,1.00,,
2196,36.6000,35.2170,grenade,0,1,1,0,169.6,-983,181,0.00,0,,,,,1.00,1.00,1.00,1.00,,
2197,36.6167,35.2337,grenade,0,1,1,0,169.6,-983,181,0.00,0,,,,,1.00,1.00,1.00,1.00,,
2198,36.6333,35.2503,grenade,0,1,1,0,169.6,-983,181,0.00,0,,,,,1.00,1.00,1.00,1.00,,
2199,36.6500,35.2670,grenade,0,1,1,0,143.1,-800,600,0.00,0,,,,,1.00,1.00,1.00,1.00,,
2200,36.6667,35.2837,grenade,0,1,1,0,108.9,-324,946,0.25,0,,,,,1.00,1.00,1.00,1.00,,
2201,36.6833,35.3003,grenade,0,1,1,0,108.9,-324,946,0.25,0,,,,,1.00,1.00,1.00,1.00,,
2202,36.7000,35.3170,grenade,0,1,1,0,108.9,-324,946,0.25,0,,,,,1.00,1.00,1.00,1.00,,
2203,36.7167,35.3337,grenade,0,1,1,0,147.3,-842,540,0.00,0,,,,,1.00,1.00,1.00,1.00,,
2204,36.7333,35.3503,grenade,0,1,1,0,-77.0,224,-975,0.00,0,,,,,1.00,1.00,1.00,1.00,,
2205,36.7500,35.3670,grenade,0,1,1,0,-44.5,713,-701,0.00,0,,,,,1.00,1.00,1.00,1.00,,
2206,36.7667,35.3837,grenade,0,1,1,0,-86.3,65,-998,0.00,0,,,,,1.00,1.00,1.00,1.00,,
2207,36.7833,35.4003,grenade,0,1,1,0,-162.3,-953,-304,0.00,0,,,,,1.00,1.00,1.00,1.00,,
2208,36.8000,35.4170,grenade,0,1,1,0,-162.3,-953,-304,0.00,0,,,,,1.00,1.00,1.00,1.00,,
2209,36.8167,35.4337,grenade,1,1,0,0,-76.1,240,-971,5.75,0,,,,,0.75,1.00,0.10,0.00,,
2210,36.8333,35.4503,grenade,0,1,1,0,-177.1,-999,-51,0.25,1,143.8,-807,590,audio+recoil,0.46,1.00,0.38,0.00,1.00,0.85
2211,36.8500,35.4670,grenade,0,1,1,0,143.8,-807,590,8.00,0,,,,,0.23,1.00,1.00,1.00,,
2212,36.8667,35.4837,grenade,0,1,1,0,76.7,230,973,10.00,0,,,,,1.00,1.00,1.00,1.00,,
2213,36.8833,35.5003,grenade,0,1,1,0,76.7,230,973,10.00,0,,,,,1.00,1.00,1.00,1.00,,
2214,36.9000,35.5170,grenade,0,1,1,0,76.7,231,973,6.50,0,,,,,1.00,1.00,1.00,1.00,,
2215,36.9167,35.5337,grenade,0,0,0,0,100.0,-174,985,2.50,0,,,,,1.00,1.00,1.00,1.00,,
2216,36.9333,35.5503,grenade,0,0,0,0,113.2,-394,919,0.25,0,,,,,1.00,1.00,1.00,1.00,,
2217,36.9500,35.5670,grenade,0,0,0,0,113.2,-394,919,0.25,0,,,,,1.00,1.00,1.00,1.00,,
2218,36.9667,35.5837,grenade,0,0,0,0,113.2,-394,919,0.25,0,,,,,1.00,1.00,1.00,1.00,,
2219,36.9833,35.6003,grenade,0,0,0,0,113.2,-394,919,0.25,0,,,,,1.00,1.00,1.00,1.00,,
2220,37.0000,35.6170,grenade,0,0,0,0,113.2,-394,919,0.25,0,,,,,1.00,1.00,1.00,1.00,,
2221,37.0167,35.6337,grenade,0,0,0,0,113.2,-394,919,0.25,0,,,,,1.00,1.00,1.00,1.00,,
2222,37.0333,35.6503,grenade,0,0,0,0,113.2,-395,919,0.25,0,,,,,1.00,1.00,1.00,0.99,,
2223,37.0500,35.6670,grenade,0,0,0,0,113.2,-394,919,0.25,0,,,,,1.00,1.00,1.00,0.49,,
2224,37.0667,35.6837,grenade,1,0,-1,0,113.2,-394,919,0.25,0,,,,,1.00,1.00,1.00,1.00,,
2225,37.0833,35.7003,grenade,1,0,-1,0,113.2,-393,919,0.25,0,,,,,1.00,1.00,1.00,0.58,,
2226,37.1000,35.7170,grenade,1,0,-1,0,113.3,-396,918,0.25,0,,,,,1.00,1.00,1.00,0.92,,
2227,37.1167,35.7337,grenade,1,0,-1,0,113.2,-395,919,0.25,0,,,,,1.00,1.00,1.00,0.30,,
2228,37.1333,35.7503,grenade,1,0,-1,0,113.2,-393,919,0.25,0,,,,,1.00,1.00,1.00,1.00,,
2229,37.1500,35.7670,grenade,1,0,-1,0,113.2,-394,919,0.25,0,,,,,1.00,1.00,1.00,1.00,,
2230,37.1667,35.7837,grenade,1,0,-1,0,115.9,-437,900,0.25,0,,,,,1.00,1.00,1.00,1.00,,
2231,37.1833,35.8003,grenade,1,0,-1,0,133.1,-683,731,0.00,0,,,,,1.00,1.00,1.00,1.00,,
2232,37.2000,35.8170,grenade,1,0,-1,0,133.1,-683,731,0.00,0,,,,,1.00,1.00,1.00,1.00,,
2233,37.2167,35.8337,grenade,1,0,-1,0,133.0,-682,731,0.00,0,,,,,1.00,1.00,1.00,1.00,,
2234,37.2333,35.8503,grenade,1,0,-1,0,133.0,-682,731,0.00,0,,,,,1.00,1.00,1.00,1.00,,
2235,37.2500,35.8670,grenade,1,0,-1,0,133.0,-682,731,0.00,0,,,,,1.00,1.00,1.00,1.00,,
2236,37.2667,35.8837,grenade,1,0,-1,0,152.4,-886,464,0.00,0,,,,,1.00,1.00,1.00,1.00,,
2237,37.2833,35.9003,grenade,1,0,-1,0,-169.2,-982,-187,0.00,0,,,,,1.00,1.00,1.00,1.00,,
2238,37.3000,35.9170,grenade,1,0,-1,0,-169.3,-983,-186,0.00,0,,,,,1.00,1.00,1.00,0.86,,
2239,37.3167,35.9337,grenade,1,0,-1,0,-169.3,-983,-185,0.00,0,,,,,1.00,1.00,1.00,0.72,,
2240,37.3333,35.9503,grenade,1,0,-1,0,-164.7,-965,-264,0.00,0,,,,,1.00,1.00,1.00,1.00,,
2241,37.3500,35.9670,grenade,1,0,-1,0,-159.5,-937,-350,0.00,0,,,,,1.00,1.00,1.00,1.00,,
2242,37.3667,35.9837,grenade,1,0,-1,0,-159.5,-937,-350,0.00,0,,,,,1.00,1.00,1.00,0.80,,
2243,37.3833,36.0003,grenade,1,0,-1,0,-159.5,-937,-350,0.00,0,,,,,1.00,1.00,1.00,0.47,,
2244,37.4000,36.0170,grenade,1,0,-1,0,-159.5,-937,-350,0.00,0,,,,,1.00,1.00,1.00,0.46,,
2245,37.4167,36.0337,grenade,1,0,-1,0,-159.5,-937,-350,0.00,0,,,,,1.00,1.00,1.00,1.00,,
2246,37.4333,36.0503,grenade,1,0,-1,0,-155.7,-912,-411,0.00,0,,,,,1.00,1.00,1.00,0.57,,
2247,37.4500,36.0670,grenade,1,0,-1,0,-173.9,-994,-106,2.00,1,-52.5,609,-793,audio+recoil,1.00,1.00,1.00,1.00,1.00,0.00
2248,37.4667,36.0837,grenade,1,0,-1,0,-52.5,609,-793,5.50,0,,,,,1.00,1.00,1.00,0.00,,
2249,37.4833,36.1003,grenade,1,0,-1,0,41.2,753,658,10.00,0,,,,,1.00,1.00,1.00,1.00,,
2250,37.5000,36.1170,grenade,1,0,-1,0,41.2,752,659,10.00,0,,,,,1.00,1.00,1.00,1.00,,
2251,37.5167,36.1337,grenade,1,0,-1,0,41.3,752,659,7.00,0,,,,,1.00,1.00,1.00,1.00,,
2252,37.5333,36.1503,grenade,1,0,-1,0,41.2,752,659,3.25,0,,,,,1.00,1.00,1.00,1.00,,
2253,37.5500,36.1670,grenade,1,0,-1,0,41.2,753,658,0.50,0,,,,,1.00,1.00,1.00,1.00,,
2254,37.5667,36.1837,grenade,1,0,-1,1,24.7,909,417,0.25,0,,,,,1.00,1.00,1.00,1.00,,
2255,37.5833,36.2003,grenade,1,0,-1,1,-21.3,931,-364,0.25,0,,,,,1.00,1.00,1.00,1.00,,
2256,37.6000,36.2170,grenade,1,0,-1,0,-22.8,922,-388,0.25,0,,,,,1.00,1.00,1.00,1.00,,
2257,37.6167,36.2337,grenade,1,0,-1,0,-22.8,922,-388,0.25,0,,,,,1.00,1.00,1.00,1.00,,
2258,37.6333,36.2503,grenade,1,0,-1,0,-24.0,914,-406,0.25,0,,,,,1.00,1.00,1.00,1.00,,
2259,37.6500,36.2670,grenade,1,0,-1,0,-27.0,891,-454,0.25,0,,,,,1.00,1.00,1.00,1.00,,
2260,37.6667,36.2837,grenade,1,0,-1,0,-20.1,939,-344,0.25,0,,,,,1.00,1.00,1.00,1.00,,
2261,37.6833,36.3003,grenade,1,0,-1,0,89.9,2,1000,2.75,0,,,,,1.00,1.00,1.00,0.09,,
2262,37.7000,36.3170,grenade,1,0,-1,0,71.5,317,948,0.50,0,,,,,1.00,1.00,1.00,0.23,,
2263,37.7167,36.3337,grenade,1,0,-1,0,111.4,-365,931,0.25,0,,,,,1.00,1.00,1.00,1.00,,
2264,37.7333,36.3503,grenade,1,0,-1,0,142.8,-796,605,0.00,0,,,,,1.00,1.00,1.00,1.00,,
2265,37.7500,36.3670,grenade,1,0,-1,0,142.8,-796,605,0.00,0,,,,,1.00,1.00,1.00,1.00,,
2266,37.7667,36.3837,grenade,1,0,-1,0,120.1,-502,865,0.00,0,,,,,1.00,1.00,1.00,1.00,,
2267,37.7833,36.4003,grenade,1,0,-1,0,74.0,276,961,0.25,0,,,,,1.00,1.00,1.00,1.00,,
2268,37.8000,36.4170,grenade,1,0,-1,0,74.0,276,961,0.25,0,,,,,1.00,1.00,1.00,1.00,,
2269,37.8167,36.4337,grenade,1,0,-1,0,74.0,276,961,0.25,0,,,,,1.00,1.00,1.00,1.00,,
2270,37.8333,36.4503,grenade,1,0,-1,0,74.0,275,962,0.25,0,,,,,1.00,1.00,1.00,1.00,,
2271,37.8500,36.4670,grenade,1,0,-1,0,91.6,-28,1000,0.25,0,,,,,1.00,1.00,1.00,1.00,,
2272,37.8667,36.4837,grenade,1,0,-1,0,112.2,-378,926,0.25,0,,,,,1.00,1.00,1.00,1.00,,
2273,37.8833,36.5003,grenade,1,0,-1,0,123.1,-546,838,0.25,0,,,,,1.00,1.00,1.00,1.00,,
2274,37.9000,36.5170,grenade,1,0,-1,0,-91.4,-24,-1000,0.00,0,,,,,1.00,1.00,1.00,1.00,,
2275,37.9167,36.5337,grenade,1,0,-1,0,146.3,-832,555,0.00,0,,,,,1.00,1.00,1.00,1.00,,
2276,37.9333,36.5503,grenade,1,0,-1,0,-86.3,64,-998,0.25,0,,,,,1.00,1.00,1.00,0.00,,
2277,37.9500,36.5670,grenade,1,0,-1,0,54.5,581,814,9.75,1,25.1,906,423,audio+recoil,1.00,1.00,1.00,0.11,1.00,0.00
2278,37.9667,36.5837,grenade,1,0,-1,0,25.1,906,423,6.75,0,,,,,1.00,1.00,1.00,0.00,,
2279,37.9833,36.6003,grenade,1,0,-1,0,19.9,940,341,10.00,0,,,,,1.00,1.00,1.00,0.19,,
2280,38.0000,36.6170,grenade,1,0,-1,0,-23.8,915,-403,9.75,0,,,,,1.00,1.00,1.00,1.00,,
2281,38.0167,36.6337,grenade,1,0,-1,0,-84.1,103,-995,2.50,0,,,,,1.00,1.00,1.00,0.00,,
2282,38.0333,36.6503,grenade,1,0,-1,0,5.4,996,93,3.00,0,,,,,1.00,1.00,1.00,0.94,,
2283,38.0500,36.6670,grenade,1,0,-1,0,39.9,767,641,0.50,0,,,,,1.00,1.00,1.00,1.00,,
2284,38.0667,36.6837,grenade,1,0,-1,0,99.5,-165,986,0.25,0,,,,,1.00,1.00,1.00,1.00,,
2285,38.0833,36.7003,grenade,1,0,-1,0,-75.0,259,-966,0.00,0,,,,,1.00,1.00,1.00,1.00,,
2286,38.1000,36.7170,grenade,1,0,-1,0,-74.4,269,-963,0.00,0,,,,,1.00,1.00,1.00,1.00,,
2287,38.1167,36.7337,grenade,1,0,-1,0,-2.1,999,-38,0.25,0,,,,,1.00,1.00,1.00,1.00,,
2288,38.1333,36.7503,grenade,1,0,-1,0,21.2,932,362,0.25,0,,,,,1.00,1.00,1.00,0.59,,
2289,38.1500,36.7670,grenade,1,0,-1,0,-98.0,-139,-990,8.25,0,,,,,1.00,1.00,1.00,0.00,,
2290,38.1667,36.7837,grenade,1,0,-1,0,106.2,-278,961,0.25,0,,,,,1.00,1.00,1.00,1.00,,
2291,38.1833,36.8003,grenade,1,0,-1,0,106.2,-278,961,0.25,0,,,,,1.00,1.00,1.00,1.00,,
2292,38.2000,36.8170,grenade,1,0,-1,0,106.2,-278,961,0.25,0,,,,,1.00,1.00,1.00,1.00,,
2293,38.2167,36.8337,grenade,1,0,-1,0,106.2,-279,960,0.25,0,,,,,1.00,1.00,1.00,1.00,,
2294,38.2333,36.8503,grenade,1,0,-1,0,106.9,-291,957,0.25,0,,,,,1.00,1.00,1.00,1.00,,
2295,38.2500,36.8670,grenade,1,0,-1,0,107.3,-298,955,0.25,0,,,,,1.00,1.00,1.00,1.00,,
2296,38.2667,36.8837,grenade,1,0,-1,0,75.8,245,969,0.25,0,,,,,1.00,1.00,1.00,1.00,,
2297,38.2833,36.9003,grenade,1,0,-1,0,-22.8,922,-388,0.25,0,,,,,1.00,1.00,1.00,1.00,,
2298,38.3000,36.9170,grenade,1,0,-1,0,-22.8,922,-388,0.25,0,,,,,1.00,1.00,1.00,1.00,,
2299,38.3167,36.9337,grenade,1,0,-1,0,5.0,996,87,0.25,0,,,,,1.00,1.00,1.00,1.00,,
2300,38.3333,36.9503,grenade,1,0,-1,0,12.7,976,220,0.25,0,,,,,1.00,1.00,1.00,1.00,,
2301,38.3500,36.9670,grenade,1,0,-1,0,-41.8,746,-666,0.00,0,,,,,1.00,1.00,1.00,1.00,,
2302,38.3667,36.9837,grenade,1,0,-1,0,-128.4,-622,-783,3.50,0,,,,,1.00,1.00,1.00,0.00,,
2303,38.3833,37.0003,grenade,1,0,-1,0,-129.3,-634,-773,4.50,0,,,,,1.00,1.00,1.00,0.00,,
2304,38.4000,37.0170,grenade,1,0,-1,0,-130.8,-653,-757,5.00,0,,,,,1.00,1.00,1.00,0.00,,
2305,38.4167,37.0337,grenade,1,0,-1,0,-51.1,628,-778,4.50,0,,,,,1.00,1.00,1.00,0.00,,
2306,38.4333,37.0503,grenade,1,0,-1,0,-51.0,629,-778,4.00,0,,,,,1.00,1.00,1.00,0.00,,
2307,38.4500,37.0670,grenade,1,0,-1,0,9.8,986,169,6.50,1,,,,audio,1.00,0.88,0.43,0.00,0.85,0.00
2308,38.4667,37.0837,grenade,1,0,-1,0,-34.1,828,-561,3.25,0,,,,,1.00,0.35,1.00,0.00,,
2309,38.4833,37.1003,grenade,1,0,-1,0,0.3,1000,5,1.50,0,,,,,1.00,1.00,1.00,0.00,,
2310,38.5000,37.1170,grenade,1,0,-1,0,-49.8,645,-764,9.50,0,,,,,1.00,1.00,1.00,0.00,,
2311,38.5167,37.1337,grenade,1,0,-1,0,-15.6,963,-269,0.00,0,,,,,1.00,1.00,1.00,0.00,,
2312,38.5333,37.1503,grenade,1,0,-1,0,-157.0,-921,-391,0.00,0,,,,,1.00,1.00,1.00,0.00,,
2313,38.5500,37.1670,grenade,1,0,-1,0,-152.8,-889,-458,0.00,0,,,,,1.00,1.00,1.00,0.00,,
2314,38.5667,37.1837,grenade,1,0,-1,0,-29.7,869,-495,0.00,0,,,,,1.00,1.00,1.00,0.00,,
2315,38.5833,37.2003,grenade,1,0,-1,0,-92.5,-44,-999,0.25,0,,,,,1.00,1.00,1.00,0.00,,
2316,38.6000,37.2170,grenade,1,0,-1,0,-92.5,-44,-999,0.25,0,,,,,1.00,1.00,1.00,1.00,,
2317,38.6167,37.2337,grenade,1,0,-1,0,-92.2,-38,-999,0.00,0,,,,,1.00,1.00,1.00,1.00,,
2318,38.6333,37.2503,grenade,1,0,-1,0,-92.2,-39,-999,0.00,0,,,,,1.00,1.00,1.00,1.00,,
2319,38.6500,37.2670,grenade,1,0,-1,0,-96.5,-113,-994,0.00,0,,,,,1.00,1.00,1.00,1.00,,
2320,38.6667,37.2837,grenade,1,0,-1,0,-102.0,-209,-978,0.00,0,,,,,1.00,1.00,1.00,1.00,,
2321,38.6833,37.3003,grenade,1,0,-1,0,-106.3,-281,-960,0.00,0,,,,,1.00,1.00,1.00,1.00,,
2322,38.7000,37.3170,grenade,1,0,-1,0,-123.0,-545,-838,0.00,0,,,,,1.00,1.00,1.00,1.00,,
2323,38.7167,37.3337,grenade,1,0,-1,0,-145.1,-820,-573,0.00,0,,,,,1.00,1.00,1.00,1.00,,
2324,38.7333,37.3503,grenade,1,0,-1,0,-159.5,-937,-350,0.00,0,,,,,1.00,1.00,1.00,1.00,,
2325,38.7500,37.3670,grenade,1,0,-1,0,-159.5,-937,-350,0.00,0,,,,,1.00,1.00,1.00,1.00,,
2326,38.7667,37.3837,grenade,1,0,-1,0,-159.5,-937,-350,0.00,0,,,,,1.00,1.00,1.00,1.00,,
2327,38.7833,37.4003,grenade,1,0,-1,0,-159.5,-937,-350,0.00,0,,,,,1.00,1.00,1.00,1.00,,
2328,38.8000,37.4170,grenade,1,0,-1,0,-159.5,-937,-350,0.00,0,,,,,1.00,1.00,1.00,1.00,,
2329,38.8167,37.4337,grenade,1,0,-1,0,-159.5,-937,-350,0.00,0,,,,,1.00,1.00,1.00,1.00,,
2330,38.8333,37.4503,grenade,1,0,-1,1,-159.5,-937,-350,0.00,0,,,,,1.00,1.00,1.00,1.00,,
2331,38.8500,37.4670,grenade,1,0,-1,0,-95.1,-89,-996,0.00,0,,,,,1.00,1.00,1.00,0.07,,
2332,38.8667,37.4837,grenade,1,0,-1,0,-35.6,813,-582,0.00,0,,,,,1.00,1.00,1.00,0.23,,
2333,38.8833,37.5003,grenade,1,0,-1,0,-35.7,813,-583,0.00,0,,,,,1.00,1.00,1.00,0.54,,
2334,38.9000,37.5170,grenade,1,0,-1,0,-22.2,926,-378,0.25,0,,,,,1.00,1.00,1.00,0.95,,
2335,38.9167,37.5337,grenade,1,0,-1,0,79.8,177,984,0.25,0,,,,,1.00,1.00,1.00,1.00,,
2336,38.9333,37.5503,grenade,1,0,-1,0,-86.5,62,-998,0.00,0,,,,,1.00,0.73,1.00,0.00,,
2337,38.9500,37.5670,grenade,1,0,-1,0,-81.1,155,-988,10.00,1,16.3,960,281,audio+recoil,1.00,0.99,1.00,0.03,1.00,0.00
2338,38.9667,37.5837,grenade,1,0,-1,0,16.3,960,281,4.50,0,,,,,1.00,1.00,1.00,0.00,,
2339,38.9833,37.6003,grenade,1,0,-1,0,81.0,156,988,10.00,0,,,,,1.00,1.00,1.00,1.00,,
2340,39.0000,37.6170,grenade,1,0,-1,0,-7.4,992,-128,10.00,0,,,,,1.00,1.00,1.00,1.00,,
2341,39.0167,37.6337,grenade,1,0,-1,0,76.3,237,972,7.00,0,,,,,1.00,1.00,1.00,1.00,,
2342,39.0333,37.6503,grenade,1,0,-1,0,86.7,58,998,3.25,0,,,,,1.00,1.00,1.00,1.00,,
2343,39.0500,37.6670,grenade,1,0,-1,0,86.7,58,998,0.25,0,,,,,1.00,1.00,1.00,0.66,,
2344,39.0667,37.6837,grenade,1,0,-1,0,99.3,-162,987,0.25,0,,,,,1.00,1.00,1.00,1.00,,
2345,39.0833,37.7003,grenade,1,0,-1,0,134.6,-702,712,0.00,0,,,,,1.00,1.00,1.00,1.00,,
2346,39.1000,37.7170,grenade,1,0,-1,0,79.6,181,984,0.25,0,,,,,1.00,1.00,1.00,1.00,,
2347,39.1167,37.7337,grenade,1,0,-1,0,79.6,181,984,0.25,0,,,,,1.00,1.00,1.00,1.00,,
2348,39.1333,37.7503,grenade,1,0,-1,0,79.0,191,982,0.25,0,,,,,1.00,1.00,1.00,1.00,,
2349,39.1500,37.7670,grenade,1,0,-1,0,78.8,194,981,0.50,0,,,,,1.00,1.00,1.00,0.78,,
2350,39.1667,37.7837,grenade,1,0,-1,0,80.0,175,985,0.25,0,,,,,1.00,1.00,1.00,0.57,,
2351,39.1833,37.8003,grenade,1,0,-1,0,82.0,140,990,0.25,0,,,,,1.00,1.00,1.00,1.00,,
2352,39.2000,37.8170,grenade,1,0,-1,0,79.8,176,984,0.25,0,,,,,1.00,1.00,1.00,1.00,,
2353,39.2167,37.8337,grenade,1,0,-1,0,4.2,997,73,0.25,0,,,,,1.00,1.00,1.00,1.00,,
2354,39.2333,37.8503,grenade,1,0,-1,0,-42.6,736,-677,0.00,0,,,,,1.00,1.00,1.00,1.00,,
2355,39.2500,37.8670,grenade,1,0,-1,0,-42.6,736,-677,0.00,0,,,,,1.00,1.00,1.00,1.00,,
2356,39.2667,37.8837,grenade,1,0,-1,0,-42.6,736,-678,0.00,0,,,,,1.00,1.00,1.00,1.00,,
2357,39.2833,37.9003,grenade,1,0,-1,0,-42.6,736,-678,0.00,0,,,,,1.00,1.00,1.00,1.00,,
2358,39.3000,37.9170,grenade,1,0,-1,0,-42.6,736,-678,0.00,0,,,,,1.00,1.00,1.00,1.00,,
2359,39.3167,37.9337,grenade,1,0,-1,0,-42.6,736,-678,0.00,0,,,,,1.00,1.00,1.00,1.00,,
2360,39.3333,37.9503,grenade,1,0,-1,0,-42.6,736,-678,0.00,0,,,,,1.00,1.00,1.00,1.00,,
2361,39.3500,37.9670,grenade,1,0,-1,0,-42.6,736,-678,0.00,0,,,,,1.00,1.00,1.00,1.00,,
2362,39.3667,37.9837,grenade,1,0,-1,0,-42.6,736,-678,0.00,0,,,,,1.00,1.00,1.00,1.00,,
2363,39.3833,38.0003,grenade,1,0,-1,0,-42.6,736,-678,0.00,0,,,,,1.00,1.00,1.00,1.00,,
2364,39.4000,38.0170,grenade,1,0,-1,0,-111.4,-365,-931,0.00,0,,,,,1.00,1.00,1.00,0.88,,
2365,39.4167,38.0337,grenade,1,0,-1,0,145.4,-823,568,0.00,0,,,,,1.00,1.00,1.00,1.00,,
2366,39.4333,38.0503,grenade,1,0,-1,0,-134.3,-698,-716,0.00,0,,,,,1.00,1.00,1.00,0.29,,
2367,39.4500,38.0670,grenade,1,0,-1,0,-109.1,-327,-945,0.25,0,,,,,1.00,1.00,1.00,0.22,,
2368,39.4667,38.0837,grenade,1,0,-1,0,-109.0,-325,-946,0.50,0,,,,,1.00,1.00,1.00,0.00,,
2369,39.4833,38.1003,grenade,1,0,-1,0,-102.9,-223,-975,0.00,0,,,,,1.00,1.00,1.00,0.00,,
2370,39.5000,38.1170,grenade,1,0,-1,0,-62.0,470,-883,2.75,0,,,,,1.00,1.00,1.00,0.00,,
2371,39.5167,38.1337,grenade,1,0,-1,0,-103.3,-231,-973,0.00,0,,,,,1.00,1.00,1.00,0.31,,
2372,39.5333,38.1503,grenade,1,0,-1,0,-103.3,-231,-973,0.00,0,,,,,1.00,1.00,1.00,0.46,,
2373,39.5500,38.1670,grenade,1,0,-1,0,-103.4,-232,-973,0.00,0,,,,,1.00,1.00,1.00,1.00,,
2374,39.5667,38.1837,grenade,1,0,-1,0,-125.0,-574,-819,0.00,0,,,,,1.00,1.00,1.00,1.00,,
2375,39.5833,38.2003,grenade,1,0,-1,0,162.8,-956,295,0.00,0,,,,,1.00,1.00,1.00,1.00,,
2376,39.6000,38.2170,grenade,1,0,-1,0,-102.2,-210,-978,0.00,0,,,,,1.00,1.00,1.00,1.00,,
2377,39.6167,38.2337,grenade,1,0,-1,0,-102.2,-210,-978,0.00,0,,,,,1.00,1.00,1.00,1.00,,
2378,39.6333,38.2503,grenade,1,0,-1,0,-102.2,-210,-978,0.00,0,,,,,1.00,1.00,1.00,1.00,,
2379,39.6500,38.2670,grenade,1,0,-1,0,-57.3,540,-842,0.00,0,,,,,1.00,1.00,1.00,0.35,,
2380,39.6667,38.2837,grenade,1,0,-1,0,9.1,988,157,1.25,1,158.2,-929,371,audio+recoil,1.00,1.00,1.00,1.00,1.00,1.00
2381,39.6833,38.3003,grenade,1,0,-1,0,158.2,-929,371,6.50,0,,,,,1.00,1.00,1.00,1.00,,
2382,39.7000,38.3170,grenade,1,0,-1,0,158.2,-928,371,9.00,0,,,,,1.00,1.00,1.00,0.75,,
2383,39.7167,38.3337,grenade,1,0,-1,0,8.9,988,156,8.75,0,,,,,1.00,1.00,1.00,0.00,,
2384,39.7333,38.3503,grenade,1,0,-1,0,-86.5,62,-998,0.00,0,,,,,1.00,1.00,1.00,0.00,,
2385,39.7500,38.3670,grenade,1,0,-1,0,111.6,-367,930,4.25,0,,,,,1.00,1.00,1.00,0.64,,
2386,39.7667,38.3837,grenade,1,0,-1,0,111.7,-369,929,0.25,0,,,,,1.00,1.00,1.00,1.00,,
2387,39.7833,38.4003,grenade,1,0,-1,0,111.7,-369,929,0.25,0,,,,,1.00,1.00,1.00,1.00,,
2388,39.8000,38.4170,grenade,1,0,-1,0,111.7,-369,929,0.25,0,,,,,1.00,1.00,1.00,1.00,,
2389,39.8167,38.4337,grenade,1,0,-1,0,111.7,-369,929,0.25,0,,,,,1.00,1.00,1.00,1.00,,
2390,39.8333,38.4503,grenade,1,0,-1,0,111.7,-369,929,0.25,0,,,,,1.00,1.00,1.00,1.00,,
2391,39.8500,38.4670,grenade,1,0,-1,0,111.7,-369,929,0.25,0,,,,,1.00,1.00,1.00,1.00,,
2392,39.8667,38.4837,grenade,1,0,-1,0,111.7,-369,929,0.25,0,,,,,1.00,1.00,1.00,1.00,,
2393,39.8833,38.5003,grenade,1,0,-1,0,111.7,-369,929,0.25,0,,,,,1.00,1.00,1.00,1.00,,
2394,39.9000,38.5170,grenade,1,0,-1,0,111.7,-369,929,0.25,0,,,,,1.00,1.00,1.00,1.00,,
2395,39.9167,38.5337,grenade,1,0,-1,0,-95.7,-99,-995,0.00,0,,,,,1.00,1.00,1.00,1.00,,
2396,39.9333,38.5503,grenade,1,0,-1,0,82.9,124,992,0.25,0,,,,,1.00,1.00,1.00,1.00,,
2397,39.9500,38.5670,grenade,1,0,-1,0,90.4,-7,1000,0.25,0,,,,,1.00,1.00,1.00,1.00,,
2398,39.9667,38.5837,grenade,1,0,-1,0,90.4,-7,1000,0.25,0,,,,,1.00,1.00,1.00,1.00,,
2399,39.9833,38.6003,grenade,1,0,-1,0,90.5,-8,1000,0.25,0,,,,,1.00,1.00,1.00,1.00,,
2400,40.0000,38.6170,grenade,1,0,-1,0,92.2,-38,999,6.50,0,,,,,1.00,1.00,1.00,0.00,,
2401,40.0167,38.6337,grenade,1,0,-1,0,54.5,581,814,0.50,0,,,,,1.00,1.00,1.00,0.82,,
2402,40.0333,38.6503,grenade,0,0,0,0,-29.2,872,-489,0.25,0,,,,,1.00,1.00,1.00,1.00,,
2403,40.0500,38.6670,grenade,0,0,0,0,-84.9,89,-996,0.00,0,,,,,1.00,1.00,1.00,1.00,,
2404,40.0667,38.6837,grenade,0,0,0,1,-62.5,461,-887,0.00,0,,,,,1.00,1.00,1.00,1.00,,
2405,40.0833,38.7003,grenade,0,0,0,1,19.7,941,337,0.50,0,,,,,1.00,1.00,1.00,0.87,,
2406,40.1000,38.7170,grenade,0,0,0,0,21.2,932,362,0.25,0,,,,,1.00,1.00,1.00,1.00,,
2407,40.1167,38.7337,grenade,0,0,0,0,21.2,932,362,0.25,0,,,,,1.00,1.00,1.00,1.00,,
2408,40.1333,38.7503,grenade,0,0,0,0,21.2,932,362,0.25,0,,,,,1.00,1.00,1.00,1.00,,
2409,40.1500,38.7670,grenade,0,0,0,0,21.2,932,362,0.25,0,,,,,1.00,1.00,1.00,1.00,,
2410,40.1667,38.7837,grenade,0,0,0,0,21.2,932,362,0.25,0,,,,,1.00,1.00,1.00,1.00,,
2411,40.1833,38.8003,grenade,0,1,1,0,21.2,932,362,0.25,0,,,,,1.00,1.00,1.00,1.00,,
2412,40.2000,38.8170,grenade,0,1,1,0,21.2,932,362,0.25,0,,,,,1.00,1.00,1.00,1.00,,
2413,40.2167,38.8337,grenade,0,1,1,0,21.2,932,362,0.25,0,,,,,1.00,1.00,1.00,0.50,,
2414,40.2333,38.8503,grenade,0,1,1,0,-24.3,911,-412,0.25,0,,,,,1.00,1.00,1.00,0.90,,
2415,40.2500,38.8670,grenade,1,0,-1,0,-51.2,627,-779,0.00,0,,,,,1.00,1.00,1.00,1.00,,
2416,40.2667,38.8837,grenade,0,1,1,0,-51.3,626,-780,0.00,0,,,,,1.00,1.00,1.00,0.35,,
2417,40.2833,38.9003,grenade,0,1,1,0,-53.2,598,-801,0.25,1,-168.1,-979,-206,audio+recoil,0.87,1.00,1.00,1.00,1.00,0.06
2418,40.3000,38.9170,grenade,0,1,1,0,-168.1,-979,-206,10.00,0,,,,,1.00,1.00,1.00,0.06,,
2419,40.3167,38.9337,grenade,0,1,1,0,-176.5,-998,-60,8.50,0,,,,,1.00,1.00,1.00,0.11,,
2420,40.3333,38.9503,grenade,0,1,1,0,155.9,-913,408,9.75,0,,,,,1.00,1.00,1.00,0.32,,
2421,40.3500,38.9670,grenade,0,1,1,0,134.6,-702,712,8.00,0,,,,,1.00,1.00,1.00,0.99,,
2422,40.3667,38.9837,grenade,0,0,0,0,144.2,-811,586,4.75,0,,,,,1.00,1.00,1.00,1.00,,
2423,40.3833,39.0003,grenade,0,0,0,0,144.2,-811,586,0.50,0,,,,,1.00,1.00,1.00,1.00,,
2424,40.4000,39.0170,grenade,0,0,0,0,146.9,-838,545,0.00,0,,,,,1.00,1.00,1.00,1.00,,
2425,40.4167,39.0337,grenade,0,0,0,0,147.0,-839,544,0.00,0,,,,,1.00,1.00,1.00,1.00,,
2426,40.4333,39.0503,grenade,1,0,-1,0,145.1,-820,573,0.00,0,,,,,1.00,1.00,1.00,1.00,,
2427,40.4500,39.0670,grenade,1,0,-1,0,144.2,-811,586,0.00,0,,,,,1.00,1.00,1.00,1.00,,
2428,40.4667,39.0837,grenade,1,0,-1,0,144.2,-811,586,0.00,0,,,,,1.00,1.00,1.00,1.00,,
2429,40.4833,39.1003,grenade,1,0,-1,0,144.2,-811,586,0.00,0,,,,,1.00,1.00,1.00,1.00,,
2430,40.5000,39.1170,grenade,1,0,-1,0,144.2,-811,586,0.00,0,,,,,1.00,1.00,1.00,1.00,,
2431,40.5167,39.1337,grenade,1,0,-1,0,144.2,-811,585,0.00,0,,,,,1.00,1.00,1.00,1.00,,
2432,40.5333,39.1503,grenade,1,0,-1,0,144.2,-811,585,0.00,0,,,,,1.00,1.00,1.00,0.98,,
2433,40.5500,39.1670,grenade,1,0,-1,0,144.2,-811,585,0.00,0,,,,,1.00,1.00,1.00,0.64,,
2434,40.5667,39.1837,grenade,1,0,-1,0,144.2,-811,585,0.00,0,,,,,1.00,1.00,1.00,0.72,,
2435,40.5833,39.2003,grenade,1,0,-1,0,144.2,-811,585,0.00,0,,,,,1.00,1.00,1.00,0.91,,
2436,40.6000,39.2170,grenade,1,0,-1,0,29.8,868,496,0.50,0,,,,,1.00,1.00,1.00,1.00,,
2437,40.6167,39.2337,grenade,1,0,-1,0,29.8,868,496,0.50,0,,,,,1.00,1.00,1.00,1.00,,
2438,40.6333,39.2503,grenade,1,0,-1,0,29.8,868,496,0.50,0,,,,,1.00,1.00,1.00,1.00,,
2439,40.6500,39.2670,grenade,1,0,-1,0,29.8,868,496,0.50,0,,,,,1.00,1.00,1.00,1.00,,
2440,40.6667,39.2837,grenade,1,0,-1,0,29.8,868,496,0.50,0,,,,,1.00,1.00,1.00,1.00,,
2441,40.6833,39.3003,grenade,1,0,-1,0,29.8,868,496,0.50,0,,,,,1.00,1.00,1.00,1.00,,
2442,40.7000,39.3170,grenade,1,0,-1,0,29.8,868,496,0.50,0,,,,,1.00,1.00,1.00,1.00,,
2443,40.7167,39.3337,grenade,1,0,-1,0,29.8,868,496,0.50,0,,,,,1.00,1.00,1.00,1.00,,
2444,40.7333,39.3503,grenade,1,0,-1,0,29.8,868,496,0.50,0,,,,,1.00,1.00,1.00,1.00,,
2445,40.7500,39.3670,grenade,1,0,-1,0,29.8,868,496,0.50,0,,,,,1.00,1.00,1.00,1.00,,
2446,40.7667,39.3837,grenade,1,0,-1,0,29.8,868,496,0.50,0,,,,,1.00,1.00,1.00,1.00,,
2447,40.7833,39.4003,grenade,1,0,-1,0,28.2,882,472,0.50,0,,,,,1.00,1.00,1.00,1.00,,
2448,40.8000,39.4170,grenade,1,0,-1,0,-94.7,-81,-997,0.00,0,,,,,1.00,1.00,1.00,1.00,,
2449,40.8167,39.4337,grenade,1,0,-1,0,94.8,-83,997,0.25,0,,,,,1.00,1.00,1.00,0.70,,
2450,40.8333,39.4503,grenade,1,0,-1,0,88.0,35,999,0.25,0,,,,,1.00,1.00,1.00,0.67,,
2451,40.8500,39.4670,grenade,1,0,-1,0,88.0,34,999,0.25,0,,,,,1.00,1.00,1.00,0.61,,
2452,40.8667,39.4837,grenade,1,0,-1,0,88.0,34,999,0.25,0,,,,,1.00,1.00,1.00,0.56,,
2453,40.8833,39.5003,grenade,1,0,-1,0,88.0,36,999,0.50,0,,,,,1.00,1.00,1.00,0.50,,
2454,40.9000,39.5170,grenade,1,0,-1,0,-136.6,-726,-688,0.00,0,,,,,1.00,1.00,1.00,1.00,,
2455,40.9167,39.5337,grenade,1,0,-1,0,-134.3,-698,-716,0.00,0,,,,,1.00,1.00,1.00,1.00,,
2456,40.9333,39.5503,grenade,0,1,1,0,-134.3,-698,-716,0.00,0,,,,,1.00,1.00,1.00,1.00,,
2457,40.9500,39.5670,grenade,0,1,1,0,-134.3,-698,-716,0.00,0,,,,,1.00,1.00,1.00,1.00,,
2458,40.9667,39.5837,grenade,0,1,1,0,-134.3,-698,-716,0.00,0,,,,,1.00,1.00,1.00,1.00,,
2459,40.9833,39.6003,grenade,1,0,-1,0,-134.3,-698,-716,0.00,0,,,,,1.00,1.00,1.00,1.00,,
2460,41.0000,39.6170,grenade,1,0,-1,0,-134.3,-698,-716,0.00,0,,,,,1.00,1.00,1.00,1.00,,
2461,41.0167,39.6337,grenade,1,0,-1,0,-134.3,-698,-716,0.00,0,,,,,1.00,1.00,1.00,0.91,,
2462,41.0333,39.6503,grenade,1,0,-1,0,-47.4,678,-736,5.00,1,-47.4,678,-736,audio+recoil,1.00,0.02,0.17,0.00,1.00,0.00
2463,41.0500,39.6670,grenade,1,0,-1,1,-10.3,984,-179,7.00,0,,,,,1.00,1.00,0.61,0.06,,
2464,41.0667,39.6837,grenade,1,0,-1,0,-31.5,852,-523,9.75,0,,,,,1.00,1.00,1.00,0.40,,
2465,41.0833,39.7003,grenade,1,0,-1,0,-151.6,-879,-476,9.00,0,,,,,1.00,1.00,1.00,1.00,,
2466,41.1000,39.7170,grenade,1,0,-1,0,-152.7,-888,-459,5.50,0,,,,,1.00,1.00,1.00,1.00,,
2467,41.1167,39.7337,grenade,1,0,-1,0,-152.6,-888,-460,1.50,0,,,,,1.00,1.00,1.00,1.00,,
2468,41.1333,39.7503,grenade,1,0,-1,0,-167.8,-977,-212,0.00,0,,,,,1.00,1.00,1.00,1.00,,
2469,41.1500,39.7670,grenade,1,0,-1,0,169.6,-983,181,0.00,0,,,,,1.00,1.00,1.00,1.00,,
2470,41.1667,39.7837,grenade,1,0,-1,0,177.8,-999,38,0.00,0,,,,,1.00,1.00,1.00,1.00,,
2471,41.1833,39.8003,grenade,1,0,-1,0,-119.0,-486,-874,0.00,0,,,,,1.00,1.00,1.00,1.00,,
2472,41.2000,39.8170,grenade,1,0,-1,0,-119.0,-486,-874,0.00,0,,,,,1.00,1.00,1.00,1.00,,
2473,41.2167,39.8337,grenade,1,0,-1,0,-119.0,-486,-874,0.00,0,,,,,1.00,1.00,1.00,1.00,,
2474,41.2333,39.8503,grenade,1,0,-1,0,-119.0,-486,-874,0.00,0,,,,,1.00,1.00,1.00,1.00,,
2475,41.2500,39.8670,grenade,1,0,-1,0,-119.0,-486,-874,0.00,0,,,,,1.00,1.00,1.00,1.00,,
2476,41.2667,39.8837,grenade,1,0,-1,0,-129.6,-637,-771,0.00,0,,,,,1.00,1.00,1.00,1.00,,
2477,41.2833,39.9003,grenade,1,0,-1,0,-149.7,-863,-505,0.00,0,,,,,1.00,1.00,1.00,0.20,,
2478,41.3000,39.9170,grenade,1,0,-1,0,-86.5,62,-998,0.00,0,,,,,1.00,1.00,1.00,0.00,,
2479,41.3167,39.9337,grenade,1,0,-1,0,-147.0,-839,-545,0.00,0,,,,,1.00,1.00,1.00,0.85,,
2480,41.3333,39.9503,grenade,1,0,-1,0,-145.0,-819,-574,0.00,0,,,,,1.00,1.00,1.00,0.17,,
2481,41.3500,39.9670,grenade,1,0,-1,0,-142.7,-795,-606,0.00,0,,,,,1.00,1.00,1.00,1.00,,
2482,41.3667,39.9837,grenade,1,0,-1,0,-142.7,-795,-606,0.00,0,,,,,1.00,1.00,1.00,1.00,,
2483,41.3833,40.0003,grenade,1,0,-1,0,-142.7,-795,-606,0.00,0,,,,,1.00,1.00,1.00,1.00,,
2484,41.4000,40.0170,grenade,1,0,-1,0,-146.8,-836,-548,0.00,0,,,,,1.00,1.00,1.00,1.00,,
2485,41.4167,40.0337,grenade,1,0,-1,0,-147.0,-839,-545,0.00,0,,,,,1.00,1.00,1.00,1.00,,
2486,41.4333,40.0503,grenade,1,0,-1,0,-144.0,-810,-587,0.00,0,,,,,1.00,1.00,1.00,1.00,,
2487,41.4500,40.0670,grenade,1,0,-1,0,-142.7,-795,-606,0.00,0,,,,,1.00,1.00,1.00,1.00,,
2488,41.4667,40.0837,grenade,1,0,-1,0,-142.4,-792,-610,0.00,0,,,,,1.00,1.00,1.00,1.00,,
2489,41.4833,40.1003,grenade,1,0,-1,0,-138.4,-748,-664,0.00,0,,,,,1.00,1.00,1.00,1.00,,
2490,41.5000,40.1170,grenade,1,0,-1,0,-138.4,-748,-664,0.00,0,,,,,1.00,1.00,1.00,1.00,,
2491,41.5167,40.1337,grenade,1,0,-1,0,-138.4,-748,-664,0.00,0,,,,,1.00,1.00,1.00,1.00,,
2492,41.5333,40.1503,grenade,1,0,-1,0,-138.4,-748,-664,0.00,0,,,,,1.00,1.00,1.00,1.00,,
2493,41.5500,40.1670,grenade,1,0,-1,0,-135.5,-713,-702,0.00,0,,,,,1.00,1.00,1.00,1.00,,
2494,41.5667,40.1837,grenade,1,0,-1,0,-126.0,-588,-809,0.00,0,,,,,1.00,1.00,1.00,1.00,,
2495,41.5833,40.2003,grenade,1,0,-1,0,-126.0,-588,-809,0.00,0,,,,,1.00,1.00,1.00,1.00,,
2496,41.6000,40.2170,grenade,1,0,-1,0,26.7,894,449,0.25,0,,,,,1.00,1.00,1.00,1.00,,
2497,41.6167,40.2337,grenade,1,0,-1,0,-121.8,-528,-849,0.00,0,,,,,1.00,1.00,1.00,1.00,,
2498,41.6333,40.2503,grenade,1,0,-1,0,-130.8,-654,-756,0.00,0,,,,,1.00,1.00,1.00,0.34,,
2499,41.6500,40.2670,grenade,1,0,-1,0,-164.5,-964,-267,2.50,1,144.2,-811,585,audio+recoil,1.00,1.00,1.00,1.00,1.00,1.00
2500,41.6667,40.2837,grenade,1,0,-1,0,144.2,-811,585,6.50,0,,,,,1.00,1.00,1.00,1.00,,
2501,41.6833,40.3003,grenade,1,0,-1,0,144.2,-811,586,9.75,0,,,,,1.00,1.00,1.00,0.79,,
2502,41.7000,40.3170,grenade,1,0,-1,0,144.2,-811,586,9.50,0,,,,,1.00,1.00,1.00,0.30,,
2503,41.7167,40.3337,grenade,1,0,-1,0,144.1,-811,586,7.50,0,,,,,1.00,1.00,1.00,0.23,,
2504,41.7333,40.3503,grenade,1,0,-1,0,46.2,692,722,10.00,0,,,,,1.00,1.00,1.00,0.00,,
2505,41.7500,40.3670,grenade,1,0,-1,0,26.9,892,452,0.00,0,,,,,1.00,1.00,1.00,0.00,,
2506,41.7667,40.3837,grenade,1,0,-1,0,-98.2,-143,-990,8.50,0,,,,,1.00,1.00,1.00,0.00,,
2507,41.7833,40.4003,grenade,1,0,-1,0,-98.0,-138,-990,8.50,0,,,,,1.00,1.00,1.00,0.00,,
2508,41.8000,40.4170,grenade,1,0,-1,0,-120.6,-510,-860,0.00,0,,,,,1.00,1.00,1.00,1.00,,
2509,41.8167,40.4337,grenade,1,0,-1,0,-94.7,-81,-997,0.00,0,,,,,1.00,1.00,1.00,1.00,,
2510,41.8333,40.4503,grenade,1,0,-1,0,-99.5,-166,-986,0.00,0,,,,,1.00,1.00,1.00,1.00,,
2511,41.8500,40.4670,grenade,1,0,-1,0,-109.0,-326,-946,0.00,0,,,,,1.00,1.00,1.00,0.96,,
2512,41.8667,40.4837,grenade,1,0,-1,0,-106.0,-275,-962,0.00,0,,,,,1.00,1.00,1.00,1.00,,
2513,41.8833,40.5003,grenade,1,0,-1,0,-95.2,-91,-996,0.00,0,,,,,1.00,1.00,1.00,1.00,,
2514,41.9000,40.5170,grenade,1,0,-1,0,-93.8,-65,-998,0.00,0,,,,,1.00,1.00,1.00,1.00,,
2515,41.9167,40.5337,grenade,1,0,-1,0,-93.8,-65,-998,0.00,0,,,,,1.00,1.00,1.00,1.00,,
2516,41.9333,40.5503,grenade,1,0,-1,0,-93.8,-65,-998,0.00,0,,,,,1.00,1.00,1.00,1.00,,
2517,41.9500,40.5670,grenade,1,0,-1,0,-82.2,135,-991,0.00,0,,,,,1.00,1.00,1.00,1.00,,
2518,41.9667,40.5837,grenade,1,0,-1,0,-63.8,442,-897,0.00,0,,,,,1.00,1.00,1.00,1.00,,
2519,41.9833,40.6003,grenade,1,0,-1,0,-63.8,442,-897,0.00,0,,,,,1.00,1.00,1.00,1.00,,
2520,42.0000,40.6170,grenade,1,0,-1,0,-63.8,441,-898,0.00,0,,,,,1.00,1.00,1.00,0.95,,
2521,42.0167,40.6337,grenade,1,0,-1,0,-45.8,697,-717,0.00,0,,,,,1.00,1.00,1.00,0.58,,
2522,42.0333,40.6503,grenade,1,0,-1,0,-172.8,-992,-126,0.00,0,,,,,1.00,1.00,1.00,1.00,,
2523,42.0500,40.6670,grenade,1,0,-1,0,151.2,-876,483,0.00,0,,,,,1.00,1.00,1.00,1.00,,
2524,42.0667,40.6837,grenade,1,0,-1,0,-48.1,668,-744,0.00,0,,,,,1.00,1.00,1.00,0.46,,
2525,42.0833,40.7003,grenade,1,0,-1,0,-61.8,473,-881,0.00,0,,,,,1.00,1.00,1.00,0.40,,
2526,42.1000,40.7170,grenade,1,0,-1,0,-43.1,730,-684,0.25,0,,,,,1.00,1.00,1.00,0.69,,
2527,42.1167,40.7337,grenade,1,0,-1,0,-70.8,330,-944,0.00,0,,,,,1.00,1.00,1.00,1.00,,
2528,42.1333,40.7503,grenade,1,0,-1,0,-82.2,137,-991,0.00,0,,,,,1.00,1.00,1.00,1.00,,
2529,42.1500,40.7670,grenade,1,0,-1,0,-82.2,137,-991,0.00,0,,,,,1.00,1.00,1.00,1.00,,
2530,42.1667,40.7837,grenade,1,0,-1,0,-82.2,137,-991,0.00,0,,,,,1.00,1.00,1.00,1.00,,
2531,42.1833,40.8003,grenade,1,0,-1,0,-175.6,-997,-77,10.00,0,,,,,1.00,1.00,1.00,0.00,,
2532,42.2000,40.8170,grenade,1,0,-1,0,-82.2,137,-991,0.00,0,,,,,1.00,1.00,1.00,0.93,,
2533,42.2167,40.8337,grenade,0,1,1,0,37.2,797,605,2.50,1,67.4,385,923,audio+recoil,1.00,1.00,1.00,0.09,1.00,0.04
2534,42.2333,40.8503,grenade,1,0,-1,0,67.4,385,923,0.00,0,,,,,1.00,1.00,1.00,0.06,,
2535,42.2500,40.8670,grenade,1,0,-1,0,71.3,321,947,10.00,0,,,,,1.00,1.00,1.00,0.74,,
2536,42.2667,40.8837,grenade,1,0,-1,0,71.3,321,947,9.00,0,,,,,1.00,1.00,1.00,1.00,,
2537,42.2833,40.9003,grenade,1,0,-1,0,73.7,281,960,6.00,0,,,,,1.00,1.00,1.00,1.00,,
2538,42.3000,40.9170,grenade,1,0,-1,0,131.8,-666,746,1.75,0,,,,,1.00,1.00,1.00,1.00,,
2539,42.3167,40.9337,grenade,1,0,-1,0,150.0,-866,501,0.00,0,,,,,1.00,1.00,1.00,0.69,,
2540,42.3333,40.9503,grenade,1,0,-1,0,150.0,-866,501,0.00,0,,,,,1.00,1.00,1.00,0.49,,
2541,42.3500,40.9670,grenade,1,0,-1,0,150.0,-866,501,0.00,0,,,,,1.00,1.00,1.00,0.77,,
2542,42.3667,40.9837,grenade,1,0,-1,0,149.9,-865,502,0.50,0,,,,,1.00,1.00,1.00,0.75,,
2543,42.3833,41.0003,grenade,1,0,-1,0,149.9,-865,502,0.00,0,,,,,1.00,1.00,1.00,0.40,,
2544,42.4000,41.0170,grenade,1,0,-1,1,98.8,-152,988,0.25,0,,,,,1.00,1.00,1.00,0.01,,
2545,42.4167,41.0337,grenade,1,0,-1,0,96.2,-107,994,0.25,0,,,,,1.00,1.00,1.00,0.41,,
2546,42.4333,41.0503,grenade,1,0,-1,0,91.3,-23,1000,0.25,0,,,,,1.00,1.00,1.00,0.61,,
2547,42.4500,41.0670,grenade,1,0,-1,0,89.4,10,1000,0.25,0,,,,,1.00,1.00,1.00,0.70,,
2548,42.4667,41.0837,grenade,1,0,-1,0,89.5,8,1000,0.50,0,,,,,1.00,1.00,1.00,1.00,,
2549,42.4833,41.1003,grenade,1,0,-1,0,85.8,74,997,0.25,0,,,,,1.00,1.00,1.00,0.42,,
2550,42.5000,41.1170,grenade,1,0,-1,0,46.8,685,729,0.50,0,,,,,1.00,1.00,1.00,1.00,,
2551,42.5167,41.1337,grenade,1,0,-1,0,-93.0,-51,-999,0.00,0,,,,,1.00,1.00,1.00,1.00,,
2552,42.5333,41.1503,grenade,1,0,-1,0,-98.5,-148,-989,0.00,0,,,,,1.00,1.00,1.00,1.00,,
2553,42.5500,41.1670,grenade,1,0,-1,0,-96.5,-114,-993,0.00,0,,,,,1.00,1.00,1.00,1.00,,
2554,42.5667,41.1837,grenade,1,0,-1,0,-96.5,-113,-994,0.00,0,,,,,1.00,1.00,1.00,1.00,,
2555,42.5833,41.2003,grenade,1,0,-1,0,-96.5,-113,-994,0.00,0,,,,,1.00,1.00,1.00,1.00,,
2556,42.6000,41.2170,grenade,1,0,-1,0,-96.5,-113,-994,0.00,0,,,,,1.00,1.00,1.00,1.00,,
2557,42.6167,41.2337,grenade,1,0,-1,0,-96.5,-113,-994,0.00,0,,,,,1.00,1.00,1.00,1.00,,
2558,42.6333,41.2503,grenade,1,0,-1,0,-96.5,-113,-994,0.00,0,,,,,1.00,1.00,1.00,1.00,,
2559,42.6500,41.2670,grenade,1,0,-1,0,-96.5,-113,-994,0.00,0,,,,,1.00,1.00,1.00,1.00,,
2560,42.6667,41.2837,grenade,1,0,-1,0,-96.5,-113,-994,0.00,0,,,,,1.00,1.00,1.00,1.00,,
2561,42.6833,41.3003,grenade,1,0,-1,0,-96.5,-114,-993,0.00,0,,,,,1.00,1.00,1.00,0.97,,
2562,42.7000,41.3170,grenade,1,0,-1,0,-96.5,-113,-994,0.00,0,,,,,1.00,1.00,1.00,0.29,,
2563,42.7167,41.3337,grenade,1,0,-1,0,-12.2,978,-210,0.25,0,,,,,1.00,1.00,1.00,1.00,,
2564,42.7333,41.3503,grenade,1,0,-1,0,37.0,798,603,0.50,0,,,,,1.00,1.00,1.00,1.00,,
2565,42.7500,41.3670,grenade,1,0,-1,0,37.0,798,603,0.50,0,,,,,1.00,1.00,1.00,1.00,,
2566,42.7667,41.3837,grenade,1,0,-1,0,37.0,798,603,0.50,0,,,,,1.00,1.00,1.00,1.00,,
2567,42.7833,41.4003,grenade,1,0,-1,0,34.8,821,571,0.25,0,,,,,1.00,1.00,1.00,1.00,,
2568,42.8000,41.4170,grenade,1,0,-1,0,-18.6,948,-319,0.25,0,,,,,1.00,1.00,1.00,0.46,,
2569,42.8167,41.4337,grenade,1,0,-1,0,-35.6,813,-582,0.00,0,,,,,1.00,1.00,1.00,0.24,,
2570,42.8333,41.4503,grenade,1,0,-1,0,27.4,888,460,0.25,0,,,,,1.00,1.00,1.00,1.00,,
2571,42.8500,41.4670,grenade,1,0,-1,0,111.4,-365,931,0.00,0,,,,,1.00,1.00,1.00,0.29,,
2572,42.8667,41.4837,grenade,1,0,-1,0,126.6,-597,802,0.25,0,,,,,1.00,1.00,1.00,1.00,,
2573,42.8833,41.5003,grenade,1,0,-1,0,-160.2,-941,-339,0.00,0,,,,,1.00,1.00,1.00,1.00,,
2574,42.9000,41.5170,grenade,1,0,-1,0,-114.0,-407,-914,0.00,0,,,,,1.00,1.00,1.00,0.85,,
2575,42.9167,41.5337,grenade,1,0,-1,0,-111.7,-369,-929,0.00,0,,,,,1.00,1.00,1.00,0.31,,
2576,42.9333,41.5503,grenade,1,0,-1,0,-130.1,-643,-765,3.75,1,-130.1,-643,-765,audio+recoil,1.00,1.00,1.00,1.00,1.00,0.80
2577,42.9500,41.5670,grenade,1,0,-1,0,-138.4,-748,-663,7.25,0,,,,,1.00,1.00,1.00,1.00,,
2578,42.9667,41.5837,grenade,0,1,1,0,-138.4,-748,-664,9.25,0,,,,,1.00,1.00,1.00,1.00,,
2579,42.9833,41.6003,grenade,1,0,-1,0,-138.4,-748,-664,8.75,0,,,,,1.00,1.00,1.00,1.00,,
2580,43.0000,41.6170,grenade,1,0,-1,0,-138.4,-748,-663,6.50,0,,,,,1.00,1.00,1.00,1.00,,
2581,43.0167,41.6337,grenade,1,0,-1,0,-138.4,-748,-663,0.50,0,,,,,1.00,1.00,1.00,1.00,,
2582,43.0333,41.6503,grenade,1,0,-1,0,-138.5,-749,-663,0.00,0,,,,,1.00,1.00,1.00,1.00,,
2583,43.0500,41.6670,grenade,1,0,-1,0,-154.6,-903,-430,0.00,0,,,,,1.00,1.00,1.00,1.00,,
2584,43.0667,41.6837,grenade,1,0,-1,0,90.3,-6,1000,0.25,0,,,,,1.00,1.00,1.00,1.00,,
2585,43.0833,41.7003,grenade,1,0,-1,0,90.3,-6,1000,0.25,0,,,,,1.00,1.00,1.00,1.00,,
2586,43.1000,41.7170,grenade,1,0,-1,0,90.4,-7,1000,0.25,0,,,,,1.00,1.00,1.00,1.00,,
2587,43.1167,41.7337,grenade,1,0,-1,0,90.4,-7,1000,0.25,0,,,,,1.00,1.00,1.00,1.00,,
2588,43.1333,41.7503,grenade,1,0,-1,0,95.6,-97,995,0.25,0,,,,,1.00,1.00,1.00,1.00,,
2589,43.1500,41.7670,grenade,1,0,-1,0,103.1,-227,974,0.25,0,,,,,1.00,1.00,1.00,1.00,,
2590,43.1667,41.7837,grenade,1,0,-1,0,103.1,-227,974,0.25,0,,,,,1.00,1.00,1.00,1.00,,
2591,43.1833,41.8003,grenade,1,0,-1,0,103.2,-228,974,0.25,0,,,,,1.00,1.00,1.00,1.00,,
2592,43.2000,41.8170,grenade,1,0,-1,0,103.2,-228,974,0.25,0,,,,,1.00,1.00,1.00,1.00,,
2593,43.2167,41.8337,grenade,1,0,-1,0,103.2,-228,974,0.25,0,,,,,1.00,1.00,1.00,1.00,,
2594,43.2333,41.8503,grenade,1,0,-1,0,103.2,-228,974,0.25,0,,,,,1.00,1.00,1.00,1.00,,
2595,43.2500,41.8670,grenade,1,0,-1,0,103.2,-228,974,0.25,0,,,,,1.00,1.00,1.00,1.00,,
2596,43.2667,41.8837,grenade,1,0,-1,0,103.2,-228,974,0.25,0,,,,,1.00,1.00,1.00,1.00,,
2597,43.2833,41.9003,grenade,1,0,-1,0,103.1,-227,974,0.25,0,,,,,1.00,1.00,1.00,1.00,,
2598,43.3000,41.9170,grenade,1,0,-1,0,103.2,-228,974,0.25,0,,,,,1.00,1.00,1.00,1.00,,
2599,43.3167,41.9337,grenade,1,0,-1,0,103.1,-227,974,0.25,0,,,,,1.00,1.00,1.00,1.00,,
2600,43.3333,41.9503,grenade,1,0,-1,0,103.2,-228,974,0.25,0,,,,,1.00,1.00,1.00,1.00,,
2601,43.3500,41.9670,grenade,1,0,-1,0,103.2,-228,974,0.25,0,,,,,1.00,1.00,1.00,1.00,,
2602,43.3667,41.9837,grenade,1,0,-1,0,97.1,-123,992,0.25,0,,,,,1.00,1.00,1.00,1.00,,
2603,43.3833,42.0003,grenade,1,0,-1,0,-57.5,538,-843,0.00,0,,,,,1.00,1.00,1.00,1.00,,
2604,43.4000,42.0170,grenade,1,0,-1,0,-59.5,507,-862,0.00,0,,,,,1.00,1.00,1.00,1.00,,
2605,43.4167,42.0337,grenade,1,0,-1,0,-111.7,-370,-929,10.00,0,,,,,1.00,0.60,0.13,0.00,,
2606,43.4333,42.0503,grenade,1,0,-1,0,-94.0,-69,-998,1.50,1,-40.9,755,-655,audio+recoil,1.00,1.00,1.00,0.06,1.00,0.00
2607,43.4500,42.0670,grenade,1,0,-1,0,-40.9,755,-655,6.50,0,,,,,1.00,1.00,1.00,0.00,,
2608,43.4667,42.0837,grenade,1,0,-1,0,-58.9,517,-856,9.25,0,,,,,1.00,1.00,1.00,0.28,,
2609,43.4833,42.1003,grenade,1,0,-1,0,113.2,-394,919,9.50,0,,,,,1.00,1.00,1.00,1.00,,
2610,43.5000,42.1170,grenade,1,0,-1,0,113.2,-394,919,7.00,0,,,,,1.00,1.00,1.00,1.00,,
2611,43.5167,42.1337,grenade,1,0,-1,0,113.2,-393,919,1.00,0,,,,,1.00,1.00,1.00,1.00,,
2612,43.5333,42.1503,grenade,1,0,-1,0,126.9,-600,800,0.00,0,,,,,1.00,1.00,1.00,1.00,,
2613,43.5500,42.1670,grenade,1,0,-1,0,147.8,-847,532,0.00,0,,,,,1.00,1.00,1.00,1.00,,
2614,43.5667,42.1837,grenade,1,0,-1,0,-180.4,-1000,7,0.00,0,,,,,1.00,1.00,1.00,1.00,,
2615,43.5833,42.2003,grenade,1,0,-1,0,-180.4,-1000,8,0.00,0,,,,,1.00,1.00,1.00,1.00,,
2616,43.6000,42.2170,grenade,1,0,-1,0,-180.4,-1000,8,0.00,0,,,,,1.00,1.00,1.00,1.00,,
2617,43.6167,42.2337,grenade,1,0,-1,0,-180.4,-1000,8,0.00,0,,,,,1.00,1.00,1.00,1.00,,
2618,43.6333,42.2503,grenade,1,0,-1,0,-180.4,-1000,8,0.00,0,,,,,1.00,1.00,1.00,1.00,,
2619,43.6500,42.2670,grenade,1,0,-1,0,-180.5,-1000,9,0.00,0,,,,,1.00,1.00,1.00,1.00,,
2620,43.6667,42.2837,grenade,1,0,-1,0,-178.2,-1000,-31,0.00,0,,,,,1.00,1.00,1.00,0.64,,
2621,43.6833,42.3003,grenade,1,0,-1,0,-163.8,-961,-278,1.25,0,,,,,1.00,1.00,1.00,0.09,,
2622,43.7000,42.3170,grenade,1,0,-1,0,-163.8,-960,-280,0.00,0,,,,,1.00,1.00,1.00,1.00,,
2623,43.7167,42.3337,grenade,1,0,-1,0,-163.8,-960,-280,0.00,0,,,,,1.00,1.00,1.00,0.36,,
2624,43.7333,42.3503,grenade,1,0,-1,0,-174.0,-995,-105,0.00,0,,,,,1.00,1.00,1.00,0.68,,
2625,43.7500,42.3670,grenade,1,0,-1,0,-165.7,-969,-247,0.00,0,,,,,1.00,1.00,1.00,0.74,,
2626,43.7667,42.3837,grenade,1,0,-1,0,-130.2,-645,-764,0.00,0,,,,,1.00,1.00,1.00,0.45,,
2627,43.7833,42.4003,grenade,1,0,-1,0,-130.2,-645,-764,0.00,0,,,,,1.00,1.00,1.00,1.00,,
2628,43.8000,42.4170,grenade,1,0,-1,0,-130.2,-645,-764,0.00,0,,,,,1.00,1.00,1.00,1.00,,
2629,43.8167,42.4337,grenade,1,0,-1,0,80.7,162,987,0.25,0,,,,,1.00,1.00,1.00,1.00,,
2630,43.8333,42.4503,grenade,1,0,-1,0,135.0,-707,707,0.00,0,,,,,1.00,1.00,1.00,1.00,,
2631,43.8500,42.4670,grenade,1,0,-1,0,105.7,-271,963,0.25,0,,,,,1.00,1.00,1.00,1.00,,
2632,43.8667,42.4837,grenade,1,0,-1,0,45.5,701,713,0.50,0,,,,,1.00,1.00,1.00,1.00,,
2633,43.8833,42.5003,grenade,1,0,-1,0,45.5,700,714,0.50,0,,,,,1.00,1.00,1.00,1.00,,
2634,43.9000,42.5170,grenade,1,0,-1,0,45.5,700,714,0.50,0,,,,,1.00,1.00,1.00,1.00,,
2635,43.9167,42.5337,grenade,1,0,-1,0,45.5,701,713,0.50,0,,,,,1.00,1.00,1.00,1.00,,
2636,43.9333,42.5503,grenade,1,0,-1,0,73.8,280,960,0.25,0,,,,,1.00,1.00,1.00,1.00,,
2637,43.9500,42.5670,grenade,1,0,-1,0,86.5,61,998,0.25,0,,,,,1.00,1.00,1.00,1.00,,
2638,43.9667,42.5837,grenade,1,0,-1,0,86.8,57,998,0.25,0,,,,,1.00,1.00,1.00,0.52,,
2639,43.9833,42.6003,grenade,1,0,-1,0,110.4,-349,937,10.00,0,,,,,1.00,1.00,1.00,0.00,,
2640,44.0000,42.6170,grenade,1,0,-1,0,93.1,-54,999,0.00,0,,,,,1.00,1.00,1.00,0.31,,
2641,44.0167,42.6337,grenade,0,1,1,0,94.8,-83,997,5.25,1,94.8,-83,997,audio+recoil,1.00,1.00,1.00,1.00,1.00,0.95
2642,44.0333,42.6503,grenade,0,1,1,0,94.8,-83,997,8.50,0,,,,,1.00,1.00,1.00,1.00,,
2643,44.0500,42.6670,grenade,0,1,1,0,94.8,-83,997,10.00,0,,,,,1.00,1.00,1.00,1.00,,
2644,44.0667,42.6837,grenade,0,1,1,0,76.8,228,974,9.25,0,,,,,1.00,1.00,1.00,1.00,,
2645,44.0833,42.7003,grenade,0,1,1,0,22.8,922,388,6.25,0,,,,,1.00,1.00,1.00,1.00,,
2646,44.1000,42.7170,grenade,0,1,1,0,21.2,932,362,0.25,0,,,,,1.00,1.00,1.00,1.00,,
2647,44.1167,42.7337,grenade,0,1,1,0,21.2,932,362,0.25,0,,,,,1.00,1.00,1.00,1.00,,
2648,44.1333,42.7503,grenade,1,0,-1,0,21.2,932,362,0.25,0,,,,,1.00,1.00,1.00,1.00,,
2649,44.1500,42.7670,grenade,1,0,-1,0,21.2,932,362,0.25,0,,,,,1.00,1.00,1.00,1.00,,
2650,44.1667,42.7837,grenade,0,1,1,0,21.8,928,372,0.25,0,,,,,1.00,1.00,1.00,1.00,,
2651,44.1833,42.8003,grenade,0,1,1,0,25.5,903,431,0.25,0,,,,,1.00,1.00,1.00,1.00,,
2652,44.2000,42.8170,grenade,0,1,1,0,25.5,903,431,0.25,0,,,,,1.00,1.00,1.00,1.00,,
2653,44.2167,42.8337,grenade,0,1,1,0,25.4,903,430,0.25,0,,,,,1.00,1.00,1.00,1.00,,
2654,44.2333,42.8503,grenade,0,1,1,0,25.5,903,431,0.25,0,,,,,1.00,1.00,1.00,1.00,,
2655,44.2500,42.8670,grenade,0,1,1,0,25.5,903,431,0.25,0,,,,,1.00,1.00,1.00,1.00,,
2656,44.2667,42.8837,grenade,0,1,1,0,25.5,903,431,0.25,0,,,,,1.00,1.00,1.00,1.00,,
2657,44.2833,42.9003,grenade,0,1,1,0,25.5,903,431,0.25,0,,,,,1.00,1.00,1.00,1.00,,
2658,44.3000,42.9170,grenade,0,1,1,0,25.5,903,431,0.25,0,,,,,1.00,1.00,1.00,1.00,,
2659,44.3167,42.9337,grenade,0,1,1,0,25.5,903,431,0.25,0,,,,,1.00,1.00,1.00,1.00,,
2660,44.3333,42.9503,grenade,0,1,1,0,22.9,921,389,0.25,0,,,,,1.00,1.00,1.00,1.00,,
2661,44.3500,42.9670,grenade,0,1,1,0,1.4,1000,25,0.25,0,,,,,1.00,1.00,1.00,1.00,,
2662,44.3667,42.9837,grenade,0,1,1,0,-15.8,962,-272,0.25,0,,,,,1.00,1.00,1.00,1.00,,
2663,44.3833,43.0003,grenade,0,1,1,0,-15.8,962,-272,0.25,0,,,,,1.00,1.00,1.00,1.00,,
2664,44.4000,43.0170,grenade,0,1,1,0,-15.8,962,-272,0.25,0,,,,,1.00,1.00,1.00,1.00,,
2665,44.4167,43.0337,grenade,0,1,1,0,-15.8,962,-273,0.25,0,,,,,1.00,1.00,1.00,1.00,,
2666,44.4333,43.0503,grenade,0,1,1,0,-15.8,962,-273,0.25,0,,,,,1.00,1.00,1.00,0.53,,
2667,44.4500,43.0670,grenade,0,1,1,0,-15.8,962,-273,0.25,0,,,,,1.00,1.00,1.00,0.83,,
2668,44.4667,43.0837,grenade,0,1,1,0,-18.2,950,-312,0.25,0,,,,,0.94,1.00,1.00,0.45,,
2669,44.4833,43.1003,grenade,0,1,1,0,176.8,-998,56,9.00,0,,,,,0.10,1.00,0.69,0.01,,
2670,44.5000,43.1170,grenade,0,1,1,0,-52.7,606,-795,0.00,0,,,,,0.12,1.00,0.88,0.30,,
2671,44.5167,43.1337,grenade,0,1,1,0,-46.0,695,-719,10.00,1,-46.0,695,-719,audio+recoil,0.01,1.00,1.00,0.00,1.00,0.00
2672,44.5333,43.1503,grenade,0,1,1,0,-125.8,-586,-811,7.75,0,,,,,1.00,1.00,1.00,0.44,,
2673,44.5500,43.1670,grenade,0,1,1,0,-77.7,213,-977,9.50,0,,,,,1.00,1.00,1.00,1.00,,
2674,44.5667,43.1837,grenade,0,1,1,0,-79.3,185,-983,8.50,0,,,,,1.00,1.00,1.00,1.00,,
2675,44.5833,43.2003,grenade,0,1,1,0,-83.5,113,-994,5.75,0,,,,,1.00,1.00,1.00,1.00,,
2676,44.6000,43.2170,grenade,0,1,1,0,-83.5,114,-993,0.00,0,,,,,1.00,1.00,1.00,1.00,,
2677,44.6167,43.2337,grenade,0,1,1,0,-72.5,302,-953,0.00,0,,,,,1.00,1.00,1.00,1.00,,
2678,44.6333,43.2503,grenade,0,1,1,0,-68.0,375,-927,0.00,0,,,,,1.00,1.00,1.00,1.00,,
2679,44.6500,43.2670,grenade,0,1,1,0,-68.0,375,-927,0.00,0,,,,,1.00,1.00,1.00,1.00,,
2680,44.6667,43.2837,grenade,0,1,1,0,-68.5,366,-931,0.00,0,,,,,1.00,1.00,1.00,1.00,,
2681,44.6833,43.3003,grenade,0,1,1,0,-71.4,320,-947,0.00,0,,,,,1.00,1.00,1.00,1.00,,
2682,44.7000,43.3170,grenade,0,1,1,0,-68.3,369,-929,0.00,0,,,,,1.00,1.00,1.00,1.00,,
2683,44.7167,43.3337,grenade,0,1,1,1,-68.0,375,-927,0.00,0,,,,,1.00,1.00,1.00,1.00,,
2684,44.7333,43.3503,grenade,0,1,1,0,-68.0,375,-927,0.00,0,,,,,1.00,1.00,1.00,1.00,,
2685,44.7500,43.3670,grenade,0,1,1,0,-60.2,497,-868,0.00,0,,,,,1.00,1.00,1.00,1.00,,
2686,44.7667,43.3837,grenade,0,1,1,0,-56.1,557,-830,0.00,0,,,,,1.00,1.00,1.00,1.00,,
2687,44.7833,43.4003,grenade,0,1,1,0,-82.2,135,-991,0.00,0,,,,,1.00,1.00,1.00,1.00,,
2688,44.8000,43.4170,grenade,0,1,1,0,-82.2,135,-991,0.00,0,,,,,1.00,1.00,1.00,1.00,,
2689,44.8167,43.4337,grenade,0,1,1,0,-82.2,137,-991,0.00,0,,,,,1.00,1.00,1.00,1.00,,
2690,44.8333,43.4503,grenade,0,1,1,0,-82.2,135,-991,0.00,0,,,,,1.00,1.00,1.00,1.00,,
2691,44.8500,43.4670,grenade,0,1,1,0,-82.2,135,-991,0.00,0,,,,,1.00,1.00,1.00,1.00,,
2692,44.8667,43.4837,grenade,0,1,1,0,-79.2,187,-982,0.00,0,,,,,1.00,1.00,1.00,1.00,,
2693,44.8833,43.5003,grenade,0,1,1,0,-69.3,353,-935,0.00,0,,,,,1.00,1.00,1.00,1.00,,
2694,44.9000,43.5170,grenade,0,1,1,0,-68.0,375,-927,0.00,0,,,,,1.00,1.00,1.00,1.00,,
2695,44.9167,43.5337,grenade,0,1,1,0,-77.0,224,-975,0.00,0,,,,,1.00,1.00,1.00,1.00,,
2696,44.9333,43.5503,grenade,0,1,1,0,-82.2,135,-991,0.00,0,,,,,1.00,1.00,1.00,0.52,,
2697,44.9500,43.5670,grenade,0,1,1,0,-89.8,3,-1000,0.00,0,,,,,1.00,1.00,1.00,0.16,,
2698,44.9667,43.5837,grenade,0,1,1,0,-110.4,-349,-937,1.00,0,,,,,1.00,1.00,1.00,0.08,,
2699,44.9833,43.6003,grenade,0,1,1,0,-161.7,-949,-314,0.00,0,,,,,1.00,1.00,1.00,0.00,,
2700,45.0000,43.6170,grenade,0,1,1,0,-42.5,737,-676,3.50,0,,,,,1.00,1.00,1.00,0.06,,
2701,45.0167,43.6337,grenade,0,1,1,0,-53.0,603,-798,0.00,0,,,,,1.00,1.00,1.00,0.28,,
2702,45.0333,43.6503,grenade,0,1,1,0,-83.0,122,-993,0.25,0,,,,,1.00,1.00,1.00,0.08,,
2703,45.0500,43.6670,grenade,0,1,1,0,177.9,-999,37,1.75,0,,,,,1.00,1.00,1.00,0.05,,
2704,45.0667,43.6837,grenade,0,1,1,0,161.6,-949,316,0.00,0,,,,,1.00,1.00,1.00,0.00,,
2705,45.0833,43.7003,grenade,0,1,1,0,-47.9,670,-742,2.00,0,,,,,1.00,1.00,1.00,0.00,,
2706,45.1000,43.7170,grenade,0,1,1,0,-119.0,-486,-874,0.00,0,,,,,1.00,1.00,1.00,0.18,,
2707,45.1167,43.7337,grenade,0,1,1,0,-119.0,-485,-875,0.00,0,,,,,1.00,1.00,1.00,0.20,,
2708,45.1333,43.7503,grenade,0,1,1,0,-114.2,-410,-912,0.00,0,,,,,1.00,1.00,1.00,0.16,,
2709,45.1500,43.7670,grenade,0,1,1,0,-106.6,-286,-958,0.00,0,,,,,1.00,1.00,1.00,0.54,,
2710,45.1667,43.7837,grenade,0,1,1,0,-105.6,-269,-963,0.00,0,,,,,1.00,1.00,1.00,0.25,,
2711,45.1833,43.8003,grenade,0,1,1,0,-100.8,-187,-982,0.00,0,,,,,1.00,1.00,1.00,0.53,,
2712,45.2000,43.8170,grenade,0,1,1,0,-105.6,-269,-963,0.00,0,,,,,1.00,1.00,1.00,0.86,,
2713,45.2167,43.8337,grenade,0,1,1,0,-106.4,-282,-959,0.00,0,,,,,1.00,1.00,1.00,1.00,,
2714,45.2333,43.8503,grenade,0,1,1,0,61.3,479,878,0.00,0,,,,,1.00,1.00,1.00,0.69,,
2715,45.2500,43.8670,grenade,0,1,1,0,-102.8,-221,-975,10.00,1,-80.6,162,-987,audio+recoil,0.33,1.00,0.17,0.07,1.00,0.00
2716,45.2667,43.8837,grenade,0,1,1,0,-80.6,162,-987,10.00,0,,,,,0.94,1.00,0.97,0.00,,
2717,45.2833,43.9003,grenade,0,1,1,0,-70.8,329,-944,9.25,0,,,,,1.00,1.00,0.47,0.77,,
2718,45.3000,43.9170,grenade,1,1,0,0,-71.0,326,-946,9.50,0,,,,,0.36,1.00,1.00,1.00,,
2719,45.3167,43.9337,grenade,0,1,1,0,-71.1,324,-946,6.75,0,,,,,1.00,1.00,1.00,1.00,,
2720,45.3333,43.9503,grenade,0,1,1,0,-127.2,-604,-797,3.00,0,,,,,1.00,1.00,1.00,1.00,,
2721,45.3500,43.9670,grenade,0,1,1,0,-140.2,-768,-640,0.00,0,,,,,1.00,1.00,1.00,1.00,,
2722,45.3667,43.9837,grenade,0,1,1,0,-71.0,325,-946,0.00,0,,,,,1.00,1.00,1.00,1.00,,
2723,45.3833,44.0003,grenade,0,1,1,0,-71.0,325,-946,0.00,0,,,,,1.00,1.00,1.00,0.91,,
2724,45.4000,44.0170,grenade,0,1,1,0,88.2,31,1000,0.25,0,,,,,1.00,1.00,1.00,1.00,,
2725,45.4167,44.0337,grenade,0,1,1,0,86.0,71,998,0.25,0,,,,,1.00,1.00,1.00,1.00,,
2726,45.4333,44.0503,grenade,0,1,1,0,122.8,-541,841,0.00,0,,,,,1.00,1.00,1.00,1.00,,
2727,45.4500,44.0670,grenade,0,1,1,0,170.0,-985,175,0.00,0,,,,,1.00,1.00,1.00,1.00,,
2728,45.4667,44.0837,grenade,0,1,1,0,-132.2,-672,-741,0.00,0,,,,,1.00,1.00,1.00,1.00,,
2729,45.4833,44.1003,grenade,0,1,1,0,12.9,975,222,0.25,0,,,,,1.00,1.00,1.00,0.67,,
2730,45.5000,44.1170,grenade,0,1,1,0,-52.2,613,-790,0.75,0,,,,,1.00,1.00,1.00,0.52,,
2731,45.5167,44.1337,grenade,0,1,1,0,-129.8,-640,-768,5.50,0,,,,,1.00,1.00,1.00,0.00,,
2732,45.5333,44.1503,grenade,0,1,1,0,-65.3,417,-909,2.50,0,,,,,1.00,1.00,1.00,0.00,,
2733,45.5500,44.1670,grenade,0,1,1,0,-70.6,332,-943,0.00,0,,,,,1.00,1.00,1.00,0.27,,
2734,45.5667,44.1837,grenade,0,1,1,0,-91.6,-27,-1000,0.00,0,,,,,1.00,1.00,1.00,0.80,,
2735,45.5833,44.2003,grenade,0,1,1,0,-89.0,18,-1000,0.00,0,,,,,1.00,1.00,1.00,1.00,,
2736,45.6000,44.2170,grenade,0,1,1,0,-50.3,639,-769,0.00,0,,,,,1.00,1.00,1.00,1.00,,
2737,45.6167,44.2337,grenade,0,1,1,0,-173.2,-993,-118,0.00,0,,,,,1.00,1.00,1.00,1.00,,
2738,45.6333,44.2503,grenade,0,1,1,0,166.9,-974,227,0.00,0,,,,,1.00,1.00,1.00,1.00,,
2739,45.6500,44.2670,grenade,0,1,1,0,166.9,-974,227,0.00,0,,,,,1.00,1.00,1.00,1.00,,
2740,45.6667,44.2837,grenade,0,1,1,0,174.4,-995,97,0.00,0,,,,,1.00,1.00,1.00,1.00,,
2741,45.6833,44.3003,grenade,0,1,1,0,-53.3,598,-802,0.00,0,,,,,1.00,1.00,1.00,1.00,,
2742,45.7000,44.3170,grenade,0,1,1,0,86.3,64,998,0.25,0,,,,,1.00,1.00,1.00,1.00,,
2743,45.7167,44.3337,grenade,0,1,1,0,90.4,-7,1000,0.25,0,,,,,1.00,1.00,1.00,1.00,,
2744,45.7333,44.3503,grenade,0,1,1,0,90.3,-6,1000,0.25,0,,,,,1.00,1.00,1.00,1.00,,
2745,45.7500,44.3670,grenade,0,1,1,0,-128.9,-628,-778,10.00,0,,,,,1.00,1.00,1.00,0.00,,
2746,45.7667,44.3837,grenade,0,1,1,1,-112.9,-389,-921,1.75,1,173.3,-993,117,audio+recoil,1.00,1.00,1.00,0.16,1.00,0.00
2747,45.7833,44.4003,grenade,0,1,1,1,173.3,-993,117,6.00,0,,,,,1.00,1.00,1.00,0.00,,
2748,45.8000,44.4170,grenade,0,1,1,1,159.7,-938,348,8.50,0,,,,,1.00,1.00,1.00,0.76,,
2749,45.8167,44.4337,grenade,0,1,1,1,159.7,-938,348,9.50,0,,,,,1.00,1.00,1.00,1.00,,
2750,45.8333,44.4503,grenade,0,1,1,0,159.7,-938,347,8.00,0,,,,,1.00,1.00,1.00,1.00,,
2751,45.8500,44.4670,grenade,0,1,1,0,-147.2,-840,-542,2.50,0,,,,,1.00,1.00,1.00,1.00,,
2752,45.8667,44.4837,grenade,0,1,1,0,-98.0,-139,-990,0.00,0,,,,,1.00,1.00,1.00,0.98,,
2753,45.8833,44.5003,grenade,0,1,1,0,-98.0,-139,-990,0.00,0,,,,,1.00,1.00,1.00,0.99,,
2754,45.9000,44.5170,grenade,0,1,1,0,-98.0,-139,-990,0.00,0,,,,,1.00,1.00,1.00,0.98,,
2755,45.9167,44.5337,grenade,0,1,1,0,-98.0,-138,-990,0.00,0,,,,,1.00,1.00,1.00,1.00,,
2756,45.9333,44.5503,grenade,0,1,1,0,-98.0,-139,-990,0.00,0,,,,,1.00,1.00,1.00,0.99,,
2757,45.9500,44.5670,grenade,0,1,1,0,-102.7,-219,-976,0.00,0,,,,,1.00,1.00,1.00,1.00,,
2758,45.9667,44.5837,grenade,0,1,1,0,-110.0,-341,-940,0.00,0,,,,,1.00,1.00,1.00,1.00,,
2759,45.9833,44.6003,grenade,0,1,1,0,-104.2,-246,-969,0.00,0,,,,,1.00,1.00,1.00,1.00,,
2760,46.0000,44.6170,grenade,0,1,1,0,-109.2,-329,-944,0.00,0,,,,,1.00,1.00,1.00,1.00,,
2761,46.0167,44.6337,grenade,0,1,1,0,-110.5,-349,-937,0.00,0,,,,,1.00,1.00,1.00,1.00,,
2762,46.0333,44.6503,grenade,0,1,1,0,-110.5,-349,-937,0.00,0,,,,,1.00,1.00,1.00,1.00,,
2763,46.0500,44.6670,grenade,0,1,1,0,-110.5,-349,-937,0.00,0,,,,,1.00,1.00,1.00,1.00,,
2764,46.0667,44.6837,grenade,0,1,1,0,-91.9,-33,-999,0.00,0,,,,,1.00,1.00,1.00,1.00,,
2765,46.0833,44.7003,grenade,0,1,1,0,30.1,865,502,0.50,0,,,,,1.00,1.00,1.00,0.75,,
2766,46.1000,44.7170,grenade,0,1,1,0,86.8,57,998,0.25,0,,,,,1.00,1.00,1.00,0.49,,
2767,46.1167,44.7337,grenade,0,1,1,0,86.7,58,998,0.25,0,,,,,1.00,1.00,1.00,0.69,,
2768,46.1333,44.7503,grenade,0,1,1,0,50.3,638,770,0.50,0,,,,,1.00,1.00,1.00,1.00,,
2769,46.1500,44.7670,grenade,0,1,1,0,-69.5,350,-937,0.00,0,,,,,1.00,1.00,1.00,1.00,,
2770,46.1667,44.7837,grenade,0,1,1,0,-69.5,351,-936,0.00,0,,,,,1.00,1.00,1.00,1.00,,
2771,46.1833,44.8003,grenade,0,1,1,0,-69.5,351,-936,0.00,0,,,,,1.00,1.00,1.00,1.00,,
2772,46.2000,44.8170,grenade,0,1,1,0,-69.5,351,-936,0.00,0,,,,,1.00,1.00,1.00,1.00,,
2773,46.2167,44.8337,grenade,0,1,1,0,-69.5,351,-936,0.00,0,,,,,1.00,1.00,1.00,1.00,,
2774,46.2333,44.8503,grenade,0,1,1,0,-69.5,351,-936,0.00,0,,,,,1.00,1.00,1.00,1.00,,
2775,46.2500,44.8670,grenade,0,1,1,0,-69.5,351,-936,0.00,0,,,,,1.00,1.00,1.00,1.00,,
2776,46.2667,44.8837,grenade,1,0,-1,0,-39.0,777,-629,0.00,0,,,,,1.00,1.00,1.00,1.00,,
2777,46.2833,44.9003,grenade,1,0,-1,0,34.0,830,558,0.50,0,,,,,1.00,1.00,1.00,1.00,,
2778,46.3000,44.9170,grenade,1,0,-1,0,34.0,830,558,0.50,0,,,,,1.00,1.00,1.00,1.00,,
2779,46.3167,44.9337,grenade,1,0,-1,0,34.0,830,558,0.50,0,,,,,1.00,1.00,1.00,1.00,,
2780,46.3333,44.9503,grenade,1,0,-1,0,34.0,829,559,0.00,0,,,,,1.00,1.00,1.00,0.65,,
2781,46.3500,44.9670,grenade,1,0,-1,0,-14.7,967,-253,3.25,1,-59.7,505,-863,audio+recoil,1.00,1.00,1.00,1.00,1.00,0.90
2782,46.3667,44.9837,grenade,1,0,-1,0,-59.7,505,-863,6.75,0,,,,,1.00,1.00,1.00,1.00,,
2783,46.3833,45.0003,grenade,1,0,-1,0,-59.5,508,-862,9.00,0,,,,,1.00,1.00,1.00,1.00,,
2784,46.4000,45.0170,grenade,1,0,-1,0,-59.5,508,-862,9.50,0,,,,,1.00,1.00,1.00,1.00,,
2785,46.4167,45.0337,grenade,0,1,1,0,-59.5,507,-862,7.25,0,,,,,1.00,1.00,1.00,1.00,,
2786,46.4333,45.0503,grenade,1,0,-1,0,-59.5,508,-862,2.00,0,,,,,1.00,1.00,1.00,1.00,,
2787,46.4500,45.0670,grenade,1,0,-1,0,-59.5,507,-862,0.00,0,,,,,1.00,1.00,1.00,1.00,,
2788,46.4667,45.0837,grenade,1,0,-1,0,-59.5,507,-862,0.00,0,,,,,1.00,1.00,1.00,1.00,,
2789,46.4833,45.1003,grenade,1,0,-1,0,-59.5,507,-862,0.00,0,,,,,1.00,1.00,1.00,1.00,,
2790,46.5000,45.1170,grenade,1,0,-1,0,-59.5,507,-862,0.00,0,,,,,1.00,1.00,1.00,1.00,,
2791,46.5167,45.1337,grenade,0,1,1,1,52.6,608,794,0.75,0,,,,,1.00,1.00,1.00,0.02,,
2792,46.5333,45.1503,grenade,0,1,1,0,57.0,545,839,0.50,0,,,,,1.00,1.00,1.00,0.00,,
2793,46.5500,45.1670,grenade,0,1,1,0,70.2,338,941,0.50,0,,,,,1.00,1.00,1.00,0.00,,
2794,46.5667,45.1837,grenade,0,1,1,0,126.7,-598,802,0.25,0,,,,,1.00,1.00,1.00,0.00,,
2795,46.5833,45.2003,grenade,0,1,1,0,64.3,433,901,0.50,0,,,,,1.00,1.00,1.00,0.39,,
2796,46.6000,45.2170,grenade,0,1,1,0,62.5,461,887,0.25,0,,,,,1.00,1.00,1.00,0.55,,
2797,46.6167,45.2337,grenade,0,1,1,0,62.5,462,887,0.50,0,,,,,1.00,1.00,1.00,0.64,,
2798,46.6333,45.2503,grenade,0,1,1,0,62.4,463,887,0.50,0,,,,,1.00,1.00,1.00,0.75,,
2799,46.6500,45.2670,grenade,0,1,1,0,62.4,463,887,0.50,0,,,,,1.00,1.00,1.00,1.00,,
2800,46.6667,45.2837,grenade,0,1,1,0,62.4,463,887,0.50,0,,,,,1.00,1.00,1.00,1.00,,
2801,46.6833,45.3003,grenade,0,1,1,0,62.4,463,887,0.50,0,,,,,1.00,1.00,1.00,1.00,,
2802,46.7000,45.3170,grenade,0,1,1,0,62.4,463,887,0.50,0,,,,,1.00,1.00,1.00,1.00,,
2803,46.7167,45.3337,grenade,0,1,1,0,62.4,463,887,0.50,0,,,,,1.00,1.00,1.00,1.00,,
2804,46.7333,45.3503,grenade,0,1,1,0,62.4,463,887,0.50,0,,,,,1.00,1.00,1.00,1.00,,
2805,46.7500,45.3670,grenade,0,1,1,0,62.4,463,887,0.50,0,,,,,1.00,1.00,1.00,1.00,,
2806,46.7667,45.3837,grenade,0,1,1,0,62.5,462,887,0.50,0,,,,,1.00,1.00,1.00,1.00,,
2807,46.7833,45.4003,grenade,0,1,1,0,62.4,463,887,0.50,0,,,,,1.00,1.00,1.00,1.00,,
2808,46.8000,45.4170,grenade,0,1,1,0,62.5,462,887,0.50,0,,,,,1.00,1.00,1.00,1.00,,
2809,46.8167,45.4337,grenade,0,1,1,0,-169.7,-984,-179,0.00,0,,,,,1.00,1.00,1.00,0.86,,
2810,46.8333,45.4503,grenade,0,0,0,0,-156.8,-919,-393,0.00,0,,,,,1.00,0.14,1.00,0.66,,
2811,46.8500,45.4670,grenade,0,1,1,0,-52.6,608,-794,0.00,0,,,,,1.00,1.00,0.66,1.00,,
2812,46.8667,45.4837,grenade,0,1,1,0,6.7,993,117,0.25,0,,,,,1.00,1.00,1.00,1.00,,
2813,46.8833,45.5003,grenade,0,1,1,0,-19.4,943,-332,0.25,0,,,,,1.00,1.00,1.00,1.00,,
2814,46.9000,45.5170,grenade,0,1,1,0,-28.3,880,-474,0.25,0,,,,,1.00,1.00,1.00,0.50,,
2815,46.9167,45.5337,grenade,0,1,1,0,-25.8,901,-434,0.25,0,,,,,1.00,1.00,1.00,0.32,,
2816,46.9333,45.5503,grenade,0,1,1,0,-65.9,408,-913,3.25,0,,,,,1.00,1.00,1.00,0.00,,
2817,46.9500,45.5670,grenade,0,1,1,0,-19.4,943,-332,1.50,0,,,,,1.00,1.00,1.00,0.29,,
2818,46.9667,45.5837,grenade,0,1,1,0,-16.4,959,-282,0.25,0,,,,,1.00,1.00,1.00,0.60,,
2819,46.9833,45.6003,grenade,0,1,1,0,-83.8,107,-994,3.00,0,,,,,1.00,1.00,1.00,0.00,,
2820,47.0000,45.6170,grenade,0,1,1,0,161.6,-949,316,10.00,0,,,,,0.94,1.00,1.00,0.01,,
2821,47.0167,45.6337,grenade,0,1,1,0,-102.5,-216,-976,0.00,1,-102.5,-216,-976,audio+recoil,1.00,1.00,1.00,0.09,1.00,0.09
2822,47.0333,45.6503,grenade,0,1,1,0,-111.4,-365,-931,0.00,0,,,,,1.00,1.00,1.00,0.08,,
2823,47.0500,45.6670,grenade,0,1,1,0,-62.5,462,-887,9.75,0,,,,,1.00,1.00,1.00,1.00,,
2824,47.0667,45.6837,grenade,0,1,1,0,-64.0,439,-898,8.50,0,,,,,1.00,1.00,1.00,1.00,,
2825,47.0833,45.7003,grenade,0,1,1,0,-67.8,379,-926,5.75,0,,,,,1.00,1.00,1.00,1.00,,
2826,47.1000,45.7170,grenade,0,1,1,0,-67.8,378,-926,0.00,0,,,,,1.00,1.00,1.00,1.00,,
2827,47.1167,45.7337,grenade,0,1,1,0,-62.0,469,-883,0.00,0,,,,,1.00,1.00,1.00,1.00,,
2828,47.1333,45.7503,grenade,0,1,1,0,-59.6,506,-863,0.00,0,,,,,1.00,1.00,1.00,1.00,,
2829,47.1500,45.7670,grenade,0,1,1,0,-60.8,489,-872,0.00,0,,,,,1.00,1.00,1.00,1.00,,
2830,47.1667,45.7837,grenade,0,1,1,0,-62.1,467,-884,0.00,0,,,,,1.00,1.00,1.00,1.00,,
2831,47.1833,45.8003,grenade,0,1,1,0,-62.2,466,-885,0.00,0,,,,,1.00,1.00,1.00,1.00,,
2832,47.2000,45.8170,grenade,0,1,1,0,-62.2,466,-885,0.00,0,,,,,1.00,1.00,1.00,1.00,,
2833,47.2167,45.8337,grenade,0,1,1,0,50.0,642,767,0.50,0,,,,,1.00,1.00,1.00,1.00,,
2834,47.2333,45.8503,grenade,0,1,1,0,94.8,-83,997,0.25,0,,,,,1.00,1.00,1.00,0.76,,
2835,47.2500,45.8670,grenade,0,1,1,0,77.5,217,976,0.25,0,,,,,1.00,1.00,1.00,0.54,,
2836,47.2667,45.8837,grenade,0,1,1,0,-59.5,507,-862,0.00,0,,,,,1.00,1.00,1.00,1.00,,
2837,47.2833,45.9003,grenade,0,1,1,0,-59.6,506,-863,0.00,0,,,,,1.00,1.00,1.00,1.00,,
2838,47.3000,45.9170,grenade,0,1,1,0,-59.5,507,-862,0.00,0,,,,,1.00,1.00,1.00,1.00,,
2839,47.3167,45.9337,grenade,0,1,1,0,-59.5,507,-862,0.00,0,,,,,1.00,1.00,1.00,1.00,,
2840,47.3333,45.9503,grenade,0,1,1,0,-67.0,392,-920,0.00,0,,,,,1.00,1.00,1.00,1.00,,
2841,47.3500,45.9670,grenade,0,1,1,0,-69.9,344,-939,0.00,0,,,,,1.00,1.00,1.00,1.00,,
2842,47.3667,45.9837,grenade,0,1,1,0,-67.2,387,-922,0.00,0,,,,,1.00,1.00,1.00,1.00,,
2843,47.3833,46.0003,grenade,0,1,1,0,-74.2,271,-962,0.00,0,,,,,1.00,1.00,1.00,1.00,,
2844,47.4000,46.0170,grenade,0,1,1,0,-75.1,257,-966,0.00,0,,,,,1.00,1.00,1.00,1.00,,
2845,47.4167,46.0337,grenade,0,1,1,0,-75.1,257,-966,0.00,0,,,,,1.00,1.00,1.00,1.00,,
2846,47.4333,46.0503,grenade,0,1,1,0,-49.0,656,-755,0.00,0,,,,,1.00,1.00,1.00,1.00,,
2847,47.4500,46.0670,grenade,0,1,1,0,-40.8,758,-653,0.00,0,,,,,1.00,1.00,1.00,1.00,,
2848,47.4667,46.0837,grenade,0,1,1,0,-46.9,683,-730,0.00,0,,,,,1.00,1.00,1.00,1.00,,
2849,47.4833,46.1003,grenade,0,1,1,0,-46.9,683,-730,0.00,0,,,,,1.00,1.00,1.00,1.00,,
2850,47.5000,46.1170,grenade,0,1,1,0,-46.9,683,-730,0.00,0,,,,,1.00,1.00,1.00,1.00,,
2851,47.5167,46.1337,grenade,0,1,1,0,-40.8,756,-654,0.00,0,,,,,1.00,1.00,1.00,1.00,,
2852,47.5333,46.1503,grenade,0,1,1,0,-39.6,770,-638,0.00,0,,,,,1.00,1.00,1.00,0.00,,
2853,47.5500,46.1670,grenade,0,1,1,0,-47.4,677,-736,1.50,1,-160.3,-941,-337,audio+recoil,1.00,1.00,1.00,1.00,1.00,0.00
2854,47.5667,46.1837,grenade,0,1,1,0,-160.3,-941,-337,7.00,0,,,,,1.00,1.00,1.00,0.00,,
2855,47.5833,46.2003,grenade,0,1,1,0,-48.9,657,-754,9.25,0,,,,,1.00,1.00,1.00,1.00,,
2856,47.6000,46.2170,grenade,0,1,1,0,-48.2,666,-746,9.25,0,,,,,1.00,1.00,1.00,1.00,,
2857,47.6167,46.2337,grenade,0,1,1,0,-48.4,664,-748,7.25,0,,,,,1.00,1.00,1.00,1.00,,
2858,47.6333,46.2503,grenade,0,1,1,0,-48.3,665,-747,3.75,0,,,,,1.00,1.00,1.00,1.00,,
2859,47.6500,46.2670,grenade,0,1,1,0,-48.3,665,-747,0.00,0,,,,,1.00,1.00,1.00,1.00,,
2860,47.6667,46.2837,grenade,0,1,1,0,-48.2,666,-746,0.00,0,,,,,1.00,1.00,1.00,1.00,,
2861,47.6833,46.3003,grenade,0,1,1,0,-48.2,666,-746,0.00,0,,,,,1.00,1.00,1.00,1.00,,
2862,47.7000,46.3170,grenade,0,1,1,0,-48.2,666,-746,0.00,0,,,,,1.00,1.00,1.00,1.00,,
2863,47.7167,46.3337,grenade,0,1,1,0,-48.3,665,-747,0.00,0,,,,,1.00,1.00,1.00,1.00,,
2864,47.7333,46.3503,grenade,0,1,1,0,-48.2,666,-746,0.00,0,,,,,1.00,1.00,1.00,1.00,,
2865,47.7500,46.3670,grenade,0,1,1,0,-53.0,603,-798,0.00,0,,,,,1.00,1.00,1.00,1.00,,
2866,47.7667,46.3837,grenade,0,1,1,0,-68.2,372,-928,0.00,0,,,,,1.00,1.00,1.00,1.00,,
2867,47.7833,46.4003,grenade,0,1,1,0,-76.3,237,-972,0.00,0,,,,,1.00,1.00,1.00,1.00,,
2868,47.8000,46.4170,grenade,0,1,1,0,-76.3,237,-972,0.00,0,,,,,1.00,1.00,1.00,1.00,,
2869,47.8167,46.4337,grenade,0,1,1,0,-54.4,582,-813,0.00,0,,,,,1.00,1.00,1.00,1.00,,
2870,47.8333,46.4503,grenade,0,1,1,1,-107.3,-297,-955,0.00,0,,,,,1.00,1.00,1.00,1.00,,
2871,47.8500,46.4670,grenade,0,1,1,0,132.0,-669,743,0.00,0,,,,,1.00,1.00,1.00,0.69,,
2872,47.8667,46.4837,grenade,0,1,1,0,88.0,34,999,0.25,0,,,,,1.00,1.00,1.00,0.91,,
2873,47.8833,46.5003,grenade,0,1,1,0,88.0,35,999,0.25,0,,,,,1.00,1.00,1.00,1.00,,
2874,47.9000,46.5170,grenade,0,1,1,0,88.0,35,999,0.25,0,,,,,1.00,1.00,1.00,1.00,,
2875,47.9167,46.5337,grenade,0,1,1,0,-170.3,-986,-168,0.00,0,,,,,1.00,1.00,1.00,1.00,,
2876,47.9333,46.5503,grenade,0,1,1,0,-81.0,156,-988,0.00,0,,,,,1.00,1.00,1.00,1.00,,
2877,47.9500,46.5670,grenade,0,1,1,0,-92.6,-45,-999,0.00,0,,,,,1.00,1.00,1.00,1.00,,
2878,47.9667,46.5837,grenade,0,1,1,0,-161.1,-946,-325,0.00,0,,,,,1.00,1.00,1.00,1.00,,
2879,47.9833,46.6003,grenade,0,1,1,0,-161.1,-946,-325,0.00,0,,,,,1.00,1.00,1.00,1.00,,
2880,48.0000,46.6170,grenade,0,1,1,0,-161.1,-946,-325,0.00,0,,,,,1.00,1.00,1.00,1.00,,
2881,48.0167,46.6337,grenade,0,1,1,0,-161.1,-946,-325,0.00,0,,,,,1.00,1.00,1.00,1.00,,
2882,48.0333,46.6503,grenade,0,1,1,0,-161.1,-946,-325,0.00,0,,,,,1.00,1.00,1.00,1.00,,
2883,48.0500,46.6670,grenade,0,1,1,0,-169.1,-982,-189,0.00,0,,,,,1.00,1.00,1.00,1.00,,
2884,48.0667,46.6837,grenade,0,1,1,0,164.0,-961,276,0.00,0,,,,,1.00,1.00,1.00,1.00,,
2885,48.0833,46.7003,grenade,0,1,1,0,164.0,-961,276,0.00,0,,,,,1.00,1.00,1.00,1.00,,
2886,48.1000,46.7170,grenade,0,1,1,0,-136.3,-722,-692,0.00,0,,,,,1.00,1.00,1.00,1.00,,
2887,48.1167,46.7337,grenade,0,1,1,0,-58.0,531,-848,4.25,1,-58.0,531,-848,audio+recoil,1.00,1.00,1.00,1.00,1.00,0.95
2888,48.1333,46.7503,grenade,0,1,1,0,-52.5,609,-793,7.50,0,,,,,1.00,1.00,1.00,0.47,,
2889,48.1500,46.7670,grenade,0,1,1,0,-84.2,101,-995,9.50,0,,,,,1.00,1.00,1.00,0.00,,
2890,48.1667,46.7837,grenade,1,1,0,0,-78.2,204,-979,10.00,0,,,,,0.35,1.00,0.18,0.00,,
2891,48.1833,46.8003,grenade,0,1,1,0,-43.8,722,-692,5.00,0,,,,,1.00,1.00,1.00,1.00,,
2892,48.2000,46.8170,grenade,0,1,1,0,-86.6,59,-998,0.50,0,,,,,1.00,1.00,1.00,1.00,,
2893,48.2167,46.8337,grenade,0,1,1,0,-93.8,-65,-998,0.00,0,,,,,1.00,1.00,1.00,1.00,,
2894,48.2333,46.8503,grenade,0,1,1,0,-8.6,989,-149,0.25,0,,,,,1.00,1.00,1.00,1.00,,
2895,48.2500,46.8670,grenade,0,1,1,0,4.8,996,84,0.25,0,,,,,1.00,1.00,1.00,1.00,,
2896,48.2667,46.8837,grenade,0,1,1,0,-83.7,111,-994,0.00,0,,,,,1.00,1.00,1.00,1.00,,
2897,48.2833,46.9003,grenade,0,1,1,0,-83.7,111,-994,0.00,0,,,,,1.00,1.00,1.00,1.00,,
2898,48.3000,46.9170,grenade,0,1,1,0,-83.6,112,-994,0.00,0,,,,,1.00,1.00,1.00,1.00,,
2899,48.3167,46.9337,grenade,0,1,1,0,-83.7,111,-994,0.00,0,,,,,1.00,1.00,1.00,1.00,,
2900,48.3333,46.9503,grenade,0,1,1,0,-83.7,111,-994,0.00,0,,,,,1.00,1.00,1.00,1.00,,
2901,48.3500,46.9670,grenade,0,1,1,0,-83.7,111,-994,0.00,0,,,,,1.00,1.00,1.00,1.00,,
2902,48.3667,46.9837,grenade,0,1,1,0,-79.2,187,-982,0.00,0,,,,,1.00,1.00,1.00,1.00,,
2903,48.3833,47.0003,grenade,0,1,1,0,-64.3,433,-901,0.00,0,,,,,1.00,1.00,1.00,1.00,,
2904,48.4000,47.0170,grenade,0,1,1,0,-62.2,466,-885,0.00,0,,,,,1.00,1.00,1.00,1.00,,
2905,48.4167,47.0337,grenade,0,1,1,0,-62.2,466,-885,0.00,0,,,,,1.00,1.00,1.00,1.00,,
2906,48.4333,47.0503,grenade,0,1,1,0,-62.2,466,-885,0.00,0,,,,,1.00,1.00,1.00,1.00,,
2907,48.4500,47.0670,grenade,0,1,1,0,-62.2,466,-885,0.00,0,,,,,1.00,1.00,1.00,1.00,,
2908,48.4667,47.0837,grenade,0,1,1,0,-62.2,466,-885,0.00,0,,,,,1.00,1.00,1.00,1.00,,
2909,48.4833,47.1003,grenade,0,1,1,0,-65.7,412,-911,0.00,0,,,,,1.00,1.00,1.00,1.00,,
2910,48.5000,47.1170,grenade,0,1,1,0,150.1,-866,499,0.00,0,,,,,1.00,1.00,1.00,1.00,,
2911,48.5167,47.1337,grenade,0,1,1,0,142.8,-796,605,0.00,0,,,,,1.00,1.00,1.00,1.00,,
2912,48.5333,47.1503,grenade,0,1,1,0,142.8,-796,605,0.00,0,,,,,1.00,1.00,1.00,1.00,,
2913,48.5500,47.1670,grenade,0,1,1,0,142.8,-796,605,0.00,0,,,,,1.00,1.00,1.00,1.00,,
2914,48.5667,47.1837,grenade,0,1,1,0,158.2,-928,371,0.00,0,,,,,1.00,1.00,1.00,1.00,,
2915,48.5833,47.2003,grenade,0,1,1,0,-159.5,-937,-350,0.00,0,,,,,1.00,1.00,1.00,1.00,,
2916,48.6000,47.2170,grenade,0,1,1,0,-157.5,-924,-382,0.00,0,,,,,1.00,1.00,1.00,1.00,,
2917,48.6167,47.2337,grenade,0,1,1,0,-36.3,805,-593,0.00,0,,,,,1.00,1.00,1.00,1.00,,
2918,48.6333,47.2503,grenade,0,1,1,0,-15.8,962,-273,0.25,0,,,,,1.00,1.00,1.00,1.00,,
2919,48.6500,47.2670,grenade,0,1,1,0,17.5,954,301,0.25,0,,,,,1.00,1.00,1.00,1.00,,
2920,48.6667,47.2837,grenade,0,1,1,0,61.0,484,875,0.50,0,,,,,1.00,1.00,1.00,1.00,,
2921,48.6833,47.3003,grenade,0,1,1,0,61.0,484,875,0.50,0,,,,,1.00,1.00,1.00,1.00,,
2922,48.7000,47.3170,grenade,0,1,1,0,61.0,484,875,0.50,0,,,,,1.00,1.00,1.00,1.00,,
2923,48.7167,47.3337,grenade,0,1,1,0,61.0,484,875,0.50,0,,,,,1.00,1.00,1.00,1.00,,
2924,48.7333,47.3503,grenade,0,1,1,0,61.0,484,875,0.00,0,,,,,1.00,1.00,1.00,0.67,,
2925,48.7500,47.3670,grenade,0,1,1,0,39.5,772,636,2.25,1,-0.2,1000,-3,audio+recoil,1.00,1.00,1.00,1.00,1.00,0.00
2926,48.7667,47.3837,grenade,0,1,1,0,-0.2,1000,-3,10.00,0,,,,,0.84,1.00,1.00,0.00,,
2927,48.7833,47.4003,grenade,0,1,1,0,-4.9,996,-85,9.75,0,,,,,0.94,1.00,1.00,1.00,,
2928,48.8000,47.4170,grenade,0,1,1,0,55.5,567,824,10.00,0,,,,,1.00,1.00,1.00,1.00,,
2929,48.8167,47.4337,grenade,0,1,1,0,74.1,274,962,7.25,0,,,,,1.00,1.00,1.00,1.00,,
2930,48.8333,47.4503,grenade,0,1,1,0,74.0,276,961,3.75,0,,,,,1.00,1.00,1.00,1.00,,
2931,48.8500,47.4670,grenade,0,1,1,0,126.4,-593,805,0.00,0,,,,,1.00,1.00,1.00,1.00,,
2932,48.8667,47.4837,grenade,0,1,1,0,160.1,-940,340,0.00,0,,,,,1.00,1.00,1.00,1.00,,
2933,48.8833,47.5003,grenade,0,1,1,0,78.7,197,980,0.25,0,,,,,1.00,1.00,1.00,1.00,,
2934,48.9000,47.5170,grenade,0,1,1,0,-156.5,-917,-398,0.00,0,,,,,1.00,1.00,1.00,1.00,,
2935,48.9167,47.5337,grenade,0,1,1,0,-154.1,-900,-437,0.00,0,,,,,1.00,1.00,1.00,1.00,,
2936,48.9333,47.5503,grenade,0,1,1,0,-154.0,-899,-438,0.00,0,,,,,1.00,1.00,1.00,1.00,,
2937,48.9500,47.5670,grenade,0,1,1,0,172.9,-992,124,0.00,0,,,,,1.00,1.00,1.00,1.00,,
2938,48.9667,47.5837,grenade,0,1,1,0,102.8,-221,975,0.25,0,,,,,1.00,1.00,1.00,1.00,,
2939,48.9833,47.6003,grenade,0,1,1,0,-24.1,913,-408,0.25,0,,,,,1.00,1.00,1.00,1.00,,
2940,49.0000,47.6170,grenade,0,1,1,0,-24.1,913,-408,0.25,0,,,,,1.00,1.00,1.00,1.00,,
2941,49.0167,47.6337,grenade,0,1,1,0,-24.1,913,-408,0.25,0,,,,,1.00,1.00,1.00,1.00,,
2942,49.0333,47.6503,grenade,0,1,1,0,37.2,797,605,0.50,0,,,,,1.00,1.00,1.00,1.00,,
2943,49.0500,47.6670,grenade,0,1,1,0,85.5,79,997,0.25,0,,,,,1.00,1.00,1.00,1.00,,
2944,49.0667,47.6837,grenade,0,1,1,0,76.5,233,973,0.25,0,,,,,1.00,1.00,1.00,1.00,,
2945,49.0833,47.7003,grenade,0,1,1,0,-80.2,169,-986,0.00,0,,,,,1.00,1.00,1.00,1.00,,
2946,49.1000,47.7170,grenade,0,1,1,0,96.2,-109,994,0.50,0,,,,,1.00,1.00,1.00,1.00,,
2947,49.1167,47.7337,grenade,0,1,1,0,100.1,-175,985,0.25,0,,,,,1.00,1.00,1.00,0.62,,
2948,49.1333,47.7503,grenade,0,1,1,0,99.5,-164,986,0.25,0,,,,,1.00,1.00,1.00,0.36,,
2949,49.1500,47.7670,grenade,0,1,1,0,97.5,-130,992,0.25,0,,,,,1.00,1.00,1.00,0.28,,
2950,49.1667,47.7837,grenade,0,1,1,0,99.2,-160,987,0.25,0,,,,,1.00,1.00,1.00,0.45,,
2951,49.1833,47.8003,grenade,0,1,1,0,99.0,-157,988,0.25,0,,,,,1.00,1.00,1.00,1.00,,
2952,49.2000,47.8170,grenade,0,1,1,0,99.0,-157,988,0.25,0,,,,,1.00,1.00,1.00,0.97,,
2953,49.2167,47.8337,grenade,0,1,1,0,99.1,-158,987,0.25,0,,,,,1.00,1.00,1.00,0.62,,
2954,49.2333,47.8503,grenade,0,1,1,0,89.2,14,1000,0.25,0,,,,,1.00,1.00,1.00,1.00,,
2955,49.2500,47.8670,grenade,0,0,0,0,57.1,544,839,0.50,0,,,,,1.00,1.00,1.00,1.00,,
2956,49.2667,47.8837,grenade,0,1,1,0,12.3,977,212,0.25,0,,,,,1.00,1.00,1.00,1.00,,
2957,49.2833,47.9003,grenade,0,1,1,0,100.5,-182,983,0.25,0,,,,,1.00,1.00,1.00,1.00,,
2958,49.3000,47.9170,grenade,0,1,1,0,100.5,-182,983,0.25,0,,,,,1.00,1.00,1.00,1.00,,
2959,49.3167,47.9337,grenade,0,1,1,0,-81.0,157,-988,0.00,0,,,,,1.00,1.00,1.00,1.00,,
2960,49.3333,47.9503,grenade,0,1,1,0,-80.8,160,-987,0.00,0,,,,,1.00,1.00,1.00,1.00,,
2961,49.3500,47.9670,grenade,0,1,1,0,-80.8,161,-987,0.00,0,,,,,1.00,1.00,1.00,1.00,,
2962,49.3667,47.9837,grenade,1,0,-1,0,-80.8,161,-987,0.00,0,,,,,1.00,1.00,1.00,1.00,,
2963,49.3833,48.0003,grenade,1,0,-1,0,-80.7,162,-987,0.00,0,,,,,1.00,1.00,1.00,1.00,,
2964,49.4000,48.0170,grenade,0,1,1,0,-80.8,161,-987,0.00,0,,,,,1.00,1.00,1.00,1.00,,
2965,49.4167,48.0337,grenade,0,1,1,0,-80.8,161,-987,0.00,0,,,,,1.00,1.00,1.00,1.00,,
2966,49.4333,48.0503,grenade,0,1,1,0,-80.8,161,-987,0.00,0,,,,,1.00,1.00,1.00,1.00,,
2967,49.4500,48.0670,grenade,0,1,1,0,-80.8,161,-987,0.00,0,,,,,1.00,1.00,1.00,1.00,,
2968,49.4667,48.0837,grenade,0,1,1,1,-80.8,161,-987,0.00,0,,,,,1.00,1.00,1.00,0.75,,
2969,49.4833,48.1003,grenade,1,0,-1,0,-80.8,161,-987,0.00,0,,,,,1.00,1.00,1.00,1.00,,
2970,49.5000,48.1170,grenade,1,0,-1,0,-80.8,161,-987,0.00,0,,,,,1.00,1.00,1.00,1.00,,
2971,49.5167,48.1337,grenade,1,0,-1,0,-80.8,161,-987,0.00,0,,,,,1.00,1.00,1.00,1.00,,
2972,49.5333,48.1503,grenade,1,0,-1,0,-80.8,160,-987,0.00,0,,,,,1.00,1.00,1.00,0.53,,
2973,49.5500,48.1670,grenade,1,0,-1,0,-80.7,161,-987,0.25,0,,,,,1.00,1.00,1.00,0.28,,
2974,49.5667,48.1837,grenade,0,1,1,0,-80.7,162,-987,0.00,0,,,,,1.00,1.00,1.00,0.20,,
2975,49.5833,48.2003,grenade,0,1,1,0,-80.8,161,-987,0.00,0,,,,,1.00,1.00,1.00,1.00,,
2976,49.6000,48.2170,grenade,1,0,-1,0,-80.3,168,-986,0.00,0,,,,,1.00,1.00,1.00,1.00,,
2977,49.6167,48.2337,grenade,1,0,-1,0,-55.5,566,-825,4.25,1,-55.5,566,-825,audio+recoil,1.00,1.00,1.00,1.00,1.00,1.00
2978,49.6333,48.2503,grenade,1,0,-1,0,-59.5,508,-862,7.50,0,,,,,1.00,1.00,1.00,1.00,,
2979,49.6500,48.2670,grenade,1,0,-1,0,-80.6,163,-987,9.50,0,,,,,1.00,1.00,1.00,1.00,,
2980,49.6667,48.2837,grenade,1,0,-1,0,-80.6,163,-987,8.75,0,,,,,1.00,1.00,1.00,1.00,,
2981,49.6833,48.3003,grenade,1,0,-1,0,-80.8,160,-987,4.25,0,,,,,1.00,1.00,1.00,0.53,,
2982,49.7000,48.3170,grenade,1,0,-1,0,-80.7,162,-987,0.50,0,,,,,1.00,1.00,1.00,0.22,,
2983,49.7167,48.3337,grenade,1,0,-1,0,-80.8,160,-987,0.00,0,,,,,1.00,1.00,1.00,0.12,,
2984,49.7333,48.3503,grenade,1,0,-1,0,-80.8,160,-987,0.00,0,,,,,1.00,1.00,1.00,0.34,,
2985,49.7500,48.3670,grenade,1,0,-1,0,-81.0,157,-988,0.00,0,,,,,1.00,1.00,1.00,0.62,,
2986,49.7667,48.3837,grenade,0,1,1,0,-71.1,324,-946,0.00,0,,,,,1.00,1.00,1.00,0.23,,
2987,49.7833,48.4003,grenade,0,1,1,0,-52.4,611,-792,0.25,0,,,,,1.00,1.00,1.00,0.40,,
2988,49.8000,48.4170,grenade,0,1,1,0,-49.5,650,-760,0.00,0,,,,,1.00,1.00,1.00,0.23,,
2989,49.8167,48.4337,grenade,0,1,1,0,-86.5,62,-998,0.00,0,,,,,1.00,1.00,1.00,0.00,,
2990,49.8333,48.4503,grenade,0,1,1,0,-86.4,63,-998,0.75,0,,,,,1.00,1.00,1.00,0.00,,
2991,49.8500,48.4670,grenade,0,1,1,0,-15.8,962,-273,0.25,0,,,,,1.00,1.00,1.00,1.00,,
2992,49.8667,48.4837,grenade,0,1,1,0,-15.8,962,-273,0.25,0,,,,,1.00,1.00,1.00,0.74,,
2993,49.8833,48.5003,grenade,0,1,1,0,-15.8,962,-272,0.25,0,,,,,1.00,1.00,1.00,1.00,,
2994,49.9000,48.5170,grenade,0,1,1,0,38.4,784,621,0.50,0,,,,,1.00,1.00,1.00,1.00,,
2995,49.9167,48.5337,grenade,0,1,1,0,41.2,753,658,0.50,0,,,,,1.00,1.00,1.00,1.00,,
2996,49.9333,48.5503,grenade,0,1,1,0,41.2,753,658,0.50,0,,,,,1.00,1.00,1.00,1.00,,
2997,49.9500,48.5670,grenade,0,1,1,0,11.2,981,194,0.25,0,,,,,1.00,1.00,1.00,1.00,,
2998,49.9667,48.5837,grenade,0,1,1,0,-113.5,-398,-917,0.00,0,,,,,1.00,1.00,1.00,1.00,,
2999,49.9833,48.6003,grenade,0,1,1,0,-113.5,-398,-917,0.00,0,,,,,1.00,1.00,1.00,0.99,,
3000,50.0000,48.6170,grenade,0,1,1,0,-113.5,-398,-917,0.00,0,,,,,1.00,1.00,1.00,1.00,,
3001,50.0167,48.6337,grenade,0,1,1,0,161.6,-949,316,0.00,0,,,,,1.00,1.00,1.00,1.00,,
3002,50.0333,48.6503,grenade,0,1,1,0,151.2,-877,481,0.00,0,,,,,1.00,1.00,1.00,1.00,,
3003,50.0500,48.6670,grenade,0,1,1,1,151.2,-876,482,0.00,0,,,,,1.00,1.00,1.00,1.00,,
3004,50.0667,48.6837,grenade,0,1,1,0,151.2,-876,482,0.00,0,,,,,1.00,1.00,1.00,0.95,,
3005,50.0833,48.7003,grenade,0,1,1,0,151.0,-875,484,0.00,0,,,,,1.00,1.00,1.00,0.74,,
3006,50.1000,48.7170,grenade,0,1,1,0,152.0,-883,469,0.00,1,,,,audio,0.04,1.00,1.00,0.04,0.85,0.00
3007,50.1167,48.7337,grenade,0,1,1,0,-164.1,-962,-274,2.00,0,,,,,1.00,1.00,0.69,0.00,,
3008,50.1333,48.7503,grenade,0,1,1,1,-168.6,-980,-198,2.75,0,,,,,1.00,1.00,0.60,0.17,,
3009,50.1500,48.7670,grenade,0,1,1,0,-123.9,-558,-830,9.00,0,,,,,0.06,1.00,1.00,0.07,,
3010,50.1667,48.7837,grenade,0,1,1,0,-134.7,-703,-711,8.25,0,,,,,0.83,1.00,1.00,0.00,,
3011,50.1833,48.8003,grenade,0,1,1,0,-172.8,-992,-125,0.00,0,,,,,1.00,1.00,1.00,0.00,,
3012,50.2000,48.8170,grenade,0,1,1,0,81.2,153,988,1.00,0,,,,,1.00,1.00,1.00,1.00,,
3013,50.2167,48.8337,grenade,0,1,1,0,78.1,206,979,0.25,0,,,,,1.00,1.00,1.00,1.00,,
3014,50.2333,48.8503,grenade,0,1,1,0,78.1,206,979,0.25,0,,,,,1.00,1.00,1.00,1.00,,
3015,50.2500,48.8670,grenade,0,1,1,0,103.1,-227,974,0.25,0,,,,,1.00,1.00,1.00,1.00,,
3016,50.2667,48.8837,grenade,0,1,1,0,-180.4,-1000,8,0.00,0,,,,,1.00,1.00,1.00,1.00,,
3017,50.2833,48.9003,grenade,0,1,1,0,178.2,-1000,31,0.00,0,,,,,1.00,1.00,1.00,1.00,,
3018,50.3000,48.9170,grenade,0,1,1,0,42.8,734,679,0.50,0,,,,,1.00,1.00,1.00,1.00,,
3019,50.3167,48.9337,grenade,0,1,1,0,45.1,706,708,0.50,0,,,,,1.00,1.00,1.00,1.00,,
3020,50.3333,48.9503,grenade,0,1,1,0,49.8,646,763,0.50,0,,,,,1.00,1.00,1.00,1.00,,
3021,50.3500,48.9670,grenade,0,1,1,0,49.8,646,763,0.50,0,,,,,1.00,1.00,1.00,1.00,,
3022,50.3667,48.9837,grenade,0,1,1,0,49.8,646,763,0.50,0,,,,,1.00,1.00,1.00,1.00,,
3023,50.3833,49.0003,grenade,0,1,1,0,49.8,646,763,0.50,0,,,,,1.00,1.00,1.00,1.00,,
3024,50.4000,49.0170,grenade,0,1,1,0,47.0,681,732,0.50,0,,,,,1.00,1.00,1.00,1.00,,
3025,50.4167,49.0337,grenade,0,1,1,0,-171.2,-988,-153,0.00,0,,,,,1.00,1.00,1.00,1.00,,
3026,50.4333,49.0503,grenade,0,1,1,0,-151.2,-876,-483,0.00,0,,,,,1.00,1.00,1.00,1.00,,
3027,50.4500,49.0670,grenade,0,1,1,0,172.7,-992,127,0.00,0,,,,,1.00,1.00,1.00,1.00,,
3028,50.4667,49.0837,grenade,0,1,1,0,75.4,252,968,0.25,0,,,,,1.00,1.00,1.00,1.00,,
3029,50.4833,49.1003,grenade,0,1,1,0,75.4,252,968,0.25,0,,,,,1.00,1.00,1.00,1.00,,
3030,50.5000,49.1170,grenade,0,1,1,0,75.4,252,968,0.25,0,,,,,1.00,1.00,1.00,1.00,,
3031,50.5167,49.1337,grenade,0,1,1,0,112.5,-383,924,0.25,0,,,,,1.00,1.00,1.00,1.00,,
3032,50.5333,49.1503,grenade,0,1,1,0,118.9,-483,876,0.00,0,,,,,1.00,1.00,1.00,1.00,,
3033,50.5500,49.1670,grenade,0,1,1,0,118.9,-483,876,0.00,0,,,,,1.00,1.00,1.00,1.00,,
3034,50.5667,49.1837,grenade,0,1,1,0,118.9,-483,875,0.25,0,,,,,1.00,1.00,1.00,0.58,,
3035,50.5833,49.2003,grenade,0,1,1,0,118.9,-483,876,0.25,0,,,,,1.00,1.00,1.00,0.32,,
3036,50.6000,49.2170,grenade,1,0,-1,0,119.6,-495,869,0.25,0,,,,,1.00,1.00,1.00,0.57,,
3037,50.6167,49.2337,grenade,1,0,-1,0,166.0,-970,242,0.00,0,,,,,1.00,1.00,1.00,0.68,,
3038,50.6333,49.2503,grenade,1,0,-1,0,-176.5,-998,-60,0.00,0,,,,,1.00,1.00,1.00,0.57,,
3039,50.6500,49.2670,grenade,1,0,-1,0,-176.3,-998,-65,0.00,0,,,,,1.00,1.00,1.00,0.28,,
3040,50.6667,49.2837,grenade,1,0,-1,0,-176.3,-998,-64,1.00,0,,,,,1.00,1.00,1.00,0.00,,
3041,50.6833,49.3003,grenade,1,0,-1,0,-86.4,63,-998,0.75,0,,,,,1.00,1.00,1.00,0.00,,
3042,50.7000,49.3170,grenade,1,0,-1,0,-176.7,-998,-58,2.25,0,,,,,1.00,1.00,1.00,0.00,,
3043,50.7167,49.3337,grenade,1,0,-1,0,-176.4,-998,-62,0.00,0,,,,,1.00,1.00,1.00,1.00,,
3044,50.7333,49.3503,grenade,1,0,-1,0,-176.2,-998,-65,0.00,0,,,,,1.00,1.00,1.00,0.34,,
3045,50.7500,49.3670,grenade,1,0,-1,0,-176.5,-998,-61,0.00,0,,,,,1.00,1.00,1.00,0.77,,
3046,50.7667,49.3837,grenade,1,0,-1,0,-176.4,-998,-62,0.00,0,,,,,1.00,1.00,1.00,1.00,,
3047,50.7833,49.4003,grenade,1,0,-1,0,-176.4,-998,-62,0.00,0,,,,,1.00,1.00,1.00,1.00,,
3048,50.8000,49.4170,grenade,1,0,-1,0,-176.4,-998,-62,0.00,0,,,,,1.00,1.00,1.00,1.00,,
3049,50.8167,49.4337,grenade,1,0,-1,0,-176.4,-998,-62,0.00,0,,,,,1.00,1.00,1.00,1.00,,
3050,50.8333,49.4503,grenade,1,0,-1,0,-176.4,-998,-62,0.00,0,,,,,1.00,1.00,1.00,1.00,,
3051,50.8500,49.4670,grenade,1,0,-1,0,-176.4,-998,-62,0.00,0,,,,,1.00,1.00,1.00,1.00,,
3052,50.8667,49.4837,grenade,1,0,-1,0,-176.4,-998,-62,0.00,0,,,,,1.00,1.00,1.00,1.00,,
3053,50.8833,49.5003,grenade,1,0,-1,0,-176.4,-998,-62,0.00,0,,,,,1.00,1.00,1.00,1.00,,
3054,50.9000,49.5170,grenade,0,0,0,0,90.8,-15,1000,0.25,0,,,,,1.00,1.00,1.00,0.56,,
3055,50.9167,49.5337,grenade,1,0,-1,0,88.0,36,999,0.50,0,,,,,1.00,1.00,1.00,0.35,,
3056,50.9333,49.5503,grenade,1,0,-1,0,88.0,36,999,0.25,0,,,,,1.00,1.00,1.00,1.00,,
3057,50.9500,49.5670,grenade,0,1,1,0,93.9,-68,998,0.25,0,,,,,1.00,1.00,1.00,0.28,,
3058,50.9667,49.5837,grenade,0,1,1,0,104.7,-253,967,0.25,0,,,,,1.00,1.00,1.00,1.00,,
3059,50.9833,49.6003,grenade,0,1,1,0,104.7,-253,967,0.25,0,,,,,1.00,1.00,1.00,1.00,,
3060,51.0000,49.6170,grenade,0,1,1,0,104.7,-253,967,0.25,0,,,,,1.00,1.00,1.00,1.00,,
3061,51.0167,49.6337,grenade,1,0,-1,0,104.7,-253,967,0.25,0,,,,,1.00,1.00,1.00,1.00,,
3062,51.0333,49.6503,grenade,0,0,0,0,104.7,-253,967,0.25,0,,,,,1.00,1.00,1.00,1.00,,
3063,51.0500,49.6670,grenade,1,0,-1,0,104.5,-250,968,0.00,0,,,,,1.00,1.00,1.00,0.25,,
3064,51.0667,49.6837,grenade,0,1,1,0,106.2,-279,960,2.00,1,110.2,-345,938,audio+recoil,1.00,1.00,1.00,1.00,1.00,1.00
3065,51.0833,49.7003,grenade,0,1,1,0,110.2,-345,938,6.00,0,,,,,1.00,1.00,1.00,1.00,,
3066,51.1000,49.7170,grenade,0,1,1,0,104.7,-254,967,9.75,0,,,,,1.00,1.00,1.00,1.00,,
3067,51.1167,49.7337,grenade,0,1,1,0,104.7,-254,967,10.00,0,,,,,1.00,1.00,1.00,1.00,,
3068,51.1333,49.7503,grenade,0,1,1,0,104.7,-253,967,8.50,0,,,,,1.00,1.00,1.00,1.00,,
3069,51.1500,49.7670,grenade,0,1,1,0,104.7,-253,967,3.50,0,,,,,1.00,1.00,1.00,1.00,,
3070,51.1667,49.7837,grenade,0,1,1,0,104.7,-253,967,0.25,0,,,,,1.00,1.00,1.00,1.00,,
3071,51.1833,49.8003,grenade,0,1,1,0,104.7,-253,967,0.25,0,,,,,1.00,1.00,1.00,1.00,,
3072,51.2000,49.8170,grenade,0,1,1,0,104.7,-253,967,0.25,0,,,,,1.00,1.00,1.00,1.00,,
3073,51.2167,49.8337,grenade,0,1,1,0,104.7,-253,967,0.25,0,,,,,1.00,1.00,1.00,1.00,,
3074,51.2333,49.8503,grenade,0,1,1,0,104.7,-253,967,0.25,0,,,,,1.00,1.00,1.00,1.00,,
3075,51.2500,49.8670,grenade,0,1,1,0,104.7,-253,967,0.25,0,,,,,1.00,1.00,1.00,1.00,,
3076,51.2667,49.8837,grenade,0,1,1,0,54.2,585,811,0.50,0,,,,,1.00,1.00,1.00,1.00,,
3077,51.2833,49.9003,grenade,0,1,1,0,20.8,935,355,0.50,0,,,,,1.00,1.00,1.00,1.00,,
3078,51.3000,49.9170,grenade,0,1,1,0,79.5,183,983,0.25,0,,,,,1.00,1.00,1.00,1.00,,
3079,51.3167,49.9337,grenade,0,1,1,0,97.2,-126,992,0.25,0,,,,,1.00,1.00,1.00,1.00,,
3080,51.3333,49.9503,grenade,0,1,1,0,97.2,-126,992,0.25,0,,,,,1.00,1.00,1.00,1.00,,
3081,51.3500,49.9670,grenade,0,1,1,0,97.3,-128,992,0.25,0,,,,,1.00,1.00,1.00,0.74,,
3082,51.3667,49.9837,grenade,0,1,1,0,97.2,-126,992,0.25,0,,,,,1.00,1.00,1.00,0.57,,
3083,51.3833,50.0003,grenade,0,1,1,0,97.2,-125,992,1.00,0,,,,,1.00,1.00,1.00,0.15,,
3084,51.4000,50.0170,grenade,0,1,1,0,-88.1,34,-999,6.25,0,,,,,1.00,1.00,1.00,0.00,,
3085,51.4167,50.0337,grenade,0,1,1,0,-86.5,62,-998,0.00,0,,,,,1.00,1.00,1.00,0.00,,
3086,51.4333,50.0503,grenade,0,1,1,0,-17.7,953,-304,7.25,0,,,,,1.00,1.00,1.00,0.00,,
3087,51.4500,50.0670,grenade,0,1,1,0,156.3,-916,401,0.00,0,,,,,1.00,1.00,1.00,0.00,,
3088,51.4667,50.0837,grenade,0,1,1,0,166.9,-974,226,0.00,0,,,,,1.00,1.00,1.00,0.31,,
3089,51.4833,50.1003,grenade,1,0,-1,0,141.8,-786,618,0.00,0,,,,,1.00,1.00,1.00,1.00,,
3090,51.5000,50.1170,grenade,1,0,-1,0,126.7,-597,802,0.00,0,,,,,1.00,1.00,1.00,1.00,,
3091,51.5167,50.1337,grenade,1,0,-1,0,122.5,-537,843,0.00,0,,,,,1.00,1.00,1.00,1.00,,
3092,51.5333,50.1503,grenade,1,0,-1,0,122.5,-537,843,0.00,0,,,,,1.00,1.00,1.00,1.00,,
3093,51.5500,50.1670,grenade,1,0,-1,0,-0.4,1000,-8,10.00,0,,,,,1.00,0.89,0.76,0.00,,
3094,51.5667,50.1837,grenade,1,0,-1,0,101.7,-203,979,2.00,1,4.5,997,78,audio+recoil,1.00,0.00,0.70,1.00,1.00,0.00
3095,51.5833,50.2003,grenade,1,0,-1,0,4.5,997,78,5.50,0,,,,,1.00,1.00,0.71,0.00,,
3096,51.6000,50.2170,grenade,1,0,-1,0,-115.2,-427,-904,9.00,0,,,,,1.00,1.00,1.00,0.59,,
3097,51.6167,50.2337,grenade,1,0,-1,0,-115.3,-428,-904,9.50,0,,,,,1.00,1.00,1.00,1.00,,
3098,51.6333,50.2503,grenade,1,0,-1,0,-115.4,-429,-903,8.00,0,,,,,1.00,1.00,1.00,0.98,,
3099,51.6500,50.2670,grenade,1,0,-1,0,-115.5,-430,-903,3.00,0,,,,,1.00,1.00,1.00,0.97,,
3100,51.6667,50.2837,grenade,1,0,-1,1,-121.2,-518,-855,0.00,0,,,,,1.00,1.00,1.00,1.00,,
3101,51.6833,50.3003,grenade,1,0,-1,0,99.0,-157,988,0.25,0,,,,,1.00,1.00,1.00,0.03,,
3102,51.7000,50.3170,grenade,1,0,-1,0,99.0,-157,988,0.25,0,,,,,1.00,1.00,1.00,0.48,,
3103,51.7167,50.3337,grenade,1,0,-1,1,99.0,-156,988,0.25,0,,,,,1.00,1.00,1.00,0.65,,
3104,51.7333,50.3503,grenade,1,0,-1,0,124.5,-567,824,0.00,0,,,,,1.00,1.00,1.00,1.00,,
3105,51.7500,50.3670,grenade,1,0,-1,0,140.4,-771,637,0.00,0,,,,,1.00,1.00,1.00,1.00,,
3106,51.7667,50.3837,grenade,1,0,-1,0,140.4,-771,637,0.00,0,,,,,1.00,1.00,1.00,1.00,,
3107,51.7833,50.4003,grenade,1,0,-1,0,140.4,-771,637,0.00,0,,,,,1.00,1.00,1.00,1.00,,
3108,51.8000,50.4170,grenade,1,0,-1,0,140.4,-771,637,0.00,0,,,,,1.00,1.00,1.00,1.00,,
3109,51.8167,50.4337,grenade,1,0,-1,0,140.4,-771,637,0.00,0,,,,,1.00,1.00,1.00,1.00,,
3110,51.8333,50.4503,grenade,1,0,-1,0,140.4,-771,637,0.00,0,,,,,1.00,1.00,1.00,1.00,,
3111,51.8500,50.4670,grenade,1,0,-1,0,109.5,-333,943,0.25,0,,,,,1.00,1.00,1.00,1.00,,
3112,51.8667,50.4837,grenade,1,0,-1,0,80.8,161,987,0.25,0,,,,,1.00,1.00,1.00,1.00,,
3113,51.8833,50.5003,grenade,1,0,-1,0,80.8,161,987,0.25,0,,,,,1.00,1.00,1.00,1.00,,
3114,51.9000,50.5170,grenade,1,0,-1,0,80.8,161,987,0.50,0,,,,,1.00,1.00,1.00,1.00,,
3115,51.9167,50.5337,grenade,1,0,-1,0,78.0,209,978,0.50,0,,,,,1.00,1.00,1.00,0.88,,
3116,51.9333,50.5503,grenade,1,0,-1,0,76.4,235,972,0.50,0,,,,,1.00,1.00,1.00,0.49,,
3117,51.9500,50.5670,grenade,1,0,-1,0,76.3,236,972,0.50,0,,,,,1.00,1.00,1.00,0.18,,
3118,51.9667,50.5837,grenade,1,0,-1,0,80.7,162,987,0.25,0,,,,,1.00,1.00,1.00,0.09,,
3119,51.9833,50.6003,grenade,0,0,0,0,160.5,-943,334,0.00,0,,,,,1.00,1.00,1.00,1.00,,
3120,52.0000,50.6170,grenade,0,0,0,0,137.7,-740,672,0.00,0,,,,,1.00,1.00,1.00,1.00,,
3121,52.0167,50.6337,grenade,0,1,1,0,174.8,-996,92,0.00,0,,,,,1.00,1.00,1.00,1.00,,
3122,52.0333,50.6503,grenade,0,1,1,0,-178.2,-1000,-31,0.00,0,,,,,1.00,1.00,1.00,1.00,,
3123,52.0500,50.6670,grenade,0,1,1,0,-28.3,880,-474,10.00,0,,,,,1.00,1.00,1.00,0.00,,
3124,52.0667,50.6837,grenade,0,0,0,0,-114.9,-421,-907,10.00,1,-127.0,-602,-799,audio+recoil,1.00,0.94,1.00,0.06,1.00,0.05
3125,52.0833,50.7003,grenade,0,0,0,0,-127.0,-602,-799,0.00,0,,,,,0.17,1.00,1.00,0.05,,
3126,52.1000,50.7170,grenade,0,1,1,0,-46.4,690,-724,9.00,0,,,,,1.00,1.00,1.00,0.00,,
3127,52.1167,50.7337,grenade,0,1,1,0,-24.8,908,-419,10.00,0,,,,,1.00,1.00,1.00,1.00,,
3128,52.1333,50.7503,grenade,0,1,1,0,-12.3,977,-213,8.50,0,,,,,1.00,1.00,1.00,0.78,,
3129,52.1500,50.7670,grenade,0,1,1,0,-12.4,977,-214,3.50,0,,,,,1.00,1.00,1.00,0.13,,
3130,52.1667,50.7837,grenade,0,1,1,0,-7.2,992,-125,0.25,0,,,,,1.00,1.00,1.00,1.00,,
3131,52.1833,50.8003,grenade,0,0,0,0,138.4,-748,663,0.75,0,,,,,1.00,1.00,1.00,0.23,,
