t,k,x,y,grab_dir,grab_frac,grab_dist,anchor_x,anchor_y,run_dir,run_len
21.0000,978.25,5371.6,2370.6,204.0,0.828,102,5278.5,2329.1,200.5,122
21.0167,979.08,5382.3,2385.9,207.0,0.750,116,5278.9,2333.2,207.0,122
21.0333,979.92,5393.9,2406.0,213.0,0.783,136,5279.9,2331.9,211.0,146
21.0500,980.75,5400.8,2420.3,214.5,0.811,150,5277.2,2335.3,217.0,180
21.0667,981.58,5406.2,2435.7,218.0,0.797,162,5278.5,2335.9,220.5,198
21.0833,982.42,5409.5,2449.3,221.0,0.831,174,5278.2,2335.2,220.0,232
21.1000,983.25,5410.1,2456.0,225.5,0.845,186,5279.7,2323.4,222.0,240
21.1167,984.08,5408.3,2451.5,223.5,0.881,178,5279.2,2329.0,223.5,214
21.1333,984.92,5405.4,2441.5,219.5,0.836,166,5277.3,2335.9,221.5,212
21.1500,985.75,5401.1,2428.9,217.5,0.782,154,5278.9,2335.2,219.0,184
21.1667,986.58,5397.3,2418.9,215.5,0.804,146,5278.4,2334.1,217.0,174
21.1833,987.42,5393.6,2409.0,215.0,0.771,140,5279.0,2328.7,215.0,166
21.2000,988.25,5389.6,2398.2,209.0,0.814,130,5275.9,2335.2,212.0,154
21.2167,989.08,5384.9,2387.8,207.5,0.789,120,5278.4,2332.4,209.0,126
21.2333,989.92,5377.6,2374.7,335.5,0.480,94,5463.2,2335.7,260.0,72
21.2500,990.75,5373.6,2364.8,281.5,0.092,174,5408.3,2194.3,260.0,72
21.2667,991.58,5370.6,2353.5,281.5,0.097,188,5408.1,2169.3,260.0,72
21.2833,992.42,5368.4,2341.1,356.5,0.450,84,5452.2,2335.9,260.0,72
21.3000,993.25,5366.4,2328.1,10.5,0.250,108,5472.6,2347.8,260.0,72
21.3167,994.08,5363.7,2315.0,57.5,0.050,322,5536.7,2586.6,260.0,72
21.3333,994.92,5359.9,2305.3,188.0,0.104,178,5183.6,2280.5,260.0,72
21.3500,995.75,5356.4,2295.4,175.0,0.214,100,5256.8,2304.1,261.5,72
21.3667,996.58,5352.7,2284.2,166.5,0.095,86,5269.1,2304.3,260.0,72
21.3833,997.42,5348.7,2273.1,294.5,0.740,144,5408.4,2142.1,292.5,128
21.4000,998.25,5344.7,2262.5,295.0,0.962,150,5408.1,2126.5,293.5,154
21.4167,999.08,5341.2,2251.5,300.0,1.000,134,5408.2,2135.5,297.0,146
21.4333,999.92,5337.4,2242.0,240.5,0.097,334,5172.9,1951.4,260.0,72
21.4500,1000.75,5333.0,2229.6,130.0,0.185,98,5270.0,2304.7,260.0,72
21.4667,1001.58,5328.6,2218.5,160.5,0.153,162,5175.9,2272.5,160.5,66
21.4833,1002.42,5324.3,2207.8,3.0,0.400,84,5408.2,2212.2,13.5,64
21.5000,1003.25,5320.6,2197.5,236.5,0.143,296,5157.2,1950.7,298.5,68
21.5167,1004.08,5317.9,2187.8,302.5,0.790,168,5408.2,2046.1,300.5,166
21.5333,1004.92,5313.2,2173.7,305.5,0.883,164,5408.4,2040.2,303.0,174
21.5500,1005.75,5309.5,2163.4,310.0,0.873,154,5408.5,2045.4,306.5,168
21.5667,1006.58,5305.3,2151.9,312.5,0.909,154,5409.3,2038.3,310.5,158
21.5833,1007.42,5301.7,2140.8,314.5,0.889,152,5408.2,2032.4,313.5,154
21.6000,1008.25,5298.6,2129.8,318.5,0.885,148,5409.4,2031.8,318.5,148
21.6167,1009.08,5294.6,2116.6,325.0,0.854,140,5409.3,2036.3,322.5,142
21.6333,1009.92,5291.0,2106.1,327.5,0.896,140,5409.0,2030.9,327.5,138
21.6500,1010.75,5287.4,2092.7,334.5,0.867,134,5408.3,2035.0,333.5,134
21.6667,1011.58,5284.4,2081.8,341.0,0.886,132,5409.2,2038.8,338.0,134
21.6833,1012.42,5281.8,2071.0,343.0,0.886,132,5408.0,2032.4,342.0,134
21.7000,1013.25,5279.9,2059.1,349.5,0.909,132,5409.6,2035.0,349.5,132
21.7167,1014.08,5279.1,2047.5,355.0,0.907,130,5408.6,2036.2,353.5,130
21.7333,1014.92,5279.2,2034.0,1.5,0.907,130,5409.1,2037.4,0.0,130
21.7500,1015.75,5279.4,2024.1,5.5,0.884,130,5408.8,2036.6,5.0,132
21.7667,1016.58,5280.1,2013.8,9.5,0.860,130,5408.4,2035.3,9.0,132
21.7833,1017.42,5281.1,2003.2,217.0,0.524,86,5212.4,1951.5,259.0,72
21.8000,1018.25,5281.5,1992.4,208.0,0.455,88,5203.8,1951.1,217.5,72
21.8167,1019.08,5281.1,1981.5,357.0,0.190,128,5408.9,1974.8,259.0,72
21.8333,1019.92,5283.3,1972.4,1.0,0.878,126,5409.3,1974.6,0.5,128
21.8500,1020.75,5287.1,1963.9,5.5,0.821,122,5408.5,1975.6,7.0,110
21.8667,1021.58,5294.2,1954.8,10.5,0.889,116,5408.2,1975.9,7.5,118
21.8833,1022.42,5307.9,1945.7,232.5,0.271,258,5150.8,1741.0,260.0,72
21.9000,1023.25,5327.5,1937.1,229.5,0.175,272,5150.9,1730.2,261.5,72
21.9167,1024.08,5348.8,1929.0,172.0,0.241,102,5247.8,1943.2,260.0,72
21.9333,1024.92,5367.8,1922.5,169.5,0.205,122,5247.8,1944.7,261.5,72
21.9500,1025.75,5393.2,1914.1,87.0,0.395,282,5408.0,2195.8,88.5,180
21.9667,1026.58,5416.6,1907.1,177.5,0.180,266,5150.9,1918.7,95.5,72
21.9833,1027.42,5439.2,1901.1,176.5,0.205,288,5151.7,1918.7,260.0,72
22.0000,1028.25,5460.7,1896.1,175.5,0.198,306,5155.6,1920.1,261.5,72
22.0167,1029.08,5479.9,1892.0,133.5,0.350,84,5422.0,1953.0,260.0,72
22.0333,1029.92,5506.4,1887.5,175.0,0.218,356,5151.7,1918.5,261.5,72
22.0500,1030.75,5527.5,1884.4,92.5,0.393,100,5523.1,1984.4,261.5,72
22.0667,1031.58,5550.6,1881.8,80.5,0.133,104,5567.7,1984.4,260.0,72
22.0833,1032.42,5572.1,1879.8,240.5,0.115,322,5413.6,1599.6,261.5,72
22.1000,1033.25,5592.8,1878.5,240.0,0.237,322,5431.8,1599.6,260.0,72
22.1167,1034.08,5617.4,1877.5,239.0,0.164,324,5450.5,1599.8,260.0,72
22.1333,1034.92,5637.4,1877.3,100.0,0.738,174,5607.2,2048.7,102.5,128
22.1500,1035.75,5663.6,1877.7,239.0,0.123,288,5515.2,1630.8,260.0,72
22.1667,1036.58,5684.7,1878.3,238.5,0.130,290,5533.1,1631.1,260.0,72
22.1833,1037.42,5706.0,1879.5,238.5,0.153,292,5553.4,1630.5,260.0,72
22.2000,1038.25,5729.3,1881.0,238.0,0.160,294,5573.5,1631.7,260.0,72
22.2167,1039.08,5751.3,1882.7,229.0,0.166,334,5532.2,1630.6,261.5,72
22.2333,1039.92,5777.3,1885.3,227.5,0.200,344,5544.9,1631.7,261.5,72
22.2500,1040.75,5797.2,1887.6,292.0,0.362,276,5900.6,1631.6,261.5,72
22.2667,1041.58,5819.2,1890.2,289.0,0.548,274,5908.4,1631.1,290.5,202
22.2833,1042.42,5842.2,1893.3,287.5,0.739,274,5924.6,1632.0,260.0,72
22.3000,1043.25,5865.8,1897.0,284.0,0.800,274,5932.1,1631.1,284.0,278
22.3167,1044.08,5890.5,1901.2,278.5,0.800,274,5930.9,1630.2,279.5,278
22.3333,1044.92,5910.0,1903.7,275.0,0.739,274,5933.8,1630.8,274.0,276
22.3500,1045.75,5930.7,1904.5,270.5,0.809,274,5933.1,1630.5,0.0,0
22.3667,1046.58,5956.4,1903.1,265.5,0.789,272,5935.1,1631.9,266.0,180
22.3833,1047.42,5984.9,1899.3,260.5,0.807,272,5940.0,1631.1,260.5,278
22.4000,1048.25,6013.2,1894.1,167.5,0.395,120,5896.1,1920.1,261.5,72
22.4167,1049.08,6039.6,1889.2,167.5,0.380,144,5899.0,1920.3,260.0,72
22.4333,1049.92,6064.1,1884.9,168.5,0.333,176,5891.7,1920.0,248.5,54
22.4500,1050.75,6096.1,1879.8,169.0,0.250,212,5888.0,1920.3,261.5,72
22.4667,1051.58,6125.1,1875.6,169.0,0.158,234,5895.4,1920.2,260.0,72
22.4833,1052.42,6152.6,1871.6,223.5,0.118,350,5898.8,1630.7,261.5,72
22.5000,1053.25,6179.0,1868.0,222.0,0.142,354,5916.0,1631.2,261.5,72
22.5167,1054.08,6203.3,1865.3,223.0,0.147,344,5951.7,1630.7,261.5,72
22.5333,1054.92,6235.0,1861.8,222.5,0.148,342,5982.9,1630.7,261.5,72
22.5500,1055.75,6260.8,1859.6,220.5,0.149,352,5993.1,1631.0,259.5,64
22.5667,1056.58,6289.5,1857.5,220.0,0.175,352,6019.9,1631.2,260.0,72
22.5833,1057.42,6316.1,1855.7,265.5,0.346,258,6295.8,1598.5,268.0,136
22.6000,1058.25,6341.3,1854.3,265.0,0.459,288,6316.2,1567.4,265.0,184
22.6167,1059.08,6371.7,1853.0,263.0,0.744,294,6335.9,1561.2,263.0,276
22.6333,1059.92,6396.1,1850.6,262.0,0.825,318,6351.8,1535.7,262.0,312
22.6500,1060.75,6427.7,1847.6,217.5,0.160,356,6145.2,1630.9,260.0,72
22.6667,1061.58,6453.0,1845.3,216.5,0.158,360,6163.6,1631.2,260.0,72
22.6833,1062.42,6478.6,1843.2,215.0,0.141,370,6175.6,1631.0,259.5,64
22.7000,1063.25,6506.9,1841.2,234.5,0.103,336,6311.8,1567.7,260.0,72
22.7167,1064.08,6533.7,1840.0,220.0,0.097,374,6247.2,1599.6,260.0,72
22.7333,1064.92,6565.9,1839.3,219.5,0.084,378,6274.2,1598.8,260.0,72
22.7500,1065.75,6590.3,1839.0,219.0,0.071,380,6294.9,1599.9,261.5,72
22.7667,1066.58,6616.3,1839.0,308.0,0.254,304,6803.5,1599.4,308.0,122
22.7833,1067.42,6644.3,1839.0,306.5,0.425,298,6821.5,1599.5,304.0,184
22.8000,1068.25,6673.6,1839.2,305.0,0.544,294,6842.2,1598.4,304.0,212
22.8167,1069.08,6703.6,1839.9,303.0,0.779,288,6860.4,1598.4,302.5,284
22.8333,1069.92,6728.2,1841.1,299.5,0.752,278,6865.1,1599.1,301.5,138
22.8500,1070.75,6753.5,1842.4,295.5,0.770,270,6869.7,1598.7,261.5,72
22.8667,1071.58,6782.2,1844.3,288.0,0.794,258,6861.9,1598.9,288.5,260
22.8833,1072.42,6811.9,1846.8,282.5,0.819,254,6866.8,1598.8,282.5,256
22.9000,1073.25,6840.3,1849.7,274.0,0.712,252,6857.9,1598.3,275.5,254
22.9167,1074.08,6866.5,1852.3,270.0,0.790,254,6866.5,1598.3,269.5,258
22.9333,1074.92,6890.2,1853.4,265.0,0.821,256,6867.9,1598.4,264.5,260
22.9500,1075.75,6921.3,1847.3,21.0,0.257,114,7027.8,1888.1,260.0,72
22.9667,1076.58,6950.3,1834.6,151.5,0.265,112,6851.8,1888.1,260.0,72
22.9833,1077.42,6978.7,1818.1,146.0,0.366,126,6874.2,1888.6,260.0,72
23.0000,1078.25,7006.1,1801.3,149.0,0.317,170,6860.4,1888.9,260.0,72
23.0167,1079.08,7030.5,1786.9,149.5,0.282,200,6858.2,1888.4,260.0,72
23.0333,1079.92,7063.6,1766.8,150.5,0.196,248,6847.7,1888.9,262.0,72
23.0500,1080.75,7089.9,1751.4,240.5,0.530,176,7003.2,1598.3,241.0,146
23.0667,1081.58,7118.7,1734.0,230.0,0.803,176,7005.6,1599.2,230.5,172
23.0833,1082.42,7145.3,1716.9,223.0,0.812,172,7019.5,1599.6,221.0,180
23.1000,1083.25,7170.6,1699.8,213.5,0.884,182,7018.8,1599.3,212.5,186
23.1167,1084.08,7200.8,1679.1,289.0,0.550,84,7228.2,1599.7,301.5,72
23.1333,1084.92,7225.1,1661.4,282.5,0.269,96,7245.9,1567.7,262.5,68
23.1500,1085.75,7255.5,1638.7,279.5,0.161,106,7273.0,1534.1,259.0,74
23.1667,1086.58,7280.0,1619.4,260.5,0.667,86,7265.8,1534.6,260.0,72
23.1833,1087.42,7304.5,1599.4,264.5,0.348,90,7295.8,1509.8,258.5,70
23.2000,1088.25,7330.9,1577.8,186.5,0.409,88,7243.5,1567.8,258.5,70
23.2167,1089.08,7356.0,1557.5,190.0,0.440,94,7263.4,1541.2,260.0,72
23.2333,1089.92,7386.9,1533.8,61.5,0.118,146,7456.6,1662.1,260.0,72
23.2500,1090.75,7409.1,1516.1,84.0,0.792,150,7424.7,1665.3,83.5,158
23.2667,1091.58,7432.8,1498.0,90.5,1.000,168,7431.3,1666.0,91.0,178
23.2833,1092.42,7458.4,1479.2,191.5,0.178,134,7327.1,1452.5,260.0,72
23.3000,1093.25,7485.4,1460.0,191.5,0.136,162,7326.7,1427.7,260.0,72
23.3167,1094.08,7513.5,1440.8,192.0,0.140,158,7358.9,1407.9,313.0,100
23.3333,1094.92,7536.4,1428.3,102.5,0.147,112,7512.2,1537.7,282.0,88
23.3500,1095.75,7560.2,1424.4,94.5,0.481,306,7536.1,1729.5,94.5,176
23.3667,1096.58,7589.1,1427.8,98.5,0.600,304,7544.2,1728.5,98.0,254
23.3833,1097.42,7619.8,1436.4,100.5,0.657,330,7559.7,1760.8,99.0,294
23.4000,1098.25,7649.1,1447.2,104.0,0.750,324,7570.7,1761.6,103.0,200
23.4167,1099.08,7675.6,1457.9,108.5,0.819,320,7574.1,1761.4,108.5,332
23.4333,1099.92,7699.8,1468.4,113.0,0.825,318,7575.5,1761.1,112.5,328
23.4500,1100.75,7731.4,1482.8,244.5,0.400,84,7695.2,1406.9,259.0,72
23.4667,1101.58,7760.4,1496.3,260.0,0.565,90,7744.8,1407.7,259.0,72
23.4833,1102.42,7788.4,1509.1,260.0,0.467,104,7770.3,1406.7,259.0,72
23.5000,1103.25,7815.4,1521.1,259.0,0.600,84,7799.3,1438.7,259.0,72
23.5167,1104.08,7840.0,1531.8,217.5,0.107,324,7582.9,1334.5,256.5,64
23.5333,1104.92,7873.5,1544.6,298.5,0.200,84,7913.6,1470.8,259.0,72
23.5500,1105.75,7901.2,1554.5,260.0,0.550,84,7886.6,1471.8,259.0,72
23.5667,1106.58,7931.9,1564.6,260.0,0.346,96,7915.3,1470.0,259.5,72
23.5833,1107.42,7960.3,1573.5,255.5,0.194,106,7933.7,1470.8,259.5,64
23.6000,1108.25,7987.1,1581.8,259.5,0.147,112,7966.7,1471.7,259.5,64
23.6167,1109.08,8019.2,1592.1,256.0,0.150,124,7989.2,1471.7,304.5,66
23.6333,1109.92,8046.2,1600.7,281.0,0.597,198,8084.0,1406.4,259.5,64
23.6500,1110.75,8079.1,1610.2,276.0,0.802,236,8103.8,1375.5,278.0,90
23.6667,1111.58,8106.4,1616.8,271.0,0.818,242,8110.6,1374.8,277.0,82
23.6833,1112.42,8134.4,1621.6,266.0,0.784,248,8117.1,1374.2,263.0,112
23.7000,1113.25,8165.1,1625.8,263.0,0.096,252,8134.4,1375.7,260.0,72
23.7167,1114.08,8194.7,1629.5,263.0,0.111,224,8167.4,1407.2,260.0,72
23.7333,1114.92,8229.9,1634.3,83.0,0.116,216,8256.2,1848.7,256.5,64
23.7500,1115.75,8256.3,1637.1,266.0,0.623,198,8242.5,1439.6,265.5,160
23.7667,1116.58,8285.0,1639.7,263.0,0.063,170,8264.3,1471.0,256.5,64
23.7833,1117.42,8315.7,1642.5,288.5,0.229,114,8351.9,1534.4,287.0,68
23.8000,1118.25,8343.0,1645.2,302.0,0.542,92,8391.7,1567.1,302.0,72
23.8167,1119.08,8361.6,1647.1,331.5,0.214,100,8449.5,1599.4,256.5,64
23.8333,1119.92,8385.1,1650.1,260.5,0.333,116,8365.9,1535.7,259.5,72
23.8500,1120.75,8412.2,1653.7,260.5,0.545,88,8397.6,1566.9,259.5,72
23.8667,1121.58,8443.3,1657.7,260.5,0.583,92,8428.1,1567.0,258.0,72
23.8833,1122.42,8475.6,1661.3,334.0,0.167,140,8601.4,1599.9,251.5,94
23.9000,1123.25,8506.5,1664.0,102.5,0.065,198,8463.6,1857.4,255.5,68
23.9167,1124.08,8534.8,1666.6,89.0,0.082,190,8538.1,1856.5,256.5,70
23.9333,1124.92,8559.7,1669.2,303.5,0.250,84,8606.1,1599.2,257.0,72
23.9500,1125.75,8593.8,1673.2,292.5,0.114,114,8637.4,1567.9,258.0,72
23.9667,1126.58,8625.0,1677.3,259.0,0.522,90,8607.8,1589.0,258.0,72
23.9833,1127.42,8655.2,1681.7,260.0,0.167,116,8635.1,1567.4,260.0,72
24.0000,1128.25,8684.5,1686.1,260.0,0.158,120,8663.7,1567.9,260.0,72
24.0167,1129.08,8710.7,1690.4,256.5,0.122,126,8681.3,1567.8,162.5,64
24.0333,1129.92,8745.2,1695.9,274.5,0.837,130,8755.4,1566.3,272.5,128
24.0500,1130.75,8773.9,1699.3,263.5,0.822,134,8758.7,1566.1,261.5,134
24.0667,1131.58,8805.1,1702.8,283.0,0.146,140,8836.6,1566.4,260.0,72
24.0833,1132.42,8833.9,1706.3,258.0,0.184,142,8804.4,1567.4,260.0,72
24.1000,1133.25,8861.5,1710.1,260.0,0.137,146,8836.2,1566.3,260.0,72
24.1167,1134.08,8894.6,1715.0,260.0,0.132,150,8868.5,1567.3,260.0,72
24.1333,1134.92,8921.4,1719.5,63.5,0.127,154,8990.1,1857.3,260.0,72
24.1500,1135.75,8955.8,1725.2,292.0,0.259,98,8992.5,1634.4,79.0,64
24.1667,1136.58,8983.9,1730.3,275.5,0.286,86,8992.1,1644.7,260.0,72
24.1833,1137.42,9012.3,1735.8,210.0,0.062,336,8721.3,1567.8,301.5,84
24.2000,1138.25,9043.2,1742.1,246.5,0.238,86,9008.9,1663.2,252.5,104
24.2167,1139.08,9072.3,1748.5,212.0,0.074,342,8782.3,1567.3,254.5,88
24.2333,1139.92,9106.6,1756.5,257.0,0.300,84,9087.7,1674.7,260.0,72
24.2500,1140.75,9131.4,1762.8,257.0,0.207,102,9108.4,1663.4,260.0,72
24.2667,1141.58,9157.8,1770.1,254.5,0.102,142,9119.8,1633.2,260.0,72
24.2833,1142.42,9185.8,1778.2,74.5,0.886,114,9216.3,1888.1,73.5,112
24.3000,1143.25,9215.2,1787.1,81.5,0.967,104,9230.5,1889.9,80.0,102
24.3167,1144.08,9245.6,1796.8,104.0,0.808,96,9222.4,1889.9,102.5,94
24.3333,1144.92,9269.8,1805.5,120.5,0.923,96,9221.1,1888.2,118.5,94
24.3500,1145.75,9293.5,1816.0,133.5,1.000,100,9224.7,1888.5,132.5,100
24.3667,1146.58,9319.2,1828.4,148.0,1.000,114,9222.5,1888.8,150.5,118
24.3833,1147.42,9343.8,1841.8,155.5,1.000,112,9241.9,1888.2,158.0,132
24.4000,1148.25,9365.5,1854.9,166.0,1.000,138,9231.6,1888.3,167.5,154
24.4167,1149.08,9384.1,1867.3,171.0,1.000,134,9251.7,1888.3,172.5,170
24.4333,1149.92,9399.6,1879.2,175.0,0.966,102,9297.9,1888.1,178.0,184
24.4500,1150.75,9416.3,1895.2,180.0,0.968,106,9310.3,1895.2,183.5,202
24.4667,1151.58,9429.3,1910.1,189.0,0.895,120,9310.8,1891.3,187.5,162
24.4833,1152.42,9439.8,1924.7,192.0,0.909,132,9310.7,1897.3,191.5,140
24.5000,1153.25,9448.3,1938.9,191.0,0.917,140,9310.8,1912.2,194.0,150
24.5167,1154.08,9453.7,1951.1,194.0,0.882,146,9312.0,1915.8,196.5,156
24.5333,1154.92,9458.2,1967.9,201.5,0.912,158,9311.2,1910.0,201.5,162
24.5500,1155.75,9458.4,1981.2,201.0,0.895,158,9310.9,1924.5,200.5,162
24.5667,1156.58,9455.8,1995.2,203.5,0.860,158,9311.0,1932.2,205.5,166
24.5833,1157.42,9451.8,2007.5,208.5,0.862,160,9311.2,1931.2,207.5,160
24.6000,1158.25,9445.8,2019.0,210.0,0.875,156,9310.7,1941.0,210.5,162
24.6167,1159.08,9436.6,2033.4,213.5,0.887,150,9311.5,1950.6,216.5,160
24.6333,1159.92,9424.7,2047.1,220.5,0.887,150,9310.6,1949.7,219.5,152
24.6500,1160.75,9409.5,2064.7,225.0,0.872,138,9311.9,1967.1,225.0,136
24.6667,1161.58,9396.5,2078.5,230.5,0.956,134,9311.2,1975.1,228.5,132
24.6833,1162.42,9381.8,2091.3,232.5,0.972,116,9311.2,1999.3,234.0,124
24.7000,1163.25,9364.6,2104.1,237.0,1.000,98,9311.3,2021.9,239.5,104
24.7167,1164.08,9347.7,2115.1,244.5,0.700,84,9311.5,2039.3,41.0,94
24.7333,1164.92,9326.3,2126.6,250.0,0.700,84,9297.6,2047.6,247.5,90
24.7500,1165.75,9308.9,2133.0,253.5,1.000,90,9283.3,2046.7,250.5,92
24.7667,1166.58,9287.3,2138.4,259.5,0.375,92,9270.5,2047.9,334.0,80
24.7833,1167.42,9262.5,2143.1,0.0,0.301,210,9472.5,2143.1,259.5,72
24.8000,1168.25,9235.7,2147.5,338.0,0.229,324,9536.2,2026.1,332.5,64
24.8167,1169.08,9208.2,2152.1,339.0,0.221,352,9536.8,2026.0,256.5,64
24.8333,1169.92,9186.3,2155.5,339.5,0.206,374,9536.6,2024.5,263.5,60
24.8500,1170.75,9163.7,2159.7,278.0,0.118,146,9184.0,2015.1,256.5,64
24.8667,1171.58,9137.1,2163.5,270.5,0.897,180,9138.6,1983.5,271.0,180
24.8833,1172.42,9109.3,2167.0,351.5,0.111,368,9473.2,2112.6,261.0,62
24.9000,1173.25,9082.8,2170.3,263.5,0.091,220,9057.9,1951.7,261.0,62
24.9167,1174.08,9058.5,2173.5,270.0,0.427,222,9058.5,1951.5,268.0,152
24.9333,1174.92,9036.7,2177.2,269.5,0.645,258,9034.4,1919.2,271.0,208
24.9500,1175.75,9006.8,2179.7,274.5,0.835,262,9027.4,1918.5,273.5,264
24.9667,1176.58,8980.0,2182.0,246.5,0.066,286,8865.9,1919.7,261.0,62
24.9833,1177.42,8954.1,2184.4,255.5,0.387,106,8927.5,2081.7,261.0,62
25.0000,1178.25,8929.0,2186.9,269.5,0.375,268,8926.7,1918.9,271.5,152
25.0167,1179.08,8907.0,2189.3,261.5,0.265,112,8890.4,2078.6,271.5,218
25.0333,1179.92,8876.7,2190.8,272.0,0.735,112,8880.6,2078.9,273.0,274
25.0500,1180.75,8852.4,2189.9,275.5,0.769,122,8864.1,2068.4,275.0,156
25.0667,1181.58,8825.6,2189.2,256.5,0.043,278,8760.7,1918.9,253.5,56
25.0833,1182.42,8800.6,2189.0,255.5,0.051,278,8731.0,1919.9,256.5,64
25.1000,1183.25,8776.6,2189.1,220.5,0.056,366,8498.3,1951.4,256.5,64
25.1167,1184.08,8748.0,2189.2,220.0,0.074,370,8464.6,1951.3,263.5,56
25.1333,1184.92,8724.5,2189.7,220.5,0.069,364,8447.7,1953.3,256.5,64
25.1500,1185.75,8695.3,2190.9,247.5,0.224,294,8582.8,1919.3,226.5,66
25.1667,1186.58,8671.4,2192.2,251.0,0.410,288,8577.6,1919.9,250.0,168
25.1833,1187.42,8646.9,2193.9,251.5,0.512,290,8554.8,1918.9,251.5,212
25.2000,1188.25,8620.1,2196.1,253.5,0.754,288,8538.3,1920.0,252.5,276
25.2167,1189.08,8594.8,2198.6,255.0,0.780,290,8519.8,1918.4,253.5,280
25.2333,1189.92,8564.2,2202.1,261.5,0.802,286,8521.9,1919.2,261.0,290
25.2500,1190.75,8541.7,2204.3,264.5,0.785,286,8514.3,1919.6,266.5,278
25.2667,1191.58,8517.1,2205.0,269.5,0.769,286,8514.6,1919.0,269.0,186
25.2833,1192.42,8489.5,2204.3,22.0,0.385,96,8578.5,2240.2,39.5,82
25.3000,1193.25,8459.0,2202.3,16.5,0.333,134,8587.5,2240.3,260.0,56
25.3167,1194.08,8426.6,2199.6,13.5,0.262,174,8595.8,2240.2,256.5,64
25.3333,1194.92,8401.2,2197.9,11.0,0.281,222,8619.2,2240.2,260.0,72
25.3500,1195.75,8373.7,2196.4,9.5,0.216,266,8636.1,2240.3,260.0,72
25.3667,1196.58,8343.0,2195.2,104.0,0.619,212,8291.7,2400.9,105.0,174
25.3833,1197.42,8311.5,2194.3,101.0,0.759,210,8271.5,2400.5,101.5,198
25.4000,1198.25,8281.5,2193.3,94.5,0.805,208,8265.2,2400.7,94.5,210
25.4167,1199.08,8254.0,2191.0,89.0,0.843,210,8257.6,2401.0,87.5,212
25.4333,1199.92,8228.8,2184.1,81.5,0.818,220,8261.3,2401.7,81.0,222
25.4500,1200.75,8196.1,2173.8,259.0,0.308,96,8177.8,2079.6,259.5,74
25.4667,1201.58,8166.0,2164.9,259.5,0.500,88,8150.0,2078.4,259.0,74
25.4833,1202.42,8136.6,2156.8,89.5,0.630,244,8138.7,2400.7,90.0,192
25.5000,1203.25,8108.2,2149.4,87.0,0.846,252,8121.4,2401.1,87.0,240
25.5167,1204.08,8083.1,2143.6,201.0,0.054,268,7832.9,2047.6,257.0,66
25.5333,1204.92,8048.3,2135.9,171.0,0.030,374,7678.9,2194.4,155.0,58
25.5500,1205.75,8020.9,2130.3,118.0,0.038,306,7877.2,2400.5,116.0,58
25.5667,1206.58,7990.6,2124.5,93.0,0.517,276,7976.1,2400.1,93.0,198
25.5833,1207.42,7962.6,2119.4,92.0,0.723,282,7952.8,2401.2,92.5,256
25.6000,1208.25,7936.1,2114.8,90.0,0.901,286,7936.1,2400.8,91.0,286
25.6167,1209.08,7904.1,2109.5,84.0,0.800,294,7934.9,2401.9,83.5,298
25.6333,1209.92,7877.6,2106.4,79.5,0.828,300,7932.2,2401.4,79.0,302
25.6500,1210.75,7844.4,2103.8,177.5,0.082,190,7654.6,2112.1,106.5,62
25.6667,1211.58,7817.3,2101.9,176.5,0.049,166,7651.6,2112.0,50.0,58
25.6833,1212.42,7789.7,2100.4,175.0,0.089,134,7656.3,2112.1,25.5,64
25.7000,1213.25,7759.8,2099.1,165.0,0.100,84,7678.6,2120.8,25.5,64
25.7167,1214.08,7731.2,2097.8,211.0,0.070,360,7422.6,1912.4,25.5,64
25.7333,1214.92,7696.5,2097.3,101.0,0.364,88,7679.7,2183.6,128.5,76
25.7500,1215.75,7671.7,2097.2,222.0,0.074,314,7438.4,1887.1,93.5,144
25.7667,1216.58,7644.1,2096.5,88.5,0.471,112,7647.0,2208.5,283.0,60
25.7833,1217.42,7613.2,2094.8,280.5,0.200,114,7634.0,1982.7,260.0,72
25.8000,1218.25,7579.6,2092.1,14.0,0.500,84,7661.1,2112.4,259.5,64
25.8167,1219.08,7543.6,2088.9,10.0,0.222,134,7675.6,2112.2,260.0,72
25.8333,1219.92,7514.8,2087.1,9.0,0.155,160,7672.8,2112.1,256.5,64
25.8500,1220.75,7485.1,2085.6,8.0,0.164,190,7673.3,2112.1,260.0,72
25.8667,1221.58,7451.1,2084.0,108.5,0.333,86,7423.8,2165.6,260.0,72
25.8833,1222.42,7416.1,2082.7,6.5,0.167,260,7674.4,2112.1,25.5,64
25.9000,1223.25,7382.8,2081.8,259.5,0.136,132,7358.7,1952.0,260.0,72
25.9167,1224.08,7351.7,2081.3,260.0,0.136,132,7328.8,1951.3,260.0,72
25.9333,1224.92,7324.1,2081.2,255.5,0.171,114,7295.5,1970.8,259.5,72
25.9500,1225.75,7287.6,2081.2,260.0,0.250,100,7270.3,1982.7,260.0,72
25.9667,1226.58,7254.3,2081.1,260.0,0.250,100,7236.9,1982.6,260.0,72
25.9833,1227.42,7222.0,2080.5,293.5,0.710,106,7264.3,1983.3,291.5,102
26.0000,1228.25,7190.8,2079.6,268.5,0.269,96,7188.3,1983.7,250.0,70
26.0167,1229.08,7162.8,2078.8,260.0,0.333,98,7145.8,1982.3,260.0,72
26.0333,1229.92,7124.3,2078.2,259.0,0.269,96,7106.0,1983.9,261.5,72
26.0500,1230.75,7093.6,2078.1,259.5,0.269,96,7076.1,1983.7,261.5,72
26.0667,1231.58,7059.5,2078.2,259.0,0.269,96,7041.1,1984.0,261.5,72
26.0833,1232.42,7027.8,2078.6,259.0,0.296,98,7009.1,1982.4,259.5,70
26.1000,1233.25,6997.7,2079.3,259.5,0.296,98,6979.8,1983.0,259.5,72
26.1167,1234.08,6961.7,2080.7,260.0,0.136,132,6938.8,1950.7,260.0,72
26.1333,1234.92,6932.2,2082.2,180.5,0.284,248,6684.3,2080.0,256.5,64
26.1500,1235.75,6894.8,2084.2,181.5,0.183,164,6730.9,2080.0,260.0,72
26.1667,1236.58,6864.2,2086.4,182.5,0.275,146,6718.3,2080.0,260.0,72
26.1833,1237.42,6833.5,2088.8,114.0,0.367,202,6751.3,2273.4,112.0,128
26.2000,1238.25,6800.2,2091.7,107.5,0.712,190,6743.0,2272.9,107.0,176
26.2167,1239.08,6768.0,2094.8,104.0,0.800,184,6723.5,2273.4,104.5,184
26.2333,1239.92,6729.2,2099.0,91.0,0.846,174,6726.1,2273.0,91.0,174
26.2500,1240.75,6700.8,2102.7,82.0,0.812,172,6724.7,2273.0,80.5,174
26.2667,1241.58,6670.4,2107.3,73.5,0.844,172,6719.2,2272.2,72.0,176
26.2833,1242.42,6637.7,2112.7,286.0,0.177,168,6684.1,1951.2,265.0,96
26.3000,1243.25,6603.0,2118.8,282.0,0.276,102,6624.2,2019.0,257.5,68
26.3167,1244.08,6566.3,2125.5,255.5,0.109,154,6527.8,1976.4,260.0,72
26.3333,1244.92,6537.7,2131.4,260.0,0.162,118,6517.2,2015.2,260.0,72
26.3500,1245.75,6507.9,2137.6,260.0,0.150,124,6486.3,2015.4,260.0,72
26.3667,1246.58,6474.0,2145.0,256.5,0.250,100,6450.6,2047.8,259.5,72
26.3833,1247.42,6439.2,2153.1,257.0,0.156,108,6414.9,2047.9,148.0,64
26.4000,1248.25,6406.1,2161.1,209.5,0.216,118,6303.3,2103.0,260.0,72
26.4167,1249.08,6375.6,2168.2,265.5,0.872,122,6366.0,2046.6,265.0,124
26.4333,1249.92,6348.4,2173.3,280.0,0.881,128,6370.6,2047.2,276.5,128
26.4500,1250.75,6311.6,2178.4,294.0,0.900,144,6370.2,2046.9,293.5,144
26.4667,1251.58,6278.1,2182.9,141.0,0.107,380,5982.8,2422.1,262.0,68
26.4833,1252.42,6244.9,2187.5,182.5,0.072,266,5979.2,2175.9,233.5,50
26.5000,1253.25,6212.5,2192.4,133.5,0.072,376,5953.7,2465.1,233.5,56
26.5167,1254.08,6183.8,2196.9,185.0,0.061,240,5944.7,2175.9,235.0,64
26.5333,1254.92,6145.8,2203.5,81.0,0.783,136,6167.1,2337.9,79.5,126
26.5500,1255.75,6115.7,2209.8,71.0,0.911,134,6159.3,2336.4,69.0,134
26.5667,1256.58,6083.0,2218.8,319.0,0.278,116,6170.6,2142.7,317.5,60
26.5833,1257.42,6053.3,2231.0,325.5,0.273,154,6180.2,2143.7,251.0,58
26.6000,1258.25,6024.8,2246.8,328.0,0.213,194,6189.4,2144.0,258.5,72
26.6167,1259.08,5990.3,2266.7,259.5,0.400,94,5973.2,2174.2,259.5,72
26.6333,1259.92,5964.8,2283.4,98.0,0.190,86,5952.9,2368.6,260.0,72
26.6500,1260.75,5931.4,2305.9,77.0,0.208,92,5952.1,2395.6,61.0,90
26.6667,1261.58,5904.6,2325.1,58.5,0.818,88,5950.6,2400.1,53.0,118
26.6833,1262.42,5879.4,2345.1,84.0,0.400,84,5888.2,2428.7,50.0,116
26.7000,1263.25,5853.3,2367.3,23.5,0.250,84,5930.4,2400.8,260.0,72
26.7167,1264.08,5829.0,2388.8,233.5,0.162,266,5670.8,2175.0,260.0,72
26.7333,1264.92,5801.1,2416.3,48.0,0.938,108,5873.4,2496.5,45.0,108
26.7500,1265.75,5782.2,2437.2,32.0,0.971,112,5877.2,2496.5,30.5,110
26.7667,1266.58,5763.5,2460.7,17.5,1.000,118,5876.0,2496.2,18.0,122
26.7833,1267.42,5745.1,2486.4,1.0,0.980,144,5889.1,2488.9,1.0,142
26.8000,1268.25,5727.7,2513.7,38.5,0.500,84,5793.4,2566.0,351.0,78
26.8167,1269.08,5711.4,2542.6,20.0,0.333,86,5792.2,2572.1,260.0,72
26.8333,1269.92,5698.2,2566.1,23.0,0.207,102,5792.1,2605.9,40.5,64
26.8500,1270.75,5685.4,2590.7,254.0,0.030,310,5600.0,2292.7,259.5,64
26.8667,1271.58,5670.6,2618.7,255.5,0.042,282,5600.0,2345.7,172.5,70
26.8833,1272.42,5654.9,2647.7,236.5,0.107,100,5599.7,2564.3,141.5,64
26.9000,1273.25,5639.4,2675.2,251.0,0.154,122,5599.7,2559.9,235.5,70
26.9167,1274.08,5624.1,2700.3,253.5,0.714,86,5599.7,2617.8,249.5,76
26.9333,1274.92,5610.5,2721.4,264.0,0.966,102,5599.8,2620.0,263.0,98
26.9500,1275.75,5591.6,2749.9,259.5,0.308,96,5574.1,2655.5,259.5,70
26.9667,1276.58,5573.8,2776.4,222.5,0.162,180,5441.1,2654.8,204.0,64
26.9833,1277.42,5555.9,2801.3,230.5,0.849,190,5435.0,2654.7,230.5,198
27.0000,1278.25,5537.9,2824.2,235.5,0.802,206,5421.2,2654.4,235.0,210
27.0167,1279.08,5521.0,2843.6,242.0,0.765,214,5420.6,2654.7,238.0,92
27.0333,1279.92,5497.5,2867.9,250.0,0.758,226,5420.2,2655.5,251.5,206
27.0500,1280.75,5478.2,2885.8,255.5,0.794,238,5418.6,2655.3,256.0,238
27.0667,1281.58,5455.9,2903.7,262.0,0.875,252,5420.8,2654.2,262.0,258
27.0833,1282.42,5435.0,2919.0,267.0,0.764,264,5421.2,2655.3,266.0,270
27.1000,1283.25,5414.8,2931.7,270.0,0.836,276,5414.8,2655.7,270.0,280
27.1167,1284.08,5390.0,2945.4,276.5,0.790,292,5423.1,2655.2,275.0,234
27.1333,1284.92,5370.1,2955.0,279.0,0.808,304,5417.6,2654.8,279.0,310
27.1500,1285.75,5344.7,2960.0,138.5,0.397,170,5217.4,3072.6,256.5,64
27.1667,1286.58,5323.7,2961.4,133.0,0.370,152,5220.0,3072.5,148.5,72
27.1833,1287.42,5301.4,2959.7,269.5,0.338,304,5298.8,2655.7,272.0,138
27.2000,1288.25,5276.0,2955.0,272.0,0.547,300,5286.5,2655.2,274.0,212
27.2167,1289.08,5250.0,2946.5,274.0,0.758,292,5270.4,2655.2,276.0,266
27.2333,1289.92,5218.4,2934.0,280.0,0.908,284,5267.7,2654.4,279.5,286
27.2500,1290.75,5194.3,2925.7,283.0,0.824,180,5234.8,2750.4,285.5,198
27.2667,1291.58,5168.4,2916.0,290.0,0.864,176,5228.6,2750.6,290.0,182
27.2833,1292.42,5141.5,2904.4,297.5,0.797,172,5220.9,2751.8,297.0,168
27.3000,1293.25,5113.7,2890.7,303.0,0.852,166,5204.1,2751.5,303.0,166
27.3167,1294.08,5084.5,2874.7,310.0,0.831,162,5188.7,2750.6,311.0,160
27.3333,1294.92,5062.0,2861.2,260.0,0.176,112,5042.5,2750.9,260.0,72
27.3500,1295.75,5038.0,2847.3,257.0,0.296,98,5016.0,2751.8,261.5,72
27.3667,1296.58,5011.3,2830.4,294.5,0.455,88,5047.8,2750.4,260.5,72
27.3833,1297.42,4984.3,2812.2,260.5,0.480,94,4968.8,2719.5,260.5,72
27.4000,1298.25,4959.2,2794.2,257.0,0.252,274,4897.5,2527.2,260.5,72
27.4167,1299.08,4936.3,2777.1,282.5,0.242,110,4960.1,2669.7,262.5,72
27.4333,1299.92,4915.1,2761.7,302.5,0.500,84,4960.2,2690.9,307.5,66
27.4500,1300.75,4888.6,2740.4,314.5,0.207,102,4960.1,2667.6,260.0,72
27.4667,1301.58,4864.6,2720.6,314.5,0.292,92,4929.1,2655.0,259.5,64
27.4833,1302.42,4841.6,2701.2,318.5,0.222,116,4928.5,2624.3,260.0,72
27.5000,1303.25,4819.7,2682.1,318.5,0.157,146,4929.1,2585.3,260.0,72
27.5167,1304.08,4800.4,2664.7,169.5,0.216,294,4511.3,2718.3,317.5,68
27.5333,1304.92,4773.7,2642.2,313.0,0.412,180,4896.4,2510.5,309.0,124
27.5500,1305.75,4752.7,2623.8,314.0,0.707,208,4897.2,2474.2,313.0,184
27.5667,1306.58,4730.1,2602.8,321.0,0.824,214,4896.4,2468.1,321.0,218
27.5833,1307.42,4709.6,2582.7,326.0,0.871,214,4887.0,2463.0,327.5,226
27.6000,1308.25,4690.4,2562.9,299.0,0.308,96,4737.0,2479.0,260.0,72
27.6167,1309.08,4667.7,2539.2,304.0,0.250,92,4719.1,2462.9,260.0,72
27.6333,1309.92,4649.5,2519.0,310.5,0.300,84,4704.1,2455.1,256.5,64
27.6500,1310.75,4626.6,2494.4,310.5,0.350,84,4681.2,2430.6,260.0,72
27.6667,1311.58,4608.5,2474.4,170.5,0.200,294,4318.5,2522.9,257.0,64
27.6833,1312.42,4589.7,2454.4,172.0,0.133,300,4292.6,2496.1,259.5,84
27.7000,1313.25,4568.8,2432.9,102.5,0.482,264,4511.7,2690.6,101.5,196
27.7167,1314.08,4549.3,2412.9,100.0,0.653,280,4500.7,2688.7,100.5,254
27.7333,1314.92,4524.8,2390.4,98.0,0.814,302,4482.8,2689.5,97.5,308
27.7500,1315.75,4502.8,2373.8,93.0,0.794,316,4486.3,2689.4,95.0,134
27.7667,1316.58,4478.4,2356.5,89.0,0.889,332,4484.2,2688.5,89.0,338
27.7833,1317.42,4452.1,2338.6,263.5,0.174,320,4415.9,2020.7,251.0,66
27.8000,1318.25,4424.2,2320.1,87.0,0.153,306,4440.2,2625.7,263.0,72
27.8167,1319.08,4394.8,2301.0,155.5,0.333,224,4191.0,2393.9,151.5,122
27.8333,1319.92,4371.1,2286.0,152.5,0.557,202,4191.9,2379.3,152.0,160
27.8500,1320.75,4346.5,2271.0,147.0,0.775,186,4190.5,2372.3,147.0,178
27.8667,1321.58,4318.2,2254.2,137.0,0.800,174,4191.0,2372.9,136.5,170
27.8833,1322.42,4289.3,2237.3,126.5,0.883,164,4191.7,2369.1,126.5,164
27.9000,1323.25,4262.1,2221.5,114.5,0.825,170,4191.6,2376.2,113.0,164
27.9167,1324.08,4236.9,2207.3,105.0,0.908,174,4191.9,2375.4,104.0,172
27.9333,1324.92,4214.3,2194.6,97.5,0.891,172,4191.8,2365.1,97.0,178
27.9500,1325.75,4183.5,2179.1,87.0,0.825,158,4191.8,2336.9,85.0,196
27.9667,1326.58,4155.9,2165.4,69.0,0.348,320,4270.5,2464.2,259.5,64
27.9833,1327.42,4129.4,2152.5,65.0,0.440,344,4274.7,2464.3,260.0,72
28.0000,1328.25,4103.7,2140.2,107.0,0.703,172,4053.4,2304.7,105.5,152
28.0167,1329.08,4080.4,2129.5,102.0,0.838,180,4043.0,2305.5,100.5,180
28.0333,1329.92,4048.9,2116.0,90.0,0.833,188,4048.9,2304.0,91.0,192
28.0500,1330.75,4022.9,2105.9,83.5,0.897,200,4045.6,2304.6,83.5,202
28.0667,1331.58,3994.4,2095.1,75.0,0.851,218,4050.8,2305.7,74.5,220
28.0833,1332.42,3967.7,2085.7,53.5,0.224,312,4153.3,2336.5,260.0,72
28.1000,1333.25,3941.9,2077.3,55.0,0.154,278,4101.4,2305.0,260.0,72
28.1167,1334.08,3911.7,2067.6,101.0,0.404,242,3865.5,2305.2,101.5,152
28.1333,1334.92,3886.5,2059.9,99.0,0.755,248,3847.7,2304.8,99.0,208
28.1500,1335.75,3855.0,2050.6,92.0,0.962,254,3846.1,2304.5,92.0,244
28.1667,1336.58,3828.9,2044.0,57.0,0.127,312,3998.8,2305.7,83.5,86
28.1833,1337.42,3802.8,2038.5,56.5,0.123,320,3979.4,2305.3,77.5,74
28.2000,1338.25,3774.7,2033.2,50.5,0.078,352,3998.6,2304.8,260.0,72
28.2167,1339.08,3747.8,2028.7,124.5,0.310,102,3690.1,2112.8,260.0,72
28.2333,1339.92,3716.3,2025.0,112.0,0.400,94,3681.0,2112.1,261.5,72
28.2500,1340.75,3692.9,2022.7,110.0,0.093,130,3648.5,2144.9,57.5,72
28.2667,1341.58,3667.9,2020.8,181.5,0.056,186,3482.0,2015.9,260.0,72
28.2833,1342.42,3641.3,2019.2,226.0,0.150,84,3583.0,1958.8,259.5,64
28.3000,1343.25,3613.2,2018.4,83.5,0.845,160,3631.4,2177.4,82.5,148
28.3167,1344.08,3583.7,2018.8,73.0,0.902,166,3632.3,2177.5,74.0,174
28.3333,1344.92,3560.1,2019.4,67.5,0.889,170,3625.1,2176.5,65.5,180
28.3500,1345.75,3536.0,2022.1,61.5,0.879,176,3620.0,2176.8,59.5,188
28.3667,1346.58,3507.3,2029.4,182.0,0.061,372,3135.6,2016.4,247.5,86
28.3833,1347.42,3476.7,2038.5,241.5,0.134,208,3377.5,1855.7,262.5,86
28.4000,1348.25,3447.1,2047.3,258.0,0.376,262,3392.6,1791.1,306.5,84
28.4167,1349.08,3419.8,2055.4,257.5,0.321,206,3375.2,1854.3,260.0,72
28.4333,1349.92,3394.5,2062.8,269.5,0.298,272,3392.2,1790.8,95.5,64
28.4500,1350.75,3361.4,2073.4,255.0,0.328,160,3320.0,1918.9,260.0,72
28.4667,1351.58,3330.9,2083.5,282.5,0.337,234,3381.5,1855.1,260.0,72
28.4833,1352.42,3301.5,2093.6,259.0,0.343,178,3267.5,1918.9,260.0,72
28.5000,1353.25,3273.4,2103.5,252.0,0.732,126,3234.4,1983.7,250.0,130
28.5167,1354.08,3248.3,2112.4,256.0,0.933,134,3215.8,1982.4,256.0,134
28.5333,1354.92,3213.8,2122.1,223.0,0.273,110,3133.4,2047.1,256.5,64
28.5500,1355.75,3186.9,2130.6,239.5,0.345,102,3135.2,2042.7,260.0,72
28.5667,1356.58,3156.5,2138.5,247.5,0.296,98,3119.0,2048.0,265.5,70
28.5833,1357.42,3128.2,2145.3,245.5,0.375,108,3083.4,2047.0,261.0,70
28.6000,1358.25,3101.0,2151.2,258.0,0.355,106,3079.0,2047.5,258.0,70
28.6167,1359.08,3068.1,2157.3,250.5,0.524,86,3039.4,2076.2,260.5,72
28.6333,1359.92,3041.6,2162.5,260.0,0.450,84,3027.1,2079.8,261.5,72
28.6500,1360.75,3007.3,2168.7,267.5,1.000,90,3003.3,2078.8,266.0,90
28.6667,1361.58,2979.5,2173.2,281.5,1.000,96,2998.7,2079.1,282.0,96
28.6833,1362.42,2951.4,2177.3,230.0,0.381,86,2896.1,2111.5,259.5,64
28.7000,1363.25,2920.6,2182.0,231.5,0.391,90,2864.5,2111.5,92.0,114
28.7167,1364.08,2891.3,2186.6,239.0,0.227,88,2846.0,2111.2,83.5,86
28.7333,1364.92,2855.8,2191.5,250.5,0.333,86,2827.1,2110.4,44.0,130
28.7500,1365.75,2829.7,2191.5,250.5,0.286,86,2801.0,2110.5,260.0,72
28.7667,1366.58,2799.7,2185.1,235.0,0.304,90,2748.1,2111.4,260.0,72
28.7833,1367.42,2766.7,2175.6,30.5,0.346,96,2849.4,2224.3,256.5,64
28.8000,1368.25,2731.4,2165.4,252.5,0.478,90,2704.3,2079.5,105.5,146
28.8167,1369.08,2694.2,2155.2,261.5,0.485,110,2677.9,2046.4,101.0,222
28.8333,1369.92,2663.8,2147.1,100.0,0.794,258,2619.0,2401.2,99.5,270
28.8500,1370.75,2633.5,2139.5,94.0,0.798,262,2615.2,2400.8,94.0,274
28.8667,1371.58,2598.7,2131.6,85.0,0.770,270,2622.3,2400.6,84.5,284
28.8833,1372.42,2562.9,2124.0,269.5,0.284,206,2561.1,1918.0,257.5,62
28.9000,1373.25,2528.7,2117.1,170.0,0.229,262,2270.7,2162.6,187.5,66
28.9167,1374.08,2497.0,2111.0,271.0,0.676,192,2500.4,1919.0,273.0,136
28.9333,1374.92,2469.0,2105.9,276.0,0.792,188,2488.7,1918.9,273.0,194
28.9500,1375.75,2431.0,2099.1,285.5,0.873,186,2480.7,1919.9,285.5,196
28.9667,1376.58,2395.8,2091.6,295.0,0.808,190,2476.1,1919.4,293.0,200
28.9833,1377.42,2361.9,2084.3,173.5,0.327,246,2117.5,2112.2,259.5,72
29.0000,1378.25,2329.8,2077.9,170.5,0.500,208,2124.7,2112.2,256.5,66
29.0167,1379.08,2301.4,2072.1,173.0,0.481,256,2047.3,2103.3,235.0,68
29.0333,1379.92,2261.4,2065.3,169.5,0.471,218,2047.1,2105.0,235.0,68
29.0500,1380.75,2230.1,2060.0,169.5,0.493,186,2047.2,2093.9,235.0,68
29.0667,1381.58,2195.2,2054.5,173.5,0.319,226,1970.6,2080.1,235.0,68
29.0833,1382.42,2162.7,2049.7,170.0,0.439,176,1989.4,2080.2,235.0,68
29.1000,1383.25,2132.0,2045.4,169.0,0.507,182,1953.3,2080.1,235.0,68
29.1167,1384.08,2095.6,2040.8,169.0,0.519,206,1893.4,2080.1,235.0,68
29.1333,1384.92,2065.3,2037.3,169.0,0.456,224,1845.4,2080.1,235.0,68
29.1500,1385.75,2027.1,2033.4,169.0,0.416,246,1785.6,2080.3,235.0,68
29.1667,1386.58,1996.0,2030.2,168.0,0.286,240,1761.3,2080.1,287.0,64
29.1833,1387.42,1964.4,2027.4,288.0,0.194,168,2016.4,1867.6,301.5,66
29.2000,1388.25,1929.9,2024.9,302.5,0.100,164,2018.0,1886.6,301.5,66
29.2167,1389.08,1896.9,2022.6,285.5,0.048,374,1996.9,1662.2,294.5,66
29.2333,1389.92,1857.1,2020.5,287.0,0.048,374,1966.4,1662.9,301.5,66
29.2500,1390.75,1828.1,2019.4,285.5,0.055,370,1927.0,1662.9,294.5,66
29.2667,1391.58,1796.9,2018.5,252.0,0.048,374,1681.3,1662.8,348.5,60
29.2833,1392.42,1763.2,2017.8,146.0,0.077,226,1575.9,2144.1,222.5,130
29.3000,1393.25,1727.9,2017.4,195.5,0.037,366,1375.3,1919.6,228.0,104
29.3167,1394.08,1691.5,2017.3,192.5,0.058,356,1344.0,1940.3,262.0,98
29.3333,1394.92,1662.0,2017.8,187.5,0.071,354,1311.0,1971.6,273.5,98
29.3500,1395.75,1631.4,2018.2,293.0,0.150,84,1664.2,1940.9,308.0,88
29.3667,1396.58,1596.7,2018.9,264.5,0.106,326,1565.5,1694.4,167.5,62
29.3833,1397.42,1561.0,2020.4,185.5,0.086,348,1214.6,1987.0,167.0,66
29.4000,1398.25,1526.8,2022.3,183.5,0.157,312,1215.4,2003.3,167.5,62
29.4167,1399.08,1495.3,2024.2,278.5,0.223,268,1534.9,1759.2,167.0,66
29.4333,1399.92,1467.1,2025.5,281.5,0.211,272,1521.3,1758.9,167.0,66
29.4500,1400.75,1429.5,2028.8,284.0,0.238,212,1480.8,1823.1,167.0,66
29.4667,1401.58,1395.0,2032.1,285.0,0.243,184,1442.6,1854.4,172.0,60
29.4833,1402.42,1361.4,2035.4,258.0,0.429,86,1343.6,1951.3,259.0,72
29.5000,1403.25,1329.1,2038.9,291.0,0.667,128,1375.0,1919.4,284.5,92
29.5167,1404.08,1300.5,2042.6,292.0,0.815,98,1337.2,1951.7,291.0,132
29.5333,1404.92,1261.3,2047.1,202.0,0.450,84,1183.4,2015.6,248.0,70
29.5500,1405.75,1229.6,2049.6,321.0,0.152,308,1469.0,1855.8,292.0,72
29.5667,1406.58,1194.4,2053.7,205.5,0.318,88,1115.0,2015.8,202.0,58
29.5833,1407.42,1161.3,2060.1,206.0,0.276,102,1069.7,2015.4,203.0,60
29.6000,1408.25,1129.4,2068.5,215.0,0.417,92,1054.0,2015.7,211.5,62
29.6167,1409.08,1091.0,2077.3,312.0,0.800,84,1147.3,2014.9,309.0,82
29.6333,1409.92,1059.5,2083.2,319.0,0.967,104,1138.0,2015.0,319.0,106
29.6500,1410.75,1019.6,2090.9,299.5,0.909,88,1063.0,2014.3,298.5,88
29.6667,1411.58,987.0,2097.8,108.5,0.200,84,960.3,2177.5,301.0,98
29.6833,1412.42,953.9,2104.9,111.0,0.118,180,889.4,2272.9,299.0,66
29.7000,1413.25,918.0,2111.9,37.0,0.031,108,1004.2,2176.9,301.0,78
29.7167,1414.08,883.4,2117.9,304.0,0.857,86,931.5,2046.6,301.5,84
29.7333,1414.92,842.6,2124.5,305.5,0.692,96,898.3,2046.4,259.5,72
29.7500,1415.75,811.7,2130.9,306.0,0.600,104,872.9,2046.8,259.5,72
29.7667,1416.58,779.1,2137.2,124.0,0.857,86,731.0,2208.5,123.0,88
29.7833,1417.42,744.5,2144.3,304.5,0.324,118,811.4,2047.0,98.0,66
29.8000,1418.25,708.2,2152.6,305.0,0.286,128,781.7,2047.8,69.5,60
29.8167,1419.08,670.6,2162.3,33.5,0.700,84,740.6,2208.7,34.0,78
29.8333,1419.92,640.4,2171.2,21.5,1.000,102,735.3,2208.6,22.0,102
29.8500,1420.75,609.3,2180.0,14.0,0.972,116,721.9,2208.0,12.0,124
29.8667,1421.58,575.0,2190.8,46.5,0.231,96,641.1,2260.4,46.5,58
29.8833,1422.42,539.4,2202.7,54.5,0.184,120,609.1,2300.4,53.5,58
29.9000,1423.25,505.1,2215.0,66.5,0.661,168,572.1,2369.1,65.5,146
29.9167,1424.08,473.5,2227.2,171.0,0.111,188,287.8,2256.6,111.0,86
29.9333,1424.92,445.9,2238.6,167.5,0.171,196,254.6,2281.0,49.0,180
29.9500,1425.75,411.1,2254.4,166.5,0.500,160,255.5,2291.8,33.0,90
29.9667,1426.58,387.2,2269.6,165.0,0.365,170,223.0,2313.6,44.5,88
29.9833,1427.42,369.5,2285.1,165.0,0.444,152,222.7,2324.4,26.5,80
30.0000,1428.25,354.2,2300.7,164.5,0.349,170,190.4,2346.1,13.0,98
30.0167,1429.08,341.5,2314.9,165.0,0.321,156,190.8,2355.3,125.5,60
30.0333,1429.92,326.3,2335.9,163.0,0.306,142,190.5,2377.4,259.5,72
30.0500,1430.75,314.5,2353.0,162.5,0.372,130,190.5,2392.1,259.5,72
30.0667,1431.58,303.3,2372.1,48.5,0.891,172,417.3,2500.9,49.5,182
30.0833,1432.42,294.3,2390.0,44.5,0.859,172,417.0,2510.6,45.5,182
30.1000,1433.25,287.1,2408.0,39.5,0.871,168,416.8,2514.9,40.0,176
30.1167,1434.08,279.0,2430.9,31.5,0.847,162,417.2,2515.6,30.5,168
30.1333,1434.92,272.3,2450.3,23.5,0.842,158,417.2,2513.3,23.0,162
30.1500,1435.75,266.6,2474.8,14.0,0.836,154,416.0,2512.1,14.0,160
30.1667,1436.58,263.2,2495.5,7.0,0.818,154,416.1,2514.3,6.5,158
30.1833,1437.42,260.3,2517.2,152.0,0.371,114,159.6,2570.7,294.0,66
30.2000,1438.25,256.8,2541.1,150.5,0.618,112,159.3,2596.2,151.0,62
30.2167,1439.08,253.1,2564.3,42.5,0.478,178,384.3,2684.5,42.5,124
30.2333,1439.92,248.7,2593.0,39.5,0.924,176,384.5,2705.0,39.0,176
30.2500,1440.75,246.7,2614.6,37.0,0.875,172,384.1,2718.1,35.0,174
30.2667,1441.58,243.9,2638.1,30.0,0.898,162,384.2,2719.1,29.5,166
30.2833,1442.42,241.4,2663.5,19.5,0.907,152,384.7,2714.3,18.0,154
30.3000,1443.25,240.3,2690.5,9.0,0.843,146,384.5,2713.4,12.0,148
30.3167,1444.08,240.7,2719.0,356.5,0.920,144,384.4,2710.2,356.5,146
30.3333,1444.92,242.2,2741.5,349.5,0.843,146,385.7,2714.9,347.0,148
30.3500,1445.75,245.8,2766.5,340.5,0.904,148,385.3,2717.1,339.5,152
30.3667,1446.58,254.2,2798.1,325.0,0.897,160,385.3,2706.4,324.5,160
30.3833,1447.42,265.6,2831.6,318.5,0.931,160,385.4,2725.5,315.0,170
30.4000,1448.25,278.1,2862.9,305.0,0.944,186,384.8,2710.5,303.5,192
30.4167,1449.08,291.1,2890.9,297.5,0.899,202,384.4,2711.7,296.0,204
30.4333,1449.92,302.3,2914.6,291.5,0.900,224,384.4,2706.2,290.5,226
30.4500,1450.75,319.1,2945.0,285.0,0.971,252,384.3,2701.6,283.0,254
30.4667,1451.58,335.4,2968.4,282.0,0.979,234,384.0,2739.5,280.0,268
30.4833,1452.42,351.7,2982.7,277.0,0.982,266,384.1,2718.6,276.5,284
30.5000,1453.25,367.7,2986.5,169.5,0.189,118,251.6,3008.0,127.0,82
30.5167,1454.08,382.5,2979.0,111.5,0.350,84,351.7,3057.1,261.5,64
30.5333,1454.92,403.4,2965.9,259.5,0.455,88,387.4,2879.4,259.5,72
30.5500,1455.75,422.8,2952.1,122.0,0.222,134,351.7,3065.8,259.5,72
30.5667,1456.58,444.5,2936.6,222.5,0.617,300,223.3,2733.9,222.0,204
30.5833,1457.42,464.7,2922.2,259.5,0.500,92,447.9,2831.7,259.5,72
30.6000,1458.25,483.4,2908.1,244.5,0.350,84,447.3,2832.3,259.5,72
30.6167,1459.08,504.8,2890.6,226.5,0.500,84,447.0,2829.7,220.5,80
30.6333,1459.92,522.5,2875.9,211.0,1.000,88,447.1,2830.6,218.0,98
30.6500,1460.75,542.5,2855.3,208.0,1.000,108,447.2,2804.6,213.5,120
30.6667,1461.58,558.0,2837.5,210.5,1.000,128,447.7,2772.6,209.0,130
30.6833,1462.42,572.6,2819.0,207.5,0.980,142,446.7,2753.5,207.0,142
30.7000,1463.25,587.6,2798.8,199.0,0.808,148,447.6,2750.6,192.5,66
30.7167,1464.08,600.6,2779.2,196.0,0.948,160,446.8,2735.1,198.0,166
30.7333,1464.92,616.0,2754.7,161.5,0.075,178,447.2,2811.2,261.5,62
30.7500,1465.75,626.5,2737.1,214.0,0.149,178,478.9,2637.5,214.0,66
30.7667,1466.58,638.1,2718.6,166.0,0.079,196,448.0,2766.0,59.0,56
30.7833,1467.42,650.7,2699.1,64.5,0.526,272,767.8,2944.6,63.5,202
30.8000,1468.25,663.9,2678.7,65.5,0.806,292,785.0,2944.4,65.0,262
30.8167,1469.08,677.9,2657.6,68.0,0.947,310,794.0,2945.0,67.0,316
30.8333,1469.92,689.0,2641.4,71.5,0.981,250,768.3,2878.5,70.0,326
30.8500,1470.75,701.7,2625.5,73.5,0.989,234,768.1,2849.9,74.0,326
30.8667,1471.58,716.2,2608.3,77.5,0.917,92,736.1,2698.1,78.0,88
30.8833,1472.42,731.1,2591.4,315.5,0.124,366,992.1,2334.9,80.0,78
30.9000,1473.25,745.3,2576.1,316.5,0.150,350,999.2,2335.1,263.0,70
30.9167,1474.08,759.0,2562.2,323.0,0.120,376,1059.3,2335.9,63.5,64
30.9333,1474.92,772.0,2550.6,287.5,0.088,226,840.0,2335.1,77.5,64
30.9500,1475.75,788.8,2536.1,290.0,0.094,214,862.0,2335.0,57.0,62
30.9667,1476.58,805.0,2523.5,291.5,0.101,202,879.0,2335.6,263.0,70
30.9833,1477.42,820.9,2512.0,292.0,0.110,190,892.1,2335.8,81.5,64
31.0000,1478.25,836.3,2501.1,263.0,0.081,168,815.8,2334.3,263.0,70
31.0167,1479.08,850.1,2491.6,296.5,0.123,174,927.7,2335.9,81.0,64
31.0333,1479.92,869.2,2479.1,297.0,0.169,162,942.7,2334.7,263.0,70
31.0500,1480.75,883.9,2469.4,300.5,0.179,156,963.1,2335.0,257.5,56
31.0667,1481.58,900.0,2459.2,300.0,0.180,144,972.0,2334.5,261.5,64
31.0833,1482.42,915.1,2450.1,302.5,0.239,136,988.1,2335.4,263.0,70
31.1000,1483.25,929.9,2441.7,302.0,0.439,126,996.7,2334.8,263.0,70
31.1167,1484.08,947.9,2431.9,303.0,0.667,116,1011.0,2334.6,301.5,76
31.1333,1484.92,962.4,2424.3,261.0,0.478,90,948.3,2335.4,260.5,72
31.1500,1485.75,980.1,2414.8,304.5,0.692,96,1034.5,2335.7,259.0,72
31.1667,1486.58,994.8,2407.4,305.0,0.864,88,1045.3,2335.3,303.5,86
31.1833,1487.42,1009.6,2400.4,308.5,0.450,84,1061.9,2334.7,303.5,78
31.2000,1488.25,1025.6,2393.3,88.5,0.758,168,1030.0,2561.3,88.5,160
31.2167,1489.08,1041.1,2387.3,214.0,0.250,92,964.9,2335.9,291.5,62
31.2333,1489.92,1060.6,2380.8,212.5,0.350,84,989.7,2335.7,197.5,62
31.2500,1490.75,1074.4,2376.3,208.5,0.381,86,998.8,2335.3,201.0,66
31.2667,1491.58,1090.3,2372.8,199.5,0.029,112,984.7,2335.5,146.5,54
31.2833,1492.42,1109.2,2371.6,205.5,0.650,84,1033.4,2335.4,205.0,70
31.3000,1493.25,1131.0,2372.8,204.5,0.696,90,1049.1,2335.5,146.5,58
31.3167,1494.08,1154.9,2375.3,332.0,0.500,84,1229.1,2335.9,336.5,66
31.3333,1494.92,1174.2,2377.6,331.0,0.476,86,1249.4,2335.9,336.5,66
31.3500,1495.75,1194.4,2380.1,328.5,0.476,86,1267.7,2335.1,336.5,66
31.3667,1496.58,1217.6,2381.8,328.5,0.455,88,1292.6,2335.8,336.5,66
31.3833,1497.42,1241.3,2383.2,325.0,0.450,84,1310.2,2335.0,336.5,66
31.4000,1498.25,1263.7,2384.7,324.0,0.550,84,1331.6,2335.3,315.0,66
31.4167,1499.08,1283.9,2386.2,193.0,0.144,224,1065.7,2335.8,306.0,64
31.4333,1499.92,1302.2,2386.5,322.5,0.250,84,1368.8,2335.3,314.0,66
31.4500,1500.75,1326.7,2386.6,322.5,0.600,84,1393.3,2335.4,319.0,68
31.4667,1501.58,1349.0,2387.1,190.0,0.095,296,1057.5,2335.7,47.5,62
31.4833,1502.42,1370.9,2388.0,91.0,0.750,172,1367.8,2560.0,91.0,164
31.5000,1503.25,1392.0,2389.3,95.5,0.797,172,1375.5,2560.5,93.5,174
31.5167,1504.08,1410.8,2391.1,101.0,0.815,174,1377.6,2561.9,101.0,176
31.5333,1504.92,1435.7,2395.6,313.5,0.050,84,1493.5,2334.6,299.5,52
31.5500,1505.75,1457.4,2404.6,303.5,0.200,84,1503.8,2334.5,290.0,76
31.5667,1506.58,1481.7,2415.6,290.0,0.711,120,1522.7,2302.9,259.0,72
31.5833,1507.42,1504.0,2426.0,290.0,0.465,130,1548.4,2303.8,109.5,54
31.6000,1508.25,1525.3,2436.1,287.5,0.292,140,1567.4,2302.6,261.5,72
31.6167,1509.08,1551.1,2448.7,220.0,0.167,176,1416.3,2335.6,261.5,64
31.6333,1509.92,1571.8,2459.5,302.5,0.185,292,1728.7,2213.2,261.5,64
31.6500,1510.75,1598.6,2473.8,98.0,0.364,88,1586.3,2560.9,97.5,64
31.6667,1511.58,1619.8,2486.0,116.0,0.250,84,1583.0,2561.5,97.0,64
31.6833,1512.42,1640.9,2499.1,160.5,0.357,184,1467.5,2560.5,97.0,64
31.7000,1513.25,1663.8,2513.7,160.0,0.804,136,1536.0,2560.2,166.0,110
31.7167,1514.08,1685.5,2527.8,166.5,0.787,138,1551.3,2560.1,162.5,76
31.7333,1514.92,1712.4,2545.3,161.5,0.762,86,1630.9,2572.5,304.5,140
31.7500,1515.75,1731.8,2558.6,160.0,0.704,98,1639.7,2592.1,303.0,196
31.7667,1516.58,1753.3,2572.9,298.5,0.642,234,1864.9,2367.3,162.5,74
31.7833,1517.42,1776.8,2587.6,164.5,0.850,84,1695.9,2610.1,162.5,90
31.8000,1518.25,1801.9,2601.5,287.5,0.772,246,1875.8,2366.9,287.0,248
31.8167,1519.08,1828.4,2613.8,158.5,0.469,108,1727.9,2653.3,279.5,256
31.8333,1519.92,1851.1,2621.3,159.5,0.318,132,1727.5,2667.6,276.0,260
31.8500,1520.75,1872.2,2615.2,160.5,0.255,154,1727.1,2666.6,291.5,98
31.8667,1521.58,1897.5,2609.2,162.5,0.164,178,1727.7,2662.8,270.0,146
31.8833,1522.42,1923.6,2606.1,267.5,0.700,84,1919.9,2522.1,256.5,100
31.9000,1523.25,1948.3,2605.0,251.0,0.955,88,1919.7,2521.8,255.0,138
31.9167,1524.08,1971.6,2603.8,188.0,0.429,86,1886.4,2591.9,189.5,92
31.9333,1524.92,1991.1,2602.2,210.5,0.450,84,1918.8,2559.5,209.5,66
31.9500,1525.75,2019.0,2601.2,279.0,0.338,186,2048.1,2417.5,229.5,62
31.9667,1526.58,2044.4,2600.4,279.5,0.292,140,2067.5,2462.3,229.5,62
31.9833,1527.42,2068.6,2599.8,278.5,0.319,138,2089.0,2463.3,229.5,62
32.0000,1528.25,2091.7,2599.6,275.5,0.298,138,2104.9,2462.2,180.0,66
32.0167,1529.08,2112.3,2599.7,94.0,0.870,90,2106.0,2689.5,94.0,88
32.0333,1529.92,2140.5,2601.1,113.5,1.000,96,2102.2,2689.1,116.5,98
32.0500,1530.75,2162.7,2603.3,123.5,1.000,102,2106.4,2688.4,125.0,104
32.0667,1531.58,2187.0,2606.5,136.5,0.974,120,2100.0,2689.1,138.5,122
32.0833,1532.42,2209.7,2610.1,275.0,0.269,148,2222.6,2462.7,263.0,64
32.1000,1533.25,2231.0,2614.3,274.5,0.259,152,2242.9,2462.8,263.0,64
32.1167,1534.08,2255.2,2619.6,274.0,0.246,158,2266.3,2462.0,263.0,64
32.1333,1534.92,2274.6,2624.1,164.0,0.472,116,2163.1,2656.0,263.0,64
32.1500,1535.75,2298.0,2631.6,110.0,0.962,96,2265.2,2721.8,110.5,98
32.1667,1536.58,2315.9,2638.4,122.0,0.963,98,2263.9,2721.6,122.0,102
32.1833,1537.42,2333.5,2646.2,133.5,0.966,102,2263.3,2720.1,131.5,106
32.2000,1538.25,2352.5,2654.9,163.0,0.378,118,2239.6,2689.4,101.5,64
32.2167,1539.08,2369.4,2663.6,162.5,0.435,136,2239.7,2704.5,100.5,60
32.2333,1539.92,2390.4,2674.8,107.5,0.667,182,2335.7,2848.4,106.0,136
32.2500,1540.75,2407.1,2684.2,110.5,0.924,176,2345.5,2849.0,109.5,176
32.2667,1541.58,2423.7,2695.0,114.5,0.857,170,2353.2,2849.7,113.5,176
32.2833,1542.42,2440.7,2707.3,124.5,0.797,172,2343.3,2849.1,123.0,170
32.3000,1543.25,2457.9,2722.2,128.5,0.797,162,2357.1,2849.0,128.5,170
32.3167,1544.08,2474.3,2741.5,140.0,0.820,166,2347.1,2848.2,141.0,170
32.3333,1544.92,2487.4,2762.4,162.0,0.259,160,2335.2,2811.9,86.5,64
32.3500,1545.75,2499.2,2785.1,162.0,0.344,172,2335.6,2838.3,86.5,64
32.3667,1546.58,2514.0,2812.0,161.0,0.357,156,2366.5,2862.7,263.5,60
32.3833,1547.42,2529.3,2840.5,132.0,0.784,146,2431.6,2949.0,132.0,136
32.4000,1548.25,2543.3,2868.6,141.0,0.820,144,2431.4,2959.2,140.5,150
32.4167,1549.08,2555.6,2894.8,161.0,0.426,152,2411.9,2944.3,281.0,68
32.4333,1549.92,2565.7,2918.1,269.5,0.310,328,2562.8,2590.1,281.0,68
32.4500,1550.75,2580.6,2950.2,159.5,0.431,160,2430.7,3006.2,259.5,72
32.4667,1551.58,2594.0,2979.4,160.0,0.354,140,2462.5,3027.2,259.5,72
32.4833,1552.42,2607.5,3007.6,268.5,0.603,160,2603.3,2847.6,263.0,138
32.5000,1553.25,2621.1,3034.9,268.0,0.569,188,2614.5,2847.0,326.5,66
32.5167,1554.08,2633.4,3059.2,264.0,0.529,214,2611.0,2846.4,324.0,64
32.5333,1554.92,2651.1,3091.4,295.0,0.682,88,2688.3,3011.6,289.5,70
32.5500,1555.75,2666.7,3115.4,282.0,1.000,104,2688.3,3013.6,281.5,104
32.5667,1556.58,2683.0,3142.0,268.0,0.500,168,2677.1,2974.1,259.5,72
32.5833,1557.42,2697.8,3166.8,265.5,0.473,192,2682.8,2975.4,262.0,122
32.6000,1558.25,2712.5,3190.7,351.5,0.618,154,2864.8,3168.0,353.0,124
32.6167,1559.08,2730.6,3219.9,346.5,0.855,154,2880.3,3183.9,345.0,160
32.6333,1559.92,2745.1,3243.9,336.0,0.865,148,2880.3,3183.7,338.0,152
32.6500,1560.75,2762.5,3275.7,322.0,0.887,150,2880.7,3183.4,321.5,156
32.6667,1561.58,2778.1,3300.8,311.0,0.911,156,2880.5,3183.1,311.0,158
32.6833,1562.42,2795.5,3324.8,303.5,0.855,154,2880.5,3196.4,304.0,168
32.7000,1563.25,2815.3,3349.8,291.0,0.797,182,2880.5,3179.9,290.0,184
32.7167,1564.08,2834.6,3372.5,284.5,0.855,182,2880.2,3196.3,283.0,196
32.7333,1564.92,2856.9,3396.7,276.5,0.815,206,2880.2,3192.0,275.5,222
32.7500,1565.75,2874.9,3413.1,270.5,0.822,246,2877.1,3167.1,270.5,236
32.7667,1566.58,2894.8,3429.3,267.5,0.839,230,2884.8,3199.5,267.5,252
32.7833,1567.42,2916.0,3445.4,261.5,0.882,282,2874.4,3166.4,260.5,284
32.8000,1568.25,2938.2,3461.4,157.0,0.170,232,2724.7,3552.0,357.0,66
32.8167,1569.08,2961.1,3478.4,156.5,0.507,186,2790.6,3552.6,260.0,72
32.8333,1569.92,2979.4,3492.4,156.5,0.500,180,2814.3,3564.2,35.5,64
32.8500,1570.75,2998.2,3502.5,37.0,0.450,84,3065.3,3553.1,260.0,72
32.8667,1571.58,3020.9,3501.3,158.0,0.391,136,2894.8,3552.3,252.0,64
32.8833,1572.42,3044.5,3493.5,158.0,0.421,158,2898.0,3552.7,235.0,176
32.9000,1573.25,3066.9,3483.8,157.0,0.439,176,2904.9,3552.6,231.5,264
32.9167,1574.08,3087.3,3474.5,233.0,0.513,344,2880.2,3199.8,231.5,322
32.9333,1574.92,3104.8,3465.6,230.5,0.894,346,2884.8,3198.6,229.0,364
32.9500,1575.75,3127.3,3451.5,226.0,0.889,350,2884.2,3199.7,224.5,374
32.9667,1576.58,3146.6,3437.6,222.0,0.936,356,2882.1,3199.4,221.5,376
32.9833,1577.42,3164.2,3423.3,218.5,0.886,360,2882.5,3199.2,217.0,380
33.0000,1578.25,3180.4,3408.8,215.5,0.892,360,2887.3,3199.8,214.0,380
33.0167,1579.08,3194.0,3395.2,213.0,0.937,360,2892.1,3199.2,211.5,380
33.0333,1579.92,3211.1,3375.5,208.5,0.920,368,2887.7,3199.9,207.0,380
33.0500,1580.75,3222.4,3359.0,206.0,0.919,364,2895.2,3199.5,204.5,380
33.0667,1581.58,3234.8,3340.0,202.0,0.915,374,2888.0,3199.9,200.5,380
33.0833,1582.42,3245.2,3322.2,199.5,0.951,368,2898.3,3199.4,198.0,380
33.1000,1583.25,3253.4,3303.6,196.0,0.861,376,2892.0,3200.0,252.0,50
33.1167,1584.08,3262.1,3277.0,254.5,0.495,234,3199.5,3051.5,255.5,60
33.1333,1584.92,3267.9,3245.0,73.0,0.591,88,3293.6,3329.2,255.5,60
33.1500,1585.75,3274.4,3201.7,253.5,0.367,262,3199.9,2950.5,255.5,60
33.1667,1586.58,3279.4,3166.5,254.5,0.307,298,3199.8,2879.3,255.5,60
33.1833,1587.42,3284.9,3131.2,180.0,0.238,86,3198.9,3131.2,255.5,60
33.2000,1588.25,3291.0,3093.1,176.5,0.208,92,3199.2,3098.7,260.0,72
33.2167,1589.08,3296.9,3057.2,174.5,0.222,98,3199.3,3066.6,255.5,60
33.2333,1589.92,3303.6,3013.7,251.0,0.196,320,3199.4,2711.1,255.5,60
33.2500,1590.75,3309.2,2982.3,250.5,0.197,328,3199.7,2673.1,13.5,60
33.2667,1591.58,3315.6,2948.5,33.0,0.860,130,3424.6,3019.3,33.5,132
33.2833,1592.42,3322.7,2912.9,49.0,0.893,156,3425.0,3030.6,49.0,158
33.3000,1593.25,3330.9,2876.5,57.0,0.875,172,3424.6,3020.7,57.0,178
33.3167,1594.08,3341.0,2839.5,66.5,0.867,210,3424.7,3032.1,67.5,206
33.3333,1594.92,3350.0,2810.3,167.0,0.218,154,3199.9,2845.0,355.0,66
33.3500,1595.75,3359.3,2781.1,42.0,0.455,88,3424.7,2840.0,41.5,64
33.3667,1596.58,3370.4,2748.5,52.0,0.409,88,3424.6,2817.8,58.5,64
33.3833,1597.42,3382.1,2715.2,60.0,0.450,84,3424.1,2788.0,58.5,64
33.4000,1598.25,3393.4,2683.7,255.5,0.202,262,3327.8,2430.1,259.5,64
33.4167,1599.08,3404.2,2655.3,76.5,1.000,86,3424.3,2738.9,79.5,108
33.4333,1599.92,3414.9,2631.3,85.5,0.944,116,3424.0,2746.9,86.5,132
33.4500,1600.75,3429.1,2599.5,358.5,0.268,156,3585.1,2595.4,260.0,72
33.4667,1601.58,3442.7,2571.4,258.0,0.227,176,3406.1,2399.3,260.0,72
33.4833,1602.42,3456.5,2545.3,79.0,0.869,166,3488.1,2708.3,79.5,172
33.5000,1603.25,3470.2,2521.0,83.5,0.873,170,3489.5,2689.9,84.0,192
33.5167,1604.08,3482.9,2501.8,259.5,0.200,104,3463.9,2399.5,61.5,56
33.5333,1604.92,3500.8,2488.3,259.5,0.435,90,3484.4,2399.8,261.5,72
33.5500,1605.75,3515.8,2479.6,256.0,0.400,84,3495.5,2398.1,257.5,70
33.5667,1606.58,3532.7,2470.4,80.0,0.824,112,3552.1,2580.7,82.0,212
33.5833,1607.42,3548.6,2462.0,84.5,0.857,100,3558.2,2561.6,87.5,138
33.6000,1608.25,3563.8,2454.5,213.0,0.276,102,3478.3,2399.0,77.5,64
33.6167,1609.08,3581.4,2445.9,290.5,0.250,84,3610.9,2367.2,260.5,58
33.6333,1609.92,3596.9,2439.4,202.0,0.226,106,3498.6,2399.7,257.0,72
33.6500,1610.75,3616.5,2433.6,90.5,0.810,160,3615.1,2593.6,93.0,166
33.6667,1611.58,3635.0,2433.1,97.5,0.831,162,3613.9,2593.7,97.5,184
33.6833,1612.42,3655.4,2435.6,105.0,0.763,162,3613.4,2592.0,105.0,168
33.7000,1613.25,3677.5,2438.9,221.5,0.438,108,3596.6,2367.3,180.0,76
33.7167,1614.08,3698.6,2442.4,219.5,0.405,118,3607.5,2367.3,257.0,64
33.7333,1614.92,3724.1,2448.1,216.0,0.426,138,3612.4,2367.0,260.0,72
33.7500,1615.75,3743.5,2452.5,214.0,0.382,154,3615.8,2366.4,260.0,72
33.7667,1616.58,3762.8,2458.0,212.5,0.333,176,3614.4,2363.4,260.0,70
33.7833,1617.42,3783.5,2464.6,119.0,0.879,110,3730.1,2560.8,117.0,106
33.8000,1618.25,3805.8,2472.3,253.5,0.362,276,3727.5,2207.7,260.0,72
33.8167,1619.08,3829.1,2481.0,193.0,0.201,362,3476.4,2399.6,260.0,72
33.8333,1619.92,3847.4,2489.3,242.5,0.234,138,3783.7,2366.9,260.0,72
33.8500,1620.75,3865.2,2497.5,242.5,0.231,148,3796.8,2366.2,260.0,72
33.8667,1621.58,3886.0,2507.7,169.0,0.265,308,3583.6,2566.5,82.0,64
33.8833,1622.42,3907.6,2519.0,107.5,0.780,144,3864.3,2656.4,108.0,136
33.9000,1623.25,3928.3,2530.5,249.5,0.169,174,3867.4,2367.5,259.5,64
33.9167,1624.08,3947.9,2541.4,251.0,0.157,184,3888.0,2367.4,259.5,64
33.9333,1624.92,3964.5,2551.5,251.0,0.197,196,3900.7,2366.2,260.0,72
33.9500,1625.75,3987.5,2565.5,252.0,0.171,208,3923.2,2367.7,260.0,72
33.9667,1626.58,4008.3,2578.7,251.5,0.244,224,3937.2,2366.3,260.0,72
33.9833,1627.42,4028.3,2591.9,171.0,0.198,206,3824.8,2624.1,260.0,72
34.0000,1628.25,4047.7,2604.7,170.0,0.214,212,3838.9,2641.5,260.0,72
34.0167,1629.08,4065.4,2616.4,263.5,0.204,250,4037.1,2368.0,260.0,72
34.0333,1629.92,4088.4,2632.9,263.5,0.259,268,4058.1,2366.7,260.0,72
34.0500,1630.75,4107.4,2646.4,259.5,0.208,284,4055.7,2367.2,259.5,64
34.0667,1631.58,4127.6,2662.1,109.0,0.636,198,4063.2,2849.3,108.5,176
34.0833,1632.42,4146.2,2677.1,112.0,0.807,220,4063.8,2881.1,111.5,206
34.1000,1633.25,4164.1,2691.9,357.5,0.522,90,4254.0,2688.0,342.5,84
34.1167,1634.08,4185.1,2709.7,167.5,0.170,256,3935.1,2765.1,112.5,62
34.1333,1634.92,4201.7,2725.1,168.0,0.228,272,3935.7,2781.6,0.0,0
34.1500,1635.75,4223.9,2754.5,167.5,0.218,264,3966.2,2811.6,244.0,78
34.1667,1636.58,4241.9,2780.1,242.5,0.567,104,4193.9,2687.8,246.0,72
34.1833,1637.42,4259.8,2806.2,342.5,0.464,182,4433.4,2751.4,343.5,132
34.2000,1638.25,4279.4,2834.5,337.0,0.771,184,4448.8,2762.6,337.0,176
34.2167,1639.08,4298.6,2862.3,329.5,0.785,174,4448.5,2774.0,329.0,184
34.2333,1639.92,4321.2,2896.0,316.0,0.866,178,4449.3,2772.4,315.0,184
34.2500,1640.75,4338.8,2919.7,305.0,0.784,192,4448.9,2762.4,305.5,190
34.2667,1641.58,4358.6,2944.3,298.5,0.778,188,4448.3,2779.1,345.0,80
34.2833,1642.42,4380.5,2969.2,264.0,0.324,316,4347.4,2654.9,287.5,220
34.3000,1643.25,4403.9,2993.3,174.0,0.145,182,4222.9,3012.3,282.0,236
34.3167,1644.08,4428.4,3016.5,17.5,0.217,256,4672.6,3093.5,263.0,78
34.3333,1644.92,4448.6,3034.0,16.0,0.316,234,4673.5,3098.5,260.0,72
34.3500,1645.75,4470.2,3051.7,14.0,0.301,210,4673.9,3102.5,260.0,72
34.3667,1646.58,4494.3,3071.9,260.5,0.298,326,4440.5,2750.4,259.5,64
34.3833,1647.42,4519.5,3092.1,293.5,0.776,142,4576.1,2961.9,296.0,120
34.4000,1648.25,4544.1,3110.2,283.0,0.816,142,4576.1,2971.8,280.0,162
34.4167,1649.08,4567.2,3125.9,273.5,0.907,152,4576.4,2974.2,273.0,174
34.4333,1649.92,4588.8,3139.2,267.5,0.867,164,4581.7,2975.3,264.5,182
34.4500,1650.75,4617.1,3155.6,296.5,0.400,94,4659.0,3071.5,263.0,68
34.4667,1651.58,4643.5,3169.6,289.5,0.476,86,4672.2,3088.5,257.5,70
34.4833,1652.42,4669.3,3182.0,264.5,0.912,112,4658.6,3070.5,261.5,114
34.5000,1653.25,4694.1,3193.3,276.0,0.435,90,4703.5,3103.8,259.5,72
34.5167,1654.08,4716.4,3202.7,276.5,0.321,100,4727.7,3103.3,259.5,70
34.5333,1654.92,4746.7,3213.2,265.5,0.939,110,4738.0,3103.6,265.0,112
34.5500,1655.75,4771.7,3220.7,257.0,0.974,120,4744.8,3103.8,254.5,120
34.5667,1656.58,4799.7,3228.3,276.0,0.360,94,4809.6,3134.9,275.5,68
34.5833,1657.42,4825.8,3234.8,259.5,0.310,102,4807.2,3134.5,259.5,72
34.6000,1658.25,4850.7,3239.6,259.0,0.903,106,4830.4,3135.6,257.0,106
34.6167,1659.08,4880.0,3244.4,287.0,0.286,114,4913.3,3135.4,286.5,68
34.6333,1659.92,4904.0,3248.3,287.0,0.270,118,4938.5,3135.5,286.5,68
34.6500,1660.75,4935.2,3250.9,260.5,0.865,118,4915.7,3134.6,257.0,118
34.6667,1661.58,4960.3,3251.8,249.5,0.825,124,4916.9,3135.6,247.5,124
34.6833,1662.42,4985.2,3251.8,265.5,0.270,118,4975.9,3134.2,262.5,72
34.7000,1663.25,5012.1,3251.5,263.5,0.243,118,4998.7,3134.2,278.0,68
34.7167,1664.08,5038.1,3250.3,268.0,0.250,116,5034.0,3134.3,251.5,62
34.7333,1664.92,5070.6,3248.9,262.5,0.143,114,5055.7,3135.9,255.5,60
34.7500,1665.75,5093.8,3246.1,266.5,0.235,112,5086.9,3134.3,262.0,72
34.7667,1666.58,5118.6,3243.5,259.0,0.273,110,5097.6,3135.5,260.5,72
34.7833,1667.42,5145.4,3241.0,280.5,0.375,108,5165.1,3134.8,260.5,72
34.8000,1668.25,5173.8,3237.8,257.0,1.000,106,5150.0,3134.5,253.5,106
34.8167,1669.08,5203.6,3233.5,253.5,0.414,102,5174.6,3135.7,257.5,70
34.8333,1669.92,5227.6,3229.7,218.5,0.093,152,5108.6,3135.1,257.5,62
34.8500,1670.75,5251.9,3226.6,64.5,0.065,290,5376.7,3488.3,255.5,60
34.8667,1671.58,5279.7,3223.3,202.0,0.084,234,5062.7,3135.6,82.0,66
34.8833,1672.42,5308.5,3220.3,93.5,0.407,270,5292.1,3489.8,92.0,166
34.9000,1673.25,5336.2,3218.0,96.0,0.737,272,5307.8,3488.5,95.5,250
34.9167,1674.08,5361.7,3216.2,19.5,0.250,84,5440.9,3244.3,16.5,56
34.9333,1674.92,5384.4,3215.6,199.0,0.115,148,5244.5,3167.4,251.5,50
34.9500,1675.75,5414.1,3214.4,330.0,0.240,94,5495.5,3167.4,58.0,82
34.9667,1676.58,5441.7,3214.0,332.0,0.296,98,5528.2,3168.0,87.0,84
34.9833,1677.42,5469.0,3213.5,210.0,0.125,92,5389.3,3167.5,90.5,84
35.0000,1678.25,5496.3,3212.2,188.5,0.102,300,5199.6,3167.8,178.5,84
35.0167,1679.08,5522.6,3209.5,194.5,0.344,166,5361.9,3168.0,187.0,94
35.0333,1679.92,5559.1,3204.8,281.5,0.267,104,5579.8,3102.9,262.5,72
35.0500,1680.75,5587.1,3193.9,256.5,0.500,84,5567.5,3112.2,260.5,72
35.0667,1681.58,5618.4,3181.2,243.5,0.545,88,5579.1,3102.4,259.0,72
35.0833,1682.42,5647.5,3169.8,248.0,0.238,128,5599.6,3051.1,247.5,68
35.1000,1683.25,5675.1,3158.6,240.5,0.800,154,5599.2,3024.6,239.5,144
35.1167,1684.08,5707.1,3143.8,232.0,0.846,174,5600.0,3006.7,231.0,174
35.1333,1684.92,5732.6,3130.4,223.0,0.853,180,5600.9,3007.7,223.0,180
35.1500,1685.75,5764.6,3111.8,214.5,0.129,184,5613.0,3007.6,253.5,64
35.1667,1686.58,5790.8,3096.7,83.0,0.139,202,5815.4,3297.2,266.0,60
35.1833,1687.42,5817.1,3081.5,173.0,0.144,252,5567.0,3112.2,250.5,68
35.2000,1688.25,5845.6,3064.5,232.0,0.573,194,5726.2,2911.7,230.5,160
35.2167,1689.08,5872.7,3047.4,228.0,0.886,184,5749.5,2910.7,226.0,192
35.2333,1689.92,5904.2,3025.6,214.0,0.125,204,5735.0,2911.5,248.5,68
35.2500,1690.75,5927.6,3009.7,247.0,0.100,184,5855.7,2840.3,248.5,68
35.2667,1691.58,5952.4,2992.8,251.5,0.200,304,5855.9,2704.5,243.5,60
35.2833,1692.42,5978.4,2974.1,226.5,0.821,178,5855.9,2845.0,225.5,180
35.3000,1693.25,6005.2,2953.3,221.0,0.831,198,5855.7,2823.4,221.5,204
35.3167,1694.08,6032.5,2930.2,210.0,0.838,204,5855.8,2828.2,210.5,214
35.3333,1694.92,6054.0,2911.0,202.5,0.791,216,5854.5,2828.4,209.0,76
35.3500,1695.75,6075.6,2890.7,197.0,0.763,230,5855.7,2823.5,192.5,74
35.3667,1696.58,6099.8,2867.8,98.0,0.143,240,6066.4,3105.5,207.5,60
35.3833,1697.42,6124.9,2844.6,100.5,0.202,232,6082.6,3072.7,256.5,64
35.4000,1698.25,6149.3,2823.1,86.5,0.887,186,6160.6,3008.8,86.5,178
35.4167,1699.08,6172.2,2804.1,92.0,0.963,206,6165.0,3010.0,91.5,210
35.4333,1699.92,6192.6,2788.0,95.5,0.951,126,6180.5,2913.4,97.0,228
35.4500,1700.75,6219.8,2766.3,76.0,0.500,84,6240.1,2847.8,73.0,64
35.4667,1701.58,6245.1,2747.4,114.0,0.288,322,6114.1,3041.6,260.0,72
35.4833,1702.42,6269.4,2729.9,88.5,0.500,88,6271.7,2817.9,260.0,72
35.5000,1703.25,6292.9,2713.6,120.0,0.430,230,6177.9,2912.8,260.0,72
35.5167,1704.08,6314.5,2699.6,86.5,0.524,86,6319.8,2785.4,261.5,72
35.5333,1704.92,6343.6,2681.2,127.5,0.175,170,6240.1,2816.1,261.5,72
35.5500,1705.75,6367.5,2667.6,90.0,0.429,86,6367.5,2753.6,260.0,72
35.5667,1706.58,6393.3,2653.0,133.0,0.344,224,6240.6,2816.8,260.0,72
35.5833,1707.42,6417.1,2640.0,135.0,0.287,204,6272.8,2784.3,261.5,72
35.6000,1708.25,6440.0,2628.4,93.0,0.375,92,6435.2,2720.3,260.0,72
35.6167,1709.08,6468.0,2615.0,137.5,0.394,252,6282.2,2785.3,261.5,72
35.6333,1709.92,6491.6,2604.4,137.0,0.373,264,6298.6,2784.4,260.0,72
35.6500,1710.75,6520.9,2592.0,140.0,0.297,300,6291.0,2784.8,261.5,72
35.6667,1711.58,6545.0,2581.9,93.0,0.250,108,6539.3,2689.8,261.5,72
35.6833,1712.42,6569.5,2572.2,142.0,0.263,242,6378.8,2721.2,260.0,72
35.7000,1713.25,6595.9,2562.4,139.0,0.232,242,6413.3,2721.2,261.5,72
35.7167,1714.08,6620.8,2553.6,137.5,0.225,248,6437.9,2721.1,260.0,72
35.7333,1714.92,6651.6,2543.5,137.5,0.294,262,6458.5,2720.5,261.5,72
35.7500,1715.75,6674.2,2536.4,139.5,0.350,284,6458.2,2720.9,260.0,72
35.7667,1716.58,6698.9,2529.1,61.0,0.681,182,6787.1,2688.3,60.0,160
35.7833,1717.42,6725.6,2521.6,68.0,0.765,180,6793.0,2688.4,67.0,182
35.8000,1718.25,6753.4,2514.8,74.0,0.841,182,6803.5,2689.8,74.5,182
35.8167,1719.08,6781.7,2510.4,85.5,0.824,180,6795.8,2689.9,84.0,180
35.8333,1719.92,6804.9,2510.9,93.0,0.866,178,6795.6,2688.6,91.5,178
35.8500,1720.75,6829.8,2512.6,98.5,0.761,178,6803.5,2688.7,98.5,180
35.8667,1721.58,6860.0,2517.3,142.5,0.218,282,6636.2,2689.0,317.0,82
35.8833,1722.42,6892.1,2523.6,145.0,0.221,288,6656.2,2688.8,191.0,76
35.9000,1723.25,6923.4,2530.4,148.5,0.240,302,6665.9,2688.2,233.5,86
35.9167,1724.08,6952.3,2537.2,149.5,0.228,298,6695.6,2688.5,241.0,86
35.9333,1724.92,6977.9,2543.3,151.0,0.211,300,6715.5,2688.7,261.5,72
35.9500,1725.75,7011.3,2551.8,152.5,0.183,296,6748.7,2688.5,260.0,72
35.9667,1726.58,7042.3,2560.5,85.0,0.163,130,7053.6,2690.0,260.0,72
35.9833,1727.42,7072.6,2569.3,108.0,0.854,126,7033.7,2689.2,107.5,124
36.0000,1728.25,7101.7,2577.9,85.0,0.206,112,7111.4,2689.5,261.5,72
36.0167,1729.08,7127.3,2585.8,86.5,0.233,104,7133.7,2689.6,261.5,72
36.0333,1729.92,7162.8,2598.9,92.5,0.348,90,7158.9,2688.8,260.0,72
36.0500,1730.75,7190.7,2609.3,106.5,0.350,84,7166.8,2689.8,260.0,72
36.0667,1731.58,7221.7,2621.1,72.5,0.300,104,7252.9,2720.3,260.0,72
36.0833,1732.42,7250.1,2632.5,81.5,0.435,90,7263.4,2721.5,260.0,72
36.1000,1733.25,7276.9,2644.0,69.0,0.250,116,7318.5,2752.3,105.0,76
36.1167,1734.08,7309.0,2658.3,175.5,0.113,380,6930.2,2688.1,260.0,72
36.1333,1734.92,7336.4,2670.4,177.0,0.088,338,6998.8,2688.1,260.0,72
36.1500,1735.75,7369.6,2686.7,96.0,0.417,92,7359.9,2778.2,260.0,72
36.1667,1736.58,7396.7,2700.1,260.0,0.037,370,7332.4,2335.7,260.0,72
36.1833,1737.42,7424.1,2713.9,335.5,0.071,212,7617.0,2625.9,260.0,72
36.2000,1738.25,7453.9,2729.1,330.0,0.458,188,7616.7,2635.1,330.0,132
36.2167,1739.08,7482.4,2744.2,327.0,0.797,162,7618.3,2656.0,326.0,164
36.2333,1739.92,7516.3,2763.0,317.5,0.828,160,7634.3,2654.9,316.0,164
36.2500,1740.75,7541.4,2777.1,307.0,0.815,152,7632.9,2655.7,305.0,156
36.2667,1741.58,7568.9,2792.2,297.0,0.691,154,7638.9,2655.0,260.0,72
36.2833,1742.42,7599.1,2807.5,281.0,0.875,156,7628.8,2654.4,280.0,160
36.3000,1743.25,7631.7,2820.2,271.0,0.738,166,7634.6,2654.2,269.0,104
36.3167,1744.08,7666.7,2826.0,258.5,0.815,174,7632.0,2655.5,257.5,178
36.3333,1744.92,7695.4,2818.9,249.5,0.877,174,7634.5,2655.9,248.0,178
36.3500,1745.75,7725.4,2807.2,239.5,0.803,176,7636.1,2655.6,239.0,180
36.3667,1746.58,7760.2,2793.7,160.5,0.200,164,7605.6,2848.5,261.5,72
36.3833,1747.42,7796.3,2780.0,164.0,0.173,356,7454.1,2878.1,260.0,72
36.4000,1748.25,7830.6,2767.3,162.5,0.205,376,7472.0,2880.3,260.0,72
36.4167,1749.08,7861.4,2756.3,273.0,0.182,198,7871.8,2558.6,261.5,72
36.4333,1749.92,7889.7,2746.8,263.0,0.151,190,7866.5,2558.2,260.0,72
36.4500,1750.75,7927.9,2734.9,102.0,0.797,182,7890.1,2912.9,102.0,174
36.4667,1751.58,7962.2,2724.5,260.0,0.148,152,7935.8,2574.8,261.5,72
36.4833,1752.42,7995.5,2714.9,224.5,0.071,268,7804.3,2527.1,260.0,72
36.5000,1753.25,8027.8,2705.9,263.0,0.400,244,7998.0,2463.7,261.5,148
36.5167,1754.08,8056.5,2698.0,260.0,0.608,238,8015.1,2463.6,259.0,182
36.5333,1754.92,8095.2,2687.5,255.0,0.734,232,8035.2,2463.4,256.5,168
36.5500,1755.75,8126.5,2678.0,248.0,0.766,232,8039.6,2462.8,248.0,236
36.5667,1756.58,8161.5,2667.6,259.5,0.073,208,8123.6,2463.1,260.0,72
36.5833,1757.42,8193.7,2658.1,215.0,0.081,340,7915.2,2463.1,260.0,72
36.6000,1758.25,8224.0,2649.0,259.5,0.082,190,8189.4,2462.2,261.5,72
36.6167,1759.08,8260.8,2638.8,259.5,0.090,178,8228.3,2463.8,260.0,72
36.6333,1759.92,8290.6,2631.1,259.5,0.079,170,8259.6,2463.9,260.0,72
36.6500,1760.75,8328.1,2621.3,259.5,0.103,160,8298.9,2464.0,261.5,72
36.6667,1761.58,8358.9,2613.5,260.0,0.111,152,8332.5,2463.8,260.0,72
36.6833,1762.42,8390.7,2606.0,259.5,0.118,146,8364.1,2462.5,261.5,72
36.7000,1763.25,8425.8,2598.2,259.5,0.128,138,8400.6,2462.5,260.0,72
36.7167,1764.08,8459.1,2590.9,118.0,0.115,148,8389.6,2721.6,261.5,72
36.7333,1764.92,8498.6,2582.6,118.0,0.107,156,8425.3,2720.4,260.0,72
36.7500,1765.75,8527.9,2577.2,118.0,0.102,162,8451.9,2720.2,260.0,72
36.7667,1766.58,8559.8,2571.3,255.5,0.081,192,8511.8,2385.4,260.0,72
36.7833,1767.42,8593.6,2565.3,288.0,0.060,276,8678.9,2302.8,260.0,72
36.8000,1768.25,8628.8,2559.6,322.0,0.106,138,8737.5,2474.6,261.5,72
36.8167,1769.08,8665.8,2554.0,328.0,0.100,84,8737.1,2509.5,257.0,64
36.8333,1769.92,8695.3,2550.0,297.5,0.130,90,8736.8,2470.2,260.0,72
36.8500,1770.75,8725.5,2546.2,208.0,0.090,312,8450.0,2399.7,303.0,84
36.8667,1771.58,8759.7,2544.5,203.5,0.047,340,8447.9,2408.9,0.0,0
36.8833,1772.42,8795.7,2548.4,251.0,0.095,86,8767.7,2467.1,221.0,54
36.9000,1773.25,8830.8,2557.2,222.0,0.333,86,8766.8,2499.7,178.5,80
36.9167,1774.08,8862.9,2566.3,101.5,0.526,158,8831.4,2721.1,97.0,122
36.9333,1774.92,8892.3,2574.8,104.5,0.868,150,8854.7,2720.1,104.0,148
36.9500,1775.75,8930.5,2587.9,122.5,0.825,158,8845.6,2721.2,123.0,162
36.9667,1776.58,8964.2,2600.9,133.0,0.833,164,8852.3,2720.8,131.5,170
36.9833,1777.42,8996.0,2614.2,146.0,0.863,190,8838.5,2720.4,143.5,188
37.0000,1778.25,9026.2,2627.5,150.5,0.833,188,8862.5,2720.1,152.0,206
37.0167,1779.08,9052.5,2639.8,158.5,0.795,220,8847.8,2720.5,158.5,224
37.0333,1779.92,9085.4,2657.1,107.0,0.241,102,9055.6,2754.6,261.5,72
37.0500,1780.75,9110.5,2672.0,107.0,0.189,118,9076.0,2784.8,260.0,72
37.0667,1781.58,9137.6,2689.2,107.0,0.250,100,9108.3,2784.8,260.0,72
37.0833,1782.42,9161.6,2705.6,141.0,0.951,126,9063.7,2784.9,140.5,126
37.1000,1783.25,9182.9,2722.2,150.0,0.875,124,9075.5,2784.2,151.5,134
37.1167,1784.08,9206.6,2743.1,164.5,0.964,154,9058.2,2784.3,164.5,152
37.1333,1784.92,9223.9,2760.3,171.5,1.000,162,9063.7,2784.2,171.5,162
37.1500,1785.75,9243.9,2782.3,181.0,1.000,188,9055.9,2779.0,180.5,188
37.1667,1786.58,9257.8,2800.9,120.5,0.450,84,9215.2,2873.3,187.5,98
37.1833,1787.42,9270.0,2820.1,188.5,1.000,88,9183.0,2807.1,187.0,92
37.2000,1788.25,9282.5,2841.0,126.5,0.147,112,9215.9,2931.1,260.0,72
37.2167,1789.08,9293.1,2861.7,127.5,0.119,128,9215.2,2963.2,261.5,72
37.2333,1789.92,9302.4,2887.6,149.5,0.931,102,9214.5,2939.4,147.0,106
37.2500,1790.75,9307.3,2906.8,160.5,0.926,98,9214.9,2939.6,156.5,100
37.2667,1791.58,9310.2,2928.0,171.0,0.923,96,9215.4,2943.0,168.0,98
37.2833,1792.42,9311.2,2951.1,188.5,0.963,98,9214.3,2936.7,185.5,100
37.3000,1793.25,9310.3,2975.9,145.5,0.091,154,9183.4,3063.1,261.5,72
37.3167,1794.08,9307.7,3001.7,162.5,0.259,98,9214.2,3031.2,260.0,72
37.3333,1794.92,9303.7,3022.7,207.0,0.964,100,9214.6,2977.3,207.5,102
37.3500,1795.75,9297.5,3043.3,219.5,0.871,106,9215.7,2975.9,219.0,110
37.3667,1796.58,9290.3,3067.7,199.5,0.500,84,9211.1,3039.7,260.0,72
37.3833,1797.42,9281.9,3093.2,207.5,0.265,112,9182.6,3041.4,261.5,72
37.4000,1798.25,9272.6,3116.9,222.0,0.917,116,9186.4,3039.3,221.5,120
37.4167,1799.08,9263.1,3137.6,230.5,1.000,126,9183.0,3040.4,230.0,126
37.4333,1799.92,9252.3,3155.5,240.0,0.867,134,9185.3,3039.5,236.0,96
37.4500,1800.75,9239.4,3179.1,211.0,0.450,84,9167.4,3135.8,260.0,72
37.4667,1801.58,9227.9,3200.8,77.0,0.304,90,9248.1,3288.5,260.0,72
37.4833,1802.42,9215.9,3221.5,224.0,0.875,124,9126.7,3135.4,222.0,132
37.5000,1803.25,9203.0,3240.7,231.0,0.761,136,9117.4,3135.0,228.0,138
37.5167,1804.08,9189.4,3257.1,237.5,0.760,144,9112.0,3135.6,236.5,144
37.5333,1804.92,9164.5,3275.9,251.5,0.692,148,9117.5,3135.6,16.5,96
37.5500,1805.75,9144.2,3289.0,257.0,0.825,158,9108.6,3135.1,257.5,158
37.5667,1806.58,9121.0,3301.8,269.5,0.820,166,9119.5,3135.8,267.5,170
37.5833,1807.42,9098.9,3312.5,274.5,0.806,178,9112.9,3135.0,274.0,178
37.6000,1808.25,9077.4,3320.2,46.0,0.286,100,9146.8,3392.2,260.0,72
37.6167,1809.08,9051.6,3325.4,28.0,0.143,142,9177.0,3392.1,256.5,64
37.6333,1809.92,9029.5,3318.8,355.0,0.165,262,9290.5,3295.9,343.0,66
37.6500,1810.75,9003.1,3308.3,358.0,0.212,374,9376.8,3295.3,260.0,72
37.6667,1811.58,8981.3,3299.7,255.5,0.200,104,8955.3,3199.0,260.0,72
37.6833,1812.42,8959.3,3291.2,259.5,0.320,94,8942.2,3198.8,263.5,72
37.7000,1813.25,8935.5,3282.2,259.5,0.450,84,8920.2,3199.6,143.0,90
37.7167,1814.08,8912.7,3274.0,256.5,0.212,110,8887.0,3167.1,127.0,86
37.7333,1814.92,8885.2,3265.4,260.5,0.429,100,8868.7,3166.7,78.0,134
37.7500,1815.75,8865.2,3260.1,280.0,0.240,94,8881.5,3167.6,90.5,104
37.7667,1816.58,8843.4,3254.8,105.0,0.160,144,8806.1,3393.9,72.5,82
37.7833,1817.42,8819.9,3249.4,259.5,0.087,182,8786.7,3070.5,260.0,72
37.8000,1818.25,8795.2,3244.2,128.0,0.635,148,8704.0,3360.8,127.0,128
37.8167,1819.08,8769.5,3238.8,121.5,0.720,144,8694.3,3361.6,260.0,72
37.8333,1819.92,8748.7,3235.2,113.5,0.872,138,8693.7,3361.7,112.5,138
37.8500,1820.75,8727.7,3231.5,106.0,0.889,134,8690.8,3360.3,104.0,136
37.8667,1821.58,8703.4,3227.8,94.5,0.889,134,8692.9,3361.4,91.5,136
37.8833,1822.42,8678.4,3224.8,85.5,0.826,136,8689.1,3360.4,84.5,140
37.9000,1823.25,8654.8,3222.6,100.0,0.104,140,8630.4,3360.4,260.0,72
37.9167,1824.08,8632.8,3220.8,104.5,0.075,178,8588.2,3393.1,256.5,64
37.9333,1824.92,8612.7,3219.2,116.0,0.200,84,8575.9,3294.7,134.5,112
37.9500,1825.75,8586.5,3218.3,97.5,0.136,176,8563.6,3392.8,123.0,80
37.9667,1826.58,8562.3,3217.6,175.0,0.041,340,8223.6,3247.2,107.5,100
37.9833,1827.42,8537.8,3216.8,195.0,0.041,190,8354.3,3167.7,260.0,72
38.0000,1828.25,8512.8,3215.4,14.5,0.091,330,8832.2,3298.1,260.0,72
38.0167,1829.08,8488.6,3212.9,13.0,0.476,86,8572.3,3232.2,83.0,86
38.0333,1829.92,8455.1,3209.8,11.5,0.206,112,8564.8,3232.1,260.0,72
38.0500,1830.75,8428.0,3207.5,43.5,0.200,84,8488.9,3265.3,343.5,86
38.0667,1831.58,8398.5,3205.3,260.5,0.727,88,8384.0,3118.5,261.0,106
38.0833,1832.42,8371.6,3203.7,31.5,0.167,128,8480.7,3270.6,268.0,198
38.1000,1833.25,8345.9,3202.3,273.5,0.821,100,8352.0,3102.5,273.5,134
38.1167,1834.08,8314.9,3200.5,283.5,0.103,160,8352.3,3044.9,260.0,72
38.1333,1834.92,8289.1,3197.8,290.5,0.088,180,8352.1,3029.2,260.0,72
38.1500,1835.75,8257.1,3194.8,113.5,0.250,84,8223.6,3271.8,259.5,64
38.1667,1836.58,8230.6,3192.7,94.5,0.381,86,8223.9,3278.5,260.0,72
38.1833,1837.42,8203.8,3190.9,16.5,0.106,290,8481.8,3273.2,88.0,140
38.2000,1838.25,8174.9,3188.9,200.5,0.079,324,7871.4,3075.5,53.0,90
38.2167,1839.08,8147.5,3187.4,89.5,0.423,238,8149.6,3425.4,90.5,142
38.2333,1839.92,8114.2,3186.5,86.0,0.694,240,8131.0,3425.9,85.0,220
38.2500,1840.75,8090.0,3186.6,82.5,0.816,240,8121.3,3424.5,82.0,248
38.2667,1841.58,8063.3,3187.1,90.0,0.099,366,8063.3,3553.1,260.0,72
38.2833,1842.42,8034.7,3188.0,259.5,0.086,184,8001.2,3007.1,260.0,72
38.3000,1843.25,8004.7,3189.3,255.5,0.089,156,7965.6,3038.2,259.5,64
38.3167,1844.08,7973.3,3190.9,259.5,0.109,154,7945.3,3039.5,257.0,64
38.3333,1844.92,7948.8,3192.6,257.0,0.150,124,7920.9,3071.8,260.0,72
38.3500,1845.75,7923.0,3194.8,259.5,0.146,126,7900.0,3070.9,260.0,72
38.3667,1846.58,7893.4,3197.4,259.5,0.243,118,7871.9,3081.4,259.5,72
38.3833,1847.42,7862.6,3200.0,259.5,0.407,98,7844.7,3103.7,259.5,72
38.4000,1848.25,7833.2,3202.1,281.0,0.250,100,7852.3,3103.9,256.5,70
38.4167,1849.08,7806.7,3202.8,296.0,0.333,110,7854.9,3104.0,292.0,94
38.4333,1849.92,7783.9,3202.3,306.0,0.900,84,7833.3,3134.4,304.5,120
38.4500,1850.75,7752.1,3201.8,187.5,0.074,260,7494.3,3167.8,262.5,50
38.4667,1851.58,7723.2,3201.6,186.5,0.024,298,7427.1,3167.9,262.5,50
38.4833,1852.42,7695.3,3201.6,110.0,0.064,232,7616.0,3419.7,208.5,62
38.5000,1853.25,7668.5,3201.9,339.0,0.346,96,7758.1,3167.5,346.0,62
38.5167,1854.08,7644.4,3203.1,335.0,0.550,84,7720.6,3167.6,356.0,82
38.5333,1854.92,7607.8,3208.7,340.5,0.475,124,7724.7,3167.3,320.0,54
38.5500,1855.75,7579.1,3213.6,342.5,0.315,152,7724.1,3167.9,307.5,56
38.5667,1856.58,7547.1,3217.9,346.0,0.232,208,7748.9,3167.6,251.0,54
38.5833,1857.42,7517.1,3221.5,156.0,0.235,342,7204.7,3360.6,250.5,58
38.6000,1858.25,7488.7,3224.5,155.5,0.241,318,7199.3,3356.3,250.5,58
38.6167,1859.08,7455.2,3227.0,161.5,0.254,320,7151.7,3328.5,257.5,64
38.6333,1859.92,7426.8,3229.1,262.5,0.520,94,7414.6,3135.9,257.5,70
38.6500,1860.75,7391.1,3229.4,277.0,0.308,96,7402.8,3134.2,257.5,70
38.6667,1861.58,7362.1,3230.0,169.5,0.287,364,7004.2,3296.3,260.0,72
38.6833,1862.42,7332.9,3230.9,170.0,0.398,376,6962.7,3296.2,260.0,72
38.7000,1863.25,7301.1,3232.0,170.0,0.380,370,6936.7,3296.3,257.0,68
38.7167,1864.08,7270.3,3232.9,279.0,0.639,166,7296.3,3069.0,277.0,146
38.7333,1864.92,7234.3,3232.3,170.0,0.389,368,6871.9,3296.2,263.0,72
38.7500,1865.75,7207.8,3232.2,170.0,0.377,368,6845.4,3296.1,257.0,64
38.7667,1866.58,7178.6,3232.4,170.0,0.370,368,6816.1,3296.3,257.0,64
38.7833,1867.42,7147.2,3233.1,165.0,0.370,244,6911.5,3296.2,257.0,64
38.8000,1868.25,7114.9,3234.0,165.5,0.382,248,6874.7,3296.1,256.5,64
38.8167,1869.08,7081.6,3235.1,165.0,0.396,236,6853.7,3296.2,256.5,64
38.8333,1869.92,7054.1,3236.6,165.0,0.419,230,6831.9,3296.2,256.5,64
38.8500,1870.75,7025.9,3238.2,166.0,0.418,240,6793.0,3296.3,256.5,64
38.8667,1871.58,6994.0,3238.9,164.5,0.447,214,6787.8,3296.1,257.0,64
38.8833,1872.42,6961.3,3234.5,163.0,0.464,212,6758.6,3296.5,229.0,72
38.9000,1873.25,6930.4,3225.3,160.0,0.451,208,6735.0,3296.4,257.5,90
38.9167,1874.08,6902.1,3215.8,156.0,0.481,198,6721.2,3296.4,250.5,84
38.9333,1874.92,6875.7,3208.1,151.5,0.465,186,6712.3,3296.8,239.5,84
38.9500,1875.75,6840.5,3198.0,145.0,0.406,172,6699.6,3296.7,320.0,96
38.9667,1876.58,6808.4,3190.1,141.5,0.391,172,6673.8,3297.2,320.5,84
38.9833,1877.42,6776.7,3185.6,81.0,0.824,112,6794.2,3296.2,80.5,116
39.0000,1878.25,6745.2,3184.9,135.0,0.386,158,6633.5,3296.7,11.5,76
39.0167,1879.08,6716.1,3188.1,136.5,0.404,158,6601.5,3296.9,260.0,72
39.0333,1879.92,6675.2,3194.2,136.0,0.442,148,6568.7,3297.0,260.0,72
39.0500,1880.75,6643.4,3199.5,134.0,0.478,136,6549.0,3297.4,260.0,72
39.0667,1881.58,6608.1,3206.3,132.0,0.700,164,6498.4,3328.2,256.5,64
39.0833,1882.42,6575.5,3213.2,132.5,0.718,200,6440.4,3360.6,256.5,64
39.1000,1883.25,6544.7,3220.3,126.0,0.662,174,6442.4,3361.1,260.0,72
39.1167,1884.08,6507.7,3229.4,112.5,0.571,142,6453.4,3360.6,260.0,72
39.1333,1884.92,6477.9,3236.9,129.0,0.431,160,6377.2,3361.3,260.0,72
39.1500,1885.75,6440.4,3248.1,111.5,0.462,122,6395.7,3361.6,257.5,62
39.1667,1886.58,6409.6,3257.6,126.0,0.581,168,6310.9,3393.5,260.0,72
39.1833,1887.42,6378.3,3267.9,117.5,0.708,140,6313.6,3392.1,260.0,72
39.2000,1888.25,6344.0,3279.8,100.5,0.917,116,6322.9,3393.9,102.0,124
39.2167,1889.08,6311.2,3291.7,90.5,0.862,102,6310.4,3393.7,91.5,122
39.2333,1889.92,6271.7,3307.2,84.0,0.491,150,6287.4,3456.3,87.0,64
39.2500,1890.75,6242.6,3318.8,73.0,0.220,144,6284.7,3456.5,85.5,64
39.2667,1891.58,6211.5,3331.9,181.5,0.120,260,5951.6,3325.1,256.5,64
39.2833,1892.42,6177.9,3346.2,87.5,0.347,142,6184.1,3488.0,260.0,72
39.3000,1893.25,6142.3,3361.5,180.5,0.132,256,5886.3,3359.3,260.0,72
39.3167,1894.08,6105.8,3378.0,167.5,0.167,356,5758.3,3455.1,79.5,78
39.3333,1894.92,6077.3,3391.4,167.5,0.159,358,5727.7,3468.9,46.0,92
39.3500,1895.75,6047.9,3405.8,90.0,0.800,84,6047.9,3489.8,41.0,80
39.3667,1896.58,6014.3,3422.6,0.0,0.350,290,6304.3,3422.6,260.0,72
39.3833,1897.42,5979.6,3440.2,256.5,0.184,120,5951.6,3323.5,260.0,72
39.4000,1898.25,5946.4,3457.4,358.5,0.222,134,6080.4,3453.9,259.5,64
39.4167,1899.08,5915.5,3473.5,6.5,0.116,130,6044.7,3488.2,260.0,72
39.4333,1899.92,5887.5,3488.0,259.5,0.182,132,5863.4,3358.3,259.5,72
39.4500,1900.75,5850.3,3508.0,260.0,0.216,118,5829.8,3391.8,258.0,64
39.4667,1901.58,5816.5,3526.3,256.5,0.194,106,5791.7,3423.2,260.0,72
39.4833,1902.42,5783.7,3543.4,222.0,0.600,84,5721.3,3487.2,235.0,74
39.5000,1903.25,5751.9,3559.2,253.5,0.524,86,5727.5,3476.8,259.0,72
39.5167,1904.08,5723.0,3573.1,259.0,0.682,88,5706.3,3486.7,243.5,72
39.5333,1904.92,5683.5,3590.0,281.0,0.233,104,5703.3,3487.9,257.5,70
39.5500,1905.75,5652.4,3603.7,282.5,0.333,86,5671.0,3519.7,281.0,68
39.5667,1906.58,5617.9,3617.7,316.5,0.085,328,5855.8,3391.9,249.5,70
39.5833,1907.42,5585.6,3630.3,250.0,0.500,84,5556.9,3551.3,259.0,72
39.6000,1908.25,5554.7,3641.8,263.5,0.375,92,5544.3,3550.4,262.0,72
39.6167,1909.08,5517.6,3654.6,256.5,0.226,106,5492.9,3551.5,256.5,64
39.6333,1909.92,5486.7,3665.3,259.5,0.167,116,5465.6,3551.3,260.0,72
39.6500,1910.75,5448.2,3676.2,278.0,0.829,126,5465.7,3551.4,279.0,130
39.6667,1911.58,5416.4,3684.1,290.5,0.816,142,5466.1,3551.1,289.5,142
39.6833,1912.42,5384.0,3691.8,268.0,0.188,140,5379.1,3551.9,251.0,68
39.7000,1913.25,5348.8,3700.4,307.5,0.139,188,5463.2,3551.2,260.0,72
39.7167,1914.08,5315.2,3708.6,255.5,0.119,162,5274.6,3551.8,260.0,72
39.7333,1914.92,5273.7,3719.1,164.0,0.167,92,5185.3,3744.4,138.5,86
39.7500,1915.75,5244.7,3725.8,167.5,0.333,86,5160.7,3744.4,145.5,88
39.7667,1916.58,5211.7,3727.9,169.0,0.190,86,5127.3,3744.3,150.0,74
39.7833,1917.42,5175.5,3726.8,235.0,0.094,214,5052.8,3551.5,260.0,72
39.8000,1918.25,5136.9,3724.0,234.0,0.188,214,5011.1,3550.9,42.5,78
39.8167,1919.08,5095.7,3720.9,236.0,0.230,244,4959.3,3518.6,34.5,78
39.8333,1919.92,5062.7,3719.5,120.5,0.125,140,4991.6,3840.2,260.0,72
39.8500,1920.75,5029.0,3717.6,120.5,0.120,144,4955.9,3841.7,260.0,72
39.8667,1921.58,4990.4,3715.9,120.5,0.120,144,4917.3,3840.0,260.0,72
39.8833,1922.42,4950.5,3714.7,239.0,0.120,228,4833.0,3519.3,260.0,72
39.9000,1923.25,4912.5,3713.9,239.0,0.130,228,4795.0,3518.4,260.0,72
39.9167,1924.08,4877.5,3713.2,120.5,0.115,148,4802.4,3840.7,260.0,72
39.9333,1924.92,4846.3,3713.1,239.5,0.154,226,4731.6,3518.4,260.0,72
39.9500,1925.75,4804.5,3713.2,236.5,0.181,232,4676.5,3519.7,260.0,72
39.9667,1926.58,4766.6,3713.8,238.0,0.135,192,4664.8,3551.0,257.0,68
39.9833,1927.42,4729.9,3714.7,238.5,0.149,192,4629.6,3551.0,260.0,72
40.0000,1928.25,4694.5,3716.1,64.5,0.894,138,4753.9,3840.6,62.5,138
40.0167,1929.08,4662.8,3718.1,54.0,0.889,152,4752.2,3841.1,52.0,156
40.0333,1929.92,4619.1,3722.2,41.0,0.809,180,4754.9,3840.3,40.0,182
40.0500,1930.75,4586.1,3726.5,35.5,0.816,196,4745.7,3840.3,34.5,206
40.0667,1931.58,4548.7,3731.4,242.0,0.188,204,4452.9,3551.2,47.5,98
40.0833,1932.42,4514.0,3736.1,242.5,0.171,208,4417.9,3551.6,260.0,72
40.1000,1933.25,4481.8,3739.8,294.0,0.489,232,4576.1,3527.9,295.5,162
40.1167,1934.08,4444.2,3741.2,298.0,0.712,252,4562.5,3518.7,298.5,234
40.1333,1934.92,4414.5,3732.0,304.0,0.811,256,4557.6,3519.8,304.5,142
40.1500,1935.75,4378.6,3715.9,313.0,0.830,268,4561.4,3519.9,312.5,266
40.1667,1936.58,4350.5,3702.1,319.0,0.812,278,4560.4,3519.8,319.0,282
40.1833,1937.42,4323.3,3687.1,323.0,0.857,226,4503.8,3551.1,324.5,294
40.2000,1938.25,4294.6,3669.7,331.5,0.904,314,4570.6,3519.9,331.0,310
40.2167,1939.08,4268.8,3652.6,334.0,0.946,230,4475.6,3551.8,335.5,324
40.2333,1939.92,4240.2,3630.7,339.0,1.000,132,4363.4,3583.4,341.5,248
40.2500,1940.75,4220.1,3614.9,345.5,0.975,124,4340.2,3583.8,346.5,126
40.2667,1941.58,4199.4,3597.6,279.0,0.225,364,4256.3,3238.1,260.0,72
40.2833,1942.42,4178.3,3578.3,338.5,0.500,84,4256.4,3547.5,260.0,72
40.3000,1943.25,4157.6,3557.0,334.0,0.879,110,4256.5,3508.7,332.5,110
40.3167,1944.08,4137.6,3534.0,348.5,0.923,122,4257.1,3509.6,346.5,122
40.3333,1944.92,4122.1,3515.5,357.5,0.867,134,4256.0,3509.7,355.0,134
40.3500,1945.75,4110.3,3496.0,4.5,0.846,148,4257.9,3507.6,3.0,146
40.3667,1946.58,4101.2,3472.0,117.0,0.300,84,4063.1,3546.9,260.0,72
40.3833,1947.42,4094.2,3446.8,111.5,0.400,84,4063.4,3525.0,260.0,72
40.4000,1948.25,4088.5,3423.0,106.5,0.500,88,4063.5,3507.4,260.0,72
40.4167,1949.08,4083.9,3401.3,101.0,0.484,106,4063.6,3505.3,260.0,72
40.4333,1949.92,4079.5,3382.2,97.5,0.395,120,4063.9,3501.2,260.0,72
40.4500,1950.75,4074.0,3357.6,93.5,0.217,164,4064.0,3521.3,260.0,72
40.4667,1951.58,4068.3,3335.5,134.5,0.753,214,3918.3,3488.1,134.5,202
40.4833,1952.42,4062.2,3314.6,130.0,0.815,228,3915.6,3489.3,130.0,236
40.5000,1953.25,4055.8,3295.1,126.5,0.816,240,3913.1,3488.0,126.5,246
40.5167,1954.08,4049.3,3278.6,123.5,0.817,252,3910.2,3488.7,123.0,254
40.5333,1954.92,4039.6,3257.2,117.5,0.817,262,3918.6,3489.6,119.0,272
40.5500,1955.75,4030.4,3240.6,116.0,0.853,276,3909.4,3488.7,116.0,280
40.5667,1956.58,4020.1,3223.6,112.0,0.826,286,3912.9,3488.7,112.0,294
40.5833,1957.42,4010.1,3208.6,109.5,0.843,298,3910.6,3489.5,110.0,304
40.6000,1958.25,3999.8,3195.2,107.0,0.856,308,3909.7,3489.7,105.0,168
40.6167,1959.08,3986.9,3179.7,104.0,0.934,318,3909.9,3488.2,103.0,324
40.6333,1959.92,3976.4,3168.2,102.0,0.972,328,3908.2,3489.0,100.5,332
40.6500,1960.75,3961.9,3155.1,97.5,1.000,336,3918.1,3488.2,97.5,344
40.6667,1961.58,3949.6,3144.9,95.5,1.000,144,3935.8,3288.3,95.0,340
40.6833,1962.42,3936.9,3135.6,90.5,0.862,102,3936.0,3237.6,90.5,92
40.7000,1963.25,3923.0,3126.4,166.5,0.206,180,3747.9,3168.4,86.5,84
40.7167,1964.08,3909.6,3118.2,85.5,1.000,84,3916.2,3202.0,85.0,82
40.7333,1964.92,3894.1,3110.7,80.5,0.208,92,3909.3,3201.4,82.0,86
40.7500,1965.75,3882.0,3105.4,263.0,0.086,324,3842.5,2783.8,261.5,72
40.7667,1966.58,3869.7,3100.8,265.5,0.073,318,3844.7,2783.7,261.5,72
40.7833,1967.42,3856.7,3096.6,273.0,0.112,294,3872.0,2803.0,77.5,74
40.8000,1968.25,3842.7,3093.3,274.5,0.164,312,3867.2,2782.2,77.0,78
40.8167,1969.08,3827.8,3091.0,277.5,0.226,310,3868.3,2783.6,75.0,80
40.8333,1969.92,3815.2,3090.5,71.0,0.600,84,3842.5,3169.9,73.0,82
40.8500,1970.75,3804.5,3090.5,70.5,0.850,84,3832.5,3169.7,70.0,84
40.8667,1971.58,3791.7,3091.1,69.0,1.000,84,3821.8,3169.6,69.0,82
40.8833,1972.42,3778.7,3092.9,66.0,0.450,84,3812.9,3169.6,68.5,80
40.9000,1973.25,3767.0,3095.7,287.5,0.254,328,3865.7,2782.9,65.0,78
40.9167,1974.08,3756.9,3099.1,291.0,0.216,322,3872.3,2798.5,64.5,74
40.9333,1974.92,3747.8,3102.3,292.5,0.199,326,3872.6,2801.1,62.5,72
40.9500,1975.75,3736.2,3108.8,295.5,0.162,316,3872.2,2823.6,261.5,72
40.9667,1976.58,3727.1,3115.6,164.5,0.136,250,3486.2,3182.4,261.5,72
40.9833,1977.42,3719.8,3123.0,164.0,0.141,242,3487.2,3189.7,261.5,72
41.0000,1978.25,3714.1,3130.8,69.0,0.300,84,3744.2,3209.2,261.5,72
41.0167,1979.08,3711.0,3138.9,66.5,0.300,84,3744.5,3215.9,64.0,72
41.0333,1979.92,3707.8,3150.4,64.0,0.500,84,3744.6,3225.9,59.5,72
41.0500,1980.75,3706.2,3160.7,63.0,0.800,84,3744.3,3235.5,60.0,76
41.0667,1981.58,3703.5,3172.9,60.5,0.700,84,3744.8,3246.0,261.5,72
41.0833,1982.42,3700.0,3185.1,58.5,0.524,86,3744.9,3258.4,58.0,74
41.1000,1983.25,3694.5,3198.9,162.0,0.149,218,3487.1,3266.3,53.5,82
41.1167,1984.08,3685.1,3218.3,162.5,0.183,208,3486.7,3280.8,257.5,62
41.1333,1984.92,3676.1,3234.8,162.5,0.169,198,3487.3,3294.4,350.0,58
41.1500,1985.75,3664.6,3256.9,334.5,0.391,90,3745.8,3218.2,261.5,72
41.1667,1986.58,3654.9,3274.8,329.0,0.233,104,3744.1,3221.2,261.5,72
41.1833,1987.42,3645.3,3293.2,163.5,0.230,166,3486.2,3340.3,261.5,72
41.2000,1988.25,3635.1,3313.6,183.0,0.808,148,3487.3,3305.9,183.0,136
41.2167,1989.08,3625.4,3333.5,191.0,0.958,140,3487.9,3306.8,187.5,142
41.2333,1989.92,3613.9,3358.6,201.0,0.935,136,3487.0,3309.9,201.5,138
41.2500,1990.75,3605.2,3376.4,207.5,0.956,134,3486.3,3314.5,210.0,138
41.2667,1991.58,3594.7,3395.5,218.5,0.957,138,3486.7,3309.6,218.0,140
41.2833,1992.42,3583.0,3416.0,249.5,0.263,272,3487.8,3161.2,261.5,72
41.3000,1993.25,3570.6,3437.8,185.0,0.250,84,3486.9,3430.5,261.5,72
41.3167,1994.08,3558.0,3460.9,244.0,0.500,160,3487.9,3317.1,228.0,82
41.3333,1994.92,3547.9,3479.5,223.5,0.700,84,3487.0,3421.7,221.0,74
41.3500,1995.75,3535.8,3498.3,250.0,0.396,140,3487.9,3366.8,261.5,72
41.3667,1996.58,3521.6,3519.6,163.0,0.248,270,3263.4,3598.5,207.0,80
41.3833,1997.42,3506.5,3540.9,215.0,0.640,94,3429.5,3487.0,211.5,76
41.4000,1998.25,3491.6,3560.4,229.0,0.538,96,3428.6,3487.9,229.0,82
41.4167,1999.08,3477.2,3577.6,230.5,0.324,118,3402.2,3486.5,259.5,70
41.4333,1999.92,3463.7,3593.1,246.5,0.194,116,3417.5,3486.8,263.5,72
41.4500,2000.75,3446.1,3613.9,252.0,0.333,134,3404.7,3486.5,263.5,72
41.4667,2001.58,3429.0,3632.1,236.5,0.913,136,3353.9,3518.7,233.5,146
41.4833,2002.42,3411.1,3648.8,243.5,0.800,144,3346.9,3519.9,263.5,72
41.5000,2003.25,3393.4,3664.3,256.0,0.340,150,3357.2,3518.8,263.5,72
41.5167,2004.08,3378.0,3678.2,254.0,0.459,166,3332.3,3518.6,263.5,72
41.5333,2004.92,3357.4,3697.2,235.0,0.833,140,3277.1,3582.5,236.0,140
41.5500,2005.75,3339.5,3711.4,244.0,0.796,142,3277.2,3583.8,244.0,146
41.5667,2006.58,3318.7,3725.7,256.5,0.882,146,3284.7,3583.7,251.5,154
41.5833,2007.42,3299.7,3738.6,256.5,0.455,154,3263.7,3588.9,263.5,72
41.6000,2008.25,3281.6,3751.1,255.5,0.438,140,3246.5,3615.5,263.5,72
41.6167,2009.08,3258.9,3765.8,251.5,0.807,158,3208.8,3615.9,251.0,150
41.6333,2009.92,3240.0,3776.5,254.0,0.935,168,3193.7,3615.0,251.5,172
41.6500,2010.75,3216.4,3790.7,258.0,0.441,180,3179.0,3614.6,263.5,72
41.6667,2011.58,3196.9,3802.5,259.5,0.328,160,3167.7,3645.1,263.5,72
41.6833,2012.42,3177.0,3814.6,242.0,0.699,190,3087.8,3646.8,238.5,98
41.7000,2013.25,3155.2,3827.4,247.0,0.855,196,3078.6,3647.0,251.0,80
41.7167,2014.08,3134.0,3838.7,252.0,0.949,202,3071.6,3646.6,252.0,206
41.7333,2014.92,3108.5,3849.5,260.5,0.877,206,3074.5,3646.3,259.5,208
41.7500,2015.75,3089.2,3856.0,265.0,0.855,210,3070.9,3646.8,265.0,212
41.7667,2016.58,3068.0,3861.5,271.0,0.835,214,3071.7,3647.5,271.0,218
41.7833,2017.42,3045.0,3865.3,277.5,0.784,220,3073.7,3647.1,277.5,226
41.8000,2018.25,3019.8,3865.2,283.5,0.844,224,3072.0,3647.4,283.0,228
41.8167,2019.08,2991.6,3859.5,291.5,0.793,228,3075.1,3647.4,292.5,232
41.8333,2019.92,2969.2,3852.9,155.0,0.410,122,2858.7,3904.4,263.5,72
41.8500,2020.75,2945.3,3846.1,153.0,0.429,128,2831.3,3904.2,260.0,72
41.8667,2021.58,2918.1,3838.5,153.5,0.538,148,2785.6,3904.5,260.0,66
41.8833,2022.42,2890.1,3829.9,297.5,0.704,98,2935.4,3742.9,299.0,116
41.9000,2023.25,2863.6,3820.9,152.0,0.433,178,2706.4,3904.5,264.0,108
41.9167,2024.08,2839.1,3812.8,264.5,0.279,166,2823.1,3647.6,248.5,62
41.9333,2024.92,2816.6,3805.9,263.5,0.276,160,2798.5,3646.9,259.0,72
41.9500,2025.75,2786.9,3796.9,289.0,0.719,158,2838.3,3647.5,289.0,146
41.9667,2026.58,2760.8,3786.7,296.0,0.839,156,2829.2,3646.5,296.0,148
41.9833,2027.42,2736.1,3775.9,308.5,0.750,164,2838.2,3647.5,309.5,166
42.0000,2028.25,2712.6,3765.2,268.0,0.459,118,2708.4,3647.2,263.5,60
42.0167,2029.08,2691.8,3755.1,266.5,0.344,108,2685.2,3647.3,301.5,66
42.0333,2029.92,2663.1,3742.0,267.5,0.500,96,2658.9,3646.1,282.5,68
42.0500,2030.75,2640.6,3731.1,259.5,0.619,86,2625.0,3646.5,258.5,74
42.0667,2031.58,2615.6,3718.7,259.0,0.484,106,2595.3,3614.6,256.0,74
42.0833,2032.42,2592.2,3707.2,258.0,0.360,94,2572.6,3615.3,257.5,70
42.1000,2033.25,2569.8,3696.6,258.0,0.389,116,2545.7,3583.1,258.0,74
42.1167,2034.08,2543.2,3683.9,305.0,0.500,84,2591.4,3615.0,259.0,76
42.1333,2034.92,2521.7,3672.4,297.5,0.450,84,2560.4,3597.9,282.5,68
42.1500,2035.75,2495.4,3659.0,321.5,0.550,84,2561.1,3606.7,318.0,66
42.1667,2036.58,2473.4,3647.9,149.0,0.475,124,2367.1,3711.8,296.0,62
42.1833,2037.42,2451.1,3636.7,295.0,0.714,184,2528.8,3470.0,294.5,156
42.2000,2038.25,2427.2,3624.9,298.0,0.826,216,2528.6,3434.2,297.5,220
42.2167,2039.08,2404.7,3613.7,179.0,0.862,102,2302.7,3615.5,300.0,250
42.2333,2039.92,2378.5,3598.4,308.5,0.848,242,2529.2,3409.0,307.5,252
42.2500,2040.75,2359.8,3584.7,313.0,0.814,248,2528.9,3403.3,313.0,254
42.2667,2041.58,2340.1,3564.0,320.5,0.830,244,2528.4,3408.8,318.5,252
42.2833,2042.42,2319.5,3538.7,329.0,0.800,244,2528.6,3413.1,330.5,184
42.3000,2043.25,2298.4,3511.3,151.0,0.312,140,2175.9,3579.1,257.5,56
42.3167,2044.08,2277.0,3483.0,149.0,0.541,118,2175.8,3543.8,257.0,50
42.3333,2044.92,2258.6,3460.2,151.0,0.600,124,2150.2,3520.3,78.5,52
42.3500,2045.75,2240.3,3437.4,151.0,0.500,112,2142.3,3491.7,126.0,62
42.3667,2046.58,2219.7,3411.6,153.5,0.905,86,2142.8,3450.0,116.5,132
42.3833,2047.42,2198.1,3385.3,108.5,0.940,144,2152.4,3521.9,107.5,144
42.4000,2048.25,2176.8,3360.8,96.5,1.000,162,2158.5,3521.7,94.5,170
42.4167,2049.08,2156.9,3338.6,165.0,0.550,84,2075.8,3360.4,156.0,68
42.4333,2049.92,2139.2,3319.8,152.0,0.952,86,2063.2,3360.2,150.5,84
42.4500,2050.75,2114.5,3307.0,151.5,0.794,112,2016.0,3360.5,91.0,64
42.4667,2051.58,2091.4,3297.4,151.0,0.700,124,1982.9,3357.6,89.5,64
42.4833,2052.42,2068.7,3289.2,152.0,0.692,96,1983.9,3334.2,83.5,64
42.5000,2053.25,2046.6,3281.6,152.0,0.857,100,1958.3,3328.5,152.5,104
42.5167,2054.08,2027.3,3275.2,151.0,0.848,110,1931.1,3328.5,151.0,104
42.5333,2054.92,2001.0,3268.3,150.5,0.769,122,1894.8,3328.4,86.5,64
42.5500,2055.75,1979.6,3262.8,151.0,0.696,136,1860.6,3328.7,35.0,56
42.5667,2056.58,1955.9,3257.3,151.0,0.510,146,1828.2,3328.1,275.5,58
42.5833,2057.42,1934.3,3252.3,273.0,0.590,278,1948.9,2974.6,273.0,176
42.6000,2058.25,1913.8,3247.7,276.5,0.722,274,1944.8,2975.5,275.5,218
42.6167,2059.08,1888.6,3243.1,276.0,0.954,174,1906.7,3070.0,278.0,188
42.6333,2059.92,1868.1,3239.0,279.5,0.968,170,1896.2,3071.3,282.5,178
42.6500,2060.75,1842.5,3234.6,287.0,0.979,138,1882.9,3102.7,288.5,176
42.6667,2061.58,1822.2,3229.9,291.0,0.957,136,1870.9,3102.9,292.0,144
42.6833,2062.42,1801.9,3223.5,295.5,0.889,134,1859.6,3102.6,294.0,134
42.7000,2063.25,1779.8,3215.4,304.0,0.848,136,1855.9,3102.7,302.0,132
42.7167,2064.08,1758.8,3206.3,306.0,0.881,128,1834.1,3102.7,304.0,126
42.7333,2064.92,1735.1,3193.3,312.0,0.872,122,1816.7,3102.6,312.0,124
42.7500,2065.75,1718.9,3182.8,316.0,0.943,114,1800.9,3103.6,314.5,112
42.7667,2066.58,1702.1,3170.4,316.0,1.000,96,1771.2,3103.7,319.0,108
42.7833,2067.42,1684.9,3156.2,321.0,1.000,84,1750.1,3103.3,325.0,92
42.8000,2068.25,1667.5,3140.1,287.0,0.852,98,1696.1,3046.4,285.0,92
42.8167,2069.08,1649.8,3122.6,292.0,0.826,90,1683.5,3039.1,291.5,92
42.8333,2069.92,1635.7,3108.4,288.0,0.625,92,1664.1,3020.9,291.5,88
42.8500,2070.75,1623.1,3093.6,292.0,0.788,110,1664.3,2991.6,291.5,112
42.8667,2071.58,1608.3,3076.8,148.0,0.857,86,1535.3,3122.4,146.0,82
42.8833,2072.42,1592.6,3060.1,13.5,0.188,108,1697.6,3085.3,146.5,70
42.9000,2073.25,1577.6,3044.8,102.0,0.859,200,1536.0,3240.4,99.5,180
42.9167,2074.08,1563.2,3031.1,271.0,0.072,376,1569.7,2655.1,146.5,70
42.9333,2074.92,1549.8,3018.6,261.0,0.035,270,1507.6,2752.0,146.5,64
42.9500,2075.75,1533.3,3003.8,154.5,0.238,86,1455.7,3040.8,150.0,78
42.9667,2076.58,1517.7,2990.2,148.0,1.000,96,1436.3,3041.0,148.5,96
42.9833,2077.42,1502.6,2977.2,149.5,0.576,110,1407.8,3033.0,223.0,56
43.0000,2078.25,1488.2,2964.8,148.0,0.615,96,1406.8,3015.7,215.0,60
43.0167,2079.08,1475.4,2953.7,149.5,0.719,108,1382.3,3008.6,216.5,58
43.0333,2079.92,1458.9,2940.2,150.5,0.404,138,1338.7,3008.1,216.5,58
43.0500,2080.75,1445.7,2928.8,154.0,0.217,182,1282.1,3008.6,216.5,60
43.0667,2081.58,1430.8,2916.9,233.5,0.086,206,1308.2,2751.3,214.5,60
43.0833,2082.42,1417.0,2906.3,233.5,0.108,192,1302.8,2751.9,215.5,66
43.1000,2083.25,1404.2,2896.8,259.5,0.077,148,1377.2,2751.3,198.0,60
43.1167,2084.08,1389.0,2885.9,82.0,0.925,124,1406.3,3008.7,81.5,152
43.1333,2084.92,1375.5,2877.4,77.5,0.867,134,1404.5,3008.2,77.0,150
43.1500,2085.75,1359.1,2868.0,99.0,0.143,142,1336.9,3008.3,98.0,58
43.1667,2086.58,1346.0,2860.7,99.0,0.132,150,1322.5,3008.9,98.0,58
43.1833,2087.42,1332.9,2853.8,257.0,0.129,106,1309.1,2750.6,104.0,56
43.2000,2088.25,1318.6,2846.9,91.5,0.831,162,1314.4,3008.9,92.0,154
43.2167,2089.08,1304.4,2841.1,88.5,0.887,168,1308.8,3009.1,87.5,168
43.2333,2089.92,1287.6,2835.7,82.0,0.833,176,1312.1,3009.9,82.0,174
43.2500,2090.75,1275.7,2832.8,80.0,0.836,178,1306.6,3008.1,78.5,180
43.2667,2091.58,1262.6,2830.5,75.0,0.871,184,1310.2,3008.2,74.5,184
43.2833,2092.42,1248.7,2828.4,70.5,0.797,192,1312.8,3009.4,70.5,192
43.3000,2093.25,1234.5,2826.9,284.0,0.108,210,1285.3,2623.2,95.0,62
43.3167,2094.08,1219.9,2826.1,283.5,0.098,208,1268.4,2623.9,95.0,62
43.3333,2094.92,1207.4,2825.2,94.5,0.543,184,1193.0,3008.6,93.5,132
43.3500,2095.75,1195.5,2825.2,92.5,0.800,184,1187.4,3009.0,92.5,176
43.3667,2096.58,1181.6,2825.5,89.5,0.843,184,1183.2,3009.5,87.5,186
43.3833,2097.42,1167.4,2826.7,84.0,0.857,184,1186.6,3009.7,84.5,184
43.4000,2098.25,1153.5,2828.7,80.5,0.855,182,1183.6,3008.2,79.5,184
43.4167,2099.08,1140.0,2831.0,77.0,0.870,182,1180.9,3008.3,75.0,184
43.4333,2099.92,1129.6,2834.0,74.0,0.884,182,1179.8,3008.9,71.5,184
43.4500,2100.75,1114.4,2839.3,67.5,0.857,184,1184.8,3009.3,66.0,184
43.4667,2101.58,1100.9,2848.7,64.5,0.851,178,1177.6,3009.4,63.5,184
43.4833,2102.42,1086.7,2864.8,54.5,0.879,176,1188.9,3008.1,54.0,174
43.5000,2103.25,1070.7,2885.9,302.5,0.400,84,1115.8,2815.1,335.5,64
43.5167,2104.08,1054.2,2907.6,304.5,0.294,112,1117.6,2815.3,263.5,56
43.5333,2104.92,1033.0,2937.8,305.0,0.264,150,1119.1,2814.9,263.5,64
43.5500,2105.75,1017.6,2962.4,304.0,0.209,178,1117.2,2814.8,263.5,64
43.5667,2106.58,1001.1,2989.3,302.5,0.185,206,1111.8,2815.6,263.5,64
43.5833,2107.42,985.2,3014.5,302.5,0.177,236,1112.0,2815.5,136.0,58
43.6000,2108.25,969.5,3039.2,162.5,0.238,212,767.3,3102.9,159.0,60
43.6167,2109.08,951.5,3068.8,199.0,0.729,162,798.4,3016.0,199.0,132
43.6333,2109.92,936.9,3093.4,204.5,0.926,152,798.6,3030.4,206.5,154
43.6500,2110.75,917.2,3124.8,217.5,0.981,148,799.8,3034.7,220.5,156
43.6667,2111.58,900.1,3150.0,230.5,0.947,158,799.6,3028.1,230.5,162
43.6833,2112.42,883.1,3175.4,173.0,0.250,116,768.0,3189.5,173.0,64
43.7000,2113.25,864.6,3203.2,173.0,0.333,98,767.3,3215.1,175.0,66
43.7167,2114.08,845.5,3230.0,0.5,0.143,226,1071.5,3232.0,176.5,66
43.7333,2114.92,824.0,3262.4,227.0,1.000,84,766.7,3200.9,229.5,86
43.7500,2115.75,807.4,3285.4,247.5,0.800,104,767.6,3189.3,247.5,96
43.7667,2116.58,789.2,3308.9,255.5,1.000,86,767.7,3225.6,258.0,114
43.7833,2117.42,768.9,3333.4,193.0,0.357,100,671.5,3310.9,248.0,74
43.8000,2118.25,747.0,3358.9,263.0,0.458,92,735.8,3267.6,248.0,72
43.8167,2119.08,724.5,3385.3,223.5,0.550,84,663.5,3327.5,224.5,68
43.8333,2119.92,707.0,3406.6,243.5,0.455,88,667.7,3327.8,224.0,68
43.8500,2120.75,685.4,3427.2,242.5,0.235,112,633.7,3327.8,223.5,68
43.8667,2121.58,662.2,3450.7,296.0,0.134,208,753.4,3263.8,66.5,56
43.8833,2122.42,639.0,3475.1,293.5,0.184,196,717.1,3295.3,129.5,64
43.9000,2123.25,616.2,3497.9,241.0,0.842,158,539.6,3359.7,242.5,62
43.9167,2124.08,593.5,3518.3,249.5,0.889,170,533.9,3359.0,247.5,176
43.9333,2124.92,574.1,3534.8,257.0,0.971,180,533.6,3359.5,253.5,186
43.9500,2125.75,546.4,3557.6,11.0,0.292,140,683.8,3584.3,33.5,58
43.9667,2126.58,521.5,3579.0,2.0,0.220,144,665.4,3584.0,33.5,58
43.9833,2127.42,497.2,3600.3,80.0,0.098,146,522.6,3744.0,80.0,58
44.0000,2128.25,473.7,3621.2,67.5,0.750,100,511.9,3713.5,62.5,118
44.0167,2129.08,453.4,3640.5,94.5,0.300,104,445.2,3744.2,114.5,74
44.0333,2129.92,425.1,3667.3,208.0,0.132,302,158.5,3525.5,90.5,70
44.0500,2130.75,403.9,3689.5,82.0,0.227,88,416.1,3776.6,105.0,66
44.0667,2131.58,381.3,3714.4,334.0,0.131,288,640.2,3588.2,334.0,86
44.0833,2132.42,361.1,3738.0,4.0,0.667,86,446.8,3744.0,333.5,90
44.1000,2133.25,342.7,3761.1,337.5,0.571,114,448.0,3717.4,336.5,86
44.1167,2134.08,322.1,3788.7,352.5,0.385,96,417.3,3776.1,83.0,54
44.1333,2134.92,307.0,3811.1,329.0,0.238,128,416.7,3745.2,28.0,58
44.1500,2135.75,291.0,3841.0,346.0,0.930,130,417.1,3809.6,346.0,130
44.1667,2136.58,279.9,3865.5,338.5,0.904,148,417.6,3811.3,338.5,146
44.1833,2137.42,270.8,3890.2,333.0,0.917,164,416.9,3815.8,332.5,164
44.2000,2138.25,261.5,3916.5,326.5,0.845,186,416.6,3813.8,326.5,186
44.2167,2139.08,252.4,3940.9,11.0,0.145,168,417.3,3972.9,10.0,60
44.2333,2139.92,243.7,3971.7,32.0,0.136,176,392.9,4065.0,15.0,60
44.2500,2140.75,238.7,3995.7,32.0,0.141,172,384.5,4086.8,31.5,62
44.2667,2141.58,235.1,4021.0,7.0,0.786,184,417.8,4043.4,7.0,166
44.2833,2142.42,233.5,4047.6,0.5,0.957,184,417.5,4049.2,358.5,184
44.3000,2143.25,234.2,4075.6,354.0,0.929,184,417.2,4056.4,352.5,188
44.3167,2144.08,237.1,4105.1,341.5,0.932,190,417.3,4044.8,341.5,190
44.3333,2144.92,241.3,4128.6,337.5,0.929,156,385.4,4068.9,335.0,194
44.3500,2145.75,247.8,4151.9,328.0,0.949,162,385.2,4066.1,329.0,196
44.3667,2146.58,256.9,4178.3,319.5,0.952,168,384.6,4069.2,319.5,206
44.3833,2147.42,267.5,4204.6,316.5,0.949,162,385.0,4093.1,314.0,218
44.4000,2148.25,278.6,4228.5,309.0,0.984,168,384.3,4097.9,304.5,180
44.4167,2149.08,289.2,4249.3,305.0,0.951,166,384.4,4113.3,303.5,174
44.4333,2149.92,300.4,4266.8,298.0,0.868,180,384.9,4107.8,296.0,188
44.4500,2150.75,316.5,4288.6,290.5,0.867,194,384.4,4106.9,290.0,200
44.4667,2151.58,331.9,4306.9,287.5,0.958,188,388.4,4127.6,287.0,204
44.4833,2152.42,347.4,4323.2,283.5,0.949,202,394.6,4126.8,281.5,216
44.5000,2153.25,362.8,4338.3,331.5,0.548,106,456.0,4287.7,99.0,80
44.5167,2154.08,376.8,4351.4,331.5,0.311,134,494.6,4287.5,346.0,66
44.5333,2154.92,397.2,4367.6,169.5,0.417,92,306.7,4384.3,193.0,74
44.5500,2155.75,419.1,4377.4,176.5,0.344,108,311.3,4384.0,313.0,62
44.5667,2156.58,447.2,4386.8,312.5,0.152,136,539.0,4286.6,222.5,56
44.5833,2157.42,474.6,4394.8,311.5,0.220,144,570.0,4287.0,145.0,60
44.6000,2158.25,501.4,4401.7,307.0,0.160,144,588.0,4286.7,286.0,58
44.6167,2159.08,533.1,4409.4,304.0,0.135,148,615.9,4286.7,288.0,54
44.6333,2159.92,558.4,4414.8,283.5,0.159,132,589.2,4286.5,282.0,62
44.6500,2160.75,591.4,4421.5,300.0,0.232,156,669.4,4286.4,265.0,64
44.6667,2161.58,618.9,4427.1,294.5,0.164,154,682.7,4286.9,279.5,66
44.6833,2162.42,646.2,4432.1,270.0,0.882,146,646.2,4286.1,270.5,146
44.7000,2163.25,675.8,4437.1,298.5,0.270,170,756.9,4287.7,296.5,72
44.7167,2164.08,705.1,4441.8,294.5,0.349,170,775.6,4287.1,296.0,72
44.7333,2164.92,739.0,4447.4,269.0,0.828,160,736.2,4287.5,269.0,144
44.7500,2165.75,763.5,4448.9,262.5,0.933,164,742.1,4286.3,262.0,166
44.7667,2166.58,791.2,4443.0,283.0,0.122,192,834.4,4255.9,296.5,72
44.7833,2167.42,820.6,4433.6,285.5,0.183,186,870.3,4254.4,279.5,66
44.8000,2168.25,850.8,4423.6,289.0,0.239,178,908.8,4255.3,305.0,68
44.8167,2169.08,882.9,4413.9,294.0,0.200,174,953.6,4254.9,309.0,68
44.8333,2169.92,908.6,4406.4,284.0,0.125,156,946.4,4255.0,281.0,68
44.8500,2170.75,935.3,4398.9,282.5,0.115,148,967.3,4254.4,280.5,68
44.8667,2171.58,965.6,4390.2,284.0,0.167,140,999.5,4254.4,281.0,68
44.8833,2172.42,996.7,4381.7,298.5,0.200,144,1065.4,4255.2,280.5,68
44.9000,2173.25,1026.5,4374.1,300.0,0.170,138,1095.5,4254.6,280.5,68
44.9167,2174.08,1054.4,4367.1,300.0,0.302,130,1119.4,4254.5,284.0,68
44.9333,2174.92,1079.4,4361.4,300.5,0.325,124,1142.3,4254.5,279.5,66
44.9500,2175.75,1114.5,4353.5,257.0,0.897,102,1091.6,4254.1,253.5,102
44.9667,2176.58,1145.1,4345.6,243.0,1.000,102,1098.8,4254.7,239.5,104
44.9833,2177.42,1173.9,4337.3,282.0,0.600,84,1191.4,4255.1,260.0,72
45.0000,2178.25,1201.8,4328.9,304.5,0.435,90,1252.8,4254.7,296.5,78
45.0167,2179.08,1226.7,4320.5,310.5,0.286,128,1309.8,4223.2,302.5,106
45.0333,2179.92,1259.9,4309.5,303.0,0.690,102,1315.4,4224.0,303.0,100
45.0500,2180.75,1286.5,4298.9,303.0,0.609,90,1335.5,4223.4,296.0,86
45.0667,2181.58,1315.9,4287.0,299.0,0.667,110,1369.2,4190.8,301.5,100
45.0833,2182.42,1342.7,4275.8,303.0,0.679,100,1397.2,4191.9,301.5,100
45.1000,2183.25,1367.9,4264.4,299.0,0.395,120,1426.1,4159.4,295.5,78
45.1167,2184.08,1397.8,4250.2,297.5,0.426,138,1461.5,4127.8,303.0,92
45.1333,2184.92,1421.7,4237.9,294.0,0.436,122,1471.3,4126.5,292.0,76
45.1500,2185.75,1452.2,4222.1,261.5,0.500,84,1439.7,4139.0,259.5,72
45.1667,2186.58,1476.8,4208.0,243.5,0.500,84,1439.3,4132.9,259.0,72
45.1833,2187.42,1501.8,4193.6,249.5,0.476,86,1471.7,4113.1,259.0,72
45.2000,2188.25,1529.2,4178.4,260.0,0.600,84,1514.7,4095.7,259.0,72
45.2167,2189.08,1555.2,4164.2,257.0,0.429,86,1535.9,4080.4,259.0,72
45.2333,2189.92,1585.6,4147.1,233.0,1.000,84,1535.0,4080.0,235.0,96
45.2500,2190.75,1608.5,4133.8,222.0,1.000,98,1535.6,4068.2,221.5,100
45.2667,2191.58,1632.8,4119.2,248.5,0.400,94,1598.4,4031.7,262.5,72
45.2833,2192.42,1658.7,4104.1,270.0,0.340,138,1658.7,3966.1,261.5,64
45.3000,2193.25,1686.5,4091.5,89.0,0.956,134,1688.8,4225.5,88.5,138
45.3167,2194.08,1716.5,4085.4,103.0,0.920,144,1684.1,4225.7,103.0,148
45.3333,2194.92,1740.7,4091.9,113.5,0.909,110,1696.8,4192.8,112.0,146
45.3500,2195.75,1765.6,4102.4,125.5,1.000,112,1700.6,4193.5,122.5,148
45.3667,2196.58,1794.5,4114.5,131.0,0.500,104,1726.2,4193.0,278.0,54
45.3833,2197.42,1824.3,4127.8,131.0,0.556,98,1760.0,4201.7,228.0,64
45.4000,2198.25,1852.6,4141.3,137.5,0.415,126,1759.7,4226.4,261.5,64
45.4167,2199.08,1878.5,4154.1,288.0,0.413,136,1920.5,4024.8,279.5,62
45.4333,2199.92,1901.6,4166.1,287.5,0.594,108,1934.1,4063.1,292.0,78
45.4500,2200.75,1932.1,4182.1,284.0,0.750,84,1952.4,4100.6,282.5,74
45.4667,2201.58,1959.5,4197.4,110.5,0.639,166,1901.4,4352.9,111.0,144
45.4833,2202.42,1986.1,4212.8,260.0,0.500,88,1970.8,4126.1,259.0,72
45.5000,2203.25,2011.9,4228.0,247.5,0.152,110,1969.8,4126.3,289.0,74
45.5167,2204.08,2035.0,4241.8,286.5,0.810,86,2059.5,4159.4,283.5,86
45.5333,2204.92,2066.4,4261.3,258.5,0.333,104,2045.6,4159.3,282.5,86
45.5500,2205.75,2091.6,4277.1,284.0,1.000,86,2112.4,4193.6,283.0,84
45.5667,2206.58,2119.7,4294.8,261.5,0.300,104,2104.3,4192.0,282.5,76
45.5833,2207.42,2145.8,4310.9,261.0,0.409,88,2132.1,4224.0,259.5,72
45.6000,2208.25,2171.0,4325.6,247.5,0.242,110,2129.0,4223.9,259.0,72
45.6167,2209.08,2201.6,4343.1,281.0,0.783,90,2218.7,4254.7,277.0,90
45.6333,2209.92,2226.1,4357.7,279.5,0.600,104,2243.3,4255.2,261.5,64
45.6500,2210.75,2257.8,4376.7,292.0,0.682,132,2307.2,4254.3,289.0,82
45.6667,2211.58,2283.4,4390.8,282.5,0.854,140,2313.7,4254.1,281.0,140
45.6833,2212.42,2309.6,4404.0,271.0,0.923,148,2312.2,4256.0,269.5,150
45.7000,2213.25,2338.5,4418.0,270.5,0.167,164,2339.9,4254.0,176.5,60
45.7167,2214.08,2366.3,4431.3,267.0,0.197,176,2357.1,4255.5,168.5,66
45.7333,2214.92,2399.7,4447.4,281.5,0.539,196,2438.7,4255.3,280.5,154
45.7500,2215.75,2424.7,4457.4,278.0,0.812,204,2453.1,4255.4,278.0,204
45.7667,2216.58,2451.9,4467.1,272.0,0.821,212,2459.3,4255.2,272.0,212
45.7833,2217.42,2480.8,4477.1,258.0,0.152,228,2433.4,4254.1,82.5,98
45.8000,2218.25,2511.3,4485.9,255.5,0.165,238,2451.7,4255.5,253.5,52
45.8167,2219.08,2544.3,4490.3,262.0,0.577,238,2511.1,4254.6,260.5,170
45.8333,2219.92,2572.9,4483.1,257.0,0.895,234,2520.3,4255.1,256.5,228
45.8500,2220.75,2602.6,4473.2,254.0,0.946,228,2539.7,4254.1,251.0,236
45.8667,2221.58,2636.6,4461.1,241.5,0.947,234,2524.9,4255.5,242.0,236
45.8833,2222.42,2672.0,4448.1,154.0,0.412,146,2540.7,4512.1,151.5,52
45.9000,2223.25,2705.7,4435.6,261.0,0.290,182,2677.2,4255.8,208.0,64
45.9167,2224.08,2736.2,4424.1,243.0,0.644,190,2650.0,4254.8,241.0,148
45.9333,2224.92,2763.5,4412.9,236.0,0.945,190,2657.2,4255.4,236.0,190
45.9500,2225.75,2799.4,4396.0,225.0,0.935,198,2659.4,4256.0,224.0,202
45.9667,2226.58,2832.4,4380.8,258.0,0.390,162,2798.8,4222.3,258.0,70
45.9833,2227.42,2864.5,4366.2,258.0,0.412,180,2827.1,4190.1,259.5,72
46.0000,2228.25,2895.4,4352.2,258.0,0.312,198,2854.2,4158.5,250.5,68
46.0167,2229.08,2923.1,4340.0,258.0,0.293,208,2879.8,4136.5,259.5,72
46.0333,2229.92,2960.9,4323.5,238.0,0.573,194,2858.1,4159.0,237.0,142
46.0500,2230.75,2989.8,4309.2,233.5,0.958,186,2879.2,4159.7,231.5,188
46.0667,2231.58,3021.8,4293.5,257.0,0.225,204,2975.9,4094.7,262.5,72
46.0833,2232.42,3051.6,4278.9,254.5,0.267,224,2991.7,4063.0,262.5,72
46.1000,2233.25,3079.9,4265.1,252.5,0.204,240,3007.8,4036.2,262.5,72
46.1167,2234.08,3113.4,4249.1,252.0,0.186,238,3039.9,4022.7,260.5,72
46.1333,2234.92,3141.4,4236.1,36.5,0.455,88,3212.1,4288.4,27.5,64
46.1500,2235.75,3178.1,4221.5,253.5,0.138,232,3112.2,3999.1,84.5,62
46.1667,2236.58,3207.9,4209.9,255.0,0.162,118,3177.4,4095.9,90.5,64
46.1833,2237.42,3237.7,4198.4,268.0,0.295,166,3231.9,4032.6,55.5,62
46.2000,2238.25,3270.2,4186.4,270.5,0.330,220,3272.1,3966.4,269.0,126
46.2167,2239.08,3301.5,4175.2,269.0,0.585,208,3297.8,3967.2,266.5,166
46.2333,2239.92,3339.1,4162.3,262.5,0.855,196,3313.6,3968.0,260.0,198
46.2500,2240.75,3366.8,4152.8,251.5,0.908,196,3304.6,3966.9,251.0,200
46.2667,2241.58,3396.0,4141.1,243.5,0.920,194,3309.5,3967.5,243.5,198
46.2833,2242.42,3426.8,4127.6,232.0,0.925,204,3301.2,3966.9,231.0,204
46.3000,2243.25,3458.6,4112.2,224.0,0.927,208,3309.0,3967.8,223.5,214
46.3167,2244.08,3490.9,4094.7,213.5,0.935,230,3299.2,3967.8,213.0,232
46.3333,2244.92,3516.4,4080.2,208.5,0.958,236,3309.0,3967.5,207.5,246
46.3500,2245.75,3540.8,4064.0,204.0,0.948,238,3323.3,3967.2,202.0,260
46.3667,2246.58,3567.2,4045.3,197.0,0.946,266,3312.8,3967.5,195.0,282
46.3833,2247.42,3592.7,4025.8,193.5,0.961,248,3351.5,3967.9,191.5,300
46.4000,2248.25,3615.2,4007.2,188.0,0.983,282,3335.9,3967.9,186.5,324
46.4167,2249.08,3634.7,3989.9,184.0,1.000,314,3321.4,3968.0,183.0,336
46.4333,2249.92,3650.5,3974.4,181.5,1.000,248,3402.6,3967.9,180.5,356
46.4500,2250.75,3668.8,3954.5,173.5,1.000,86,3583.3,3964.2,172.5,100
46.4667,2251.58,3683.9,3936.5,172.0,1.000,102,3582.9,3950.7,171.0,106
46.4833,2252.42,3696.9,3919.5,168.5,0.972,116,3583.3,3942.6,168.0,120
46.5000,2253.25,3707.9,3903.3,167.5,1.000,96,3614.2,3924.1,166.5,108
46.5167,2254.08,3715.7,3889.1,166.0,1.000,104,3614.8,3914.2,165.5,106
46.5333,2254.92,3722.3,3870.6,257.0,0.370,98,3700.3,3775.1,163.5,84
46.5500,2255.75,3725.5,3857.4,160.5,0.900,84,3646.3,3885.5,161.0,82
46.5667,2256.58,3729.6,3845.5,56.5,0.524,86,3777.0,3917.2,259.0,72
46.5833,2257.42,3734.3,3836.0,60.5,0.524,86,3776.6,3910.8,259.0,72
46.6000,2258.25,3739.9,3827.9,64.0,0.950,84,3776.7,3903.4,63.5,84
46.6167,2259.08,3747.3,3819.1,70.0,1.000,84,3776.1,3898.0,72.0,94
46.6333,2259.92,3753.7,3812.9,75.0,1.000,88,3776.4,3897.9,76.5,98
46.6500,2260.75,3763.0,3806.4,81.0,1.000,84,3776.1,3889.3,83.5,104
46.6667,2261.58,3771.0,3802.1,86.5,1.000,84,3776.1,3886.0,87.0,106
46.6833,2262.42,3779.0,3798.8,244.5,0.393,156,3711.9,3658.0,91.0,112
46.7000,2263.25,3787.5,3795.7,66.5,0.450,84,3821.0,3872.8,96.0,118
46.7167,2264.08,3795.4,3793.6,68.0,0.429,86,3827.6,3873.3,100.5,122
46.7333,2264.92,3804.8,3792.6,104.5,1.000,84,3783.8,3873.9,105.5,122
46.7500,2265.75,3811.4,3792.6,104.5,1.000,84,3790.4,3873.9,108.0,124
46.7667,2266.58,3818.4,3793.0,250.0,0.356,218,3743.9,3588.2,63.0,62
46.7833,2267.42,3826.0,3793.8,249.5,0.312,236,3743.4,3572.8,64.5,62
46.8000,2268.25,3834.2,3795.3,68.0,0.667,188,3904.7,3969.6,66.5,152
46.8167,2269.08,3843.3,3797.8,68.5,0.829,184,3910.8,3969.0,68.0,212
46.8333,2269.92,3851.7,3800.4,70.5,0.776,178,3911.1,3968.2,68.5,204
46.8500,2270.75,3860.9,3804.4,72.0,0.723,174,3914.7,3969.9,72.0,210
46.8667,2271.58,3871.9,3811.0,74.5,0.783,164,3915.8,3969.1,75.0,200
46.8833,2272.42,3883.4,3821.6,160.5,0.208,284,3615.7,3916.5,199.0,66
46.9000,2273.25,3894.4,3835.1,257.0,0.480,94,3873.3,3743.5,250.0,68
46.9167,2274.08,3904.8,3848.3,255.5,0.312,108,3877.7,3743.7,254.0,70
46.9333,2274.92,3914.3,3860.3,345.0,0.478,90,4001.2,3837.0,344.0,66
46.9500,2275.75,3926.4,3877.2,333.0,0.500,84,4001.2,3839.0,333.0,66
46.9667,2276.58,3937.6,3892.8,182.0,0.259,98,3839.6,3889.4,334.0,66
46.9833,2277.42,3948.5,3908.2,187.0,0.303,110,3839.3,3894.8,324.0,60
47.0000,2278.25,3959.0,3923.3,346.5,0.500,84,4040.7,3903.7,111.0,82
47.0167,2279.08,3968.5,3936.9,336.5,0.500,84,4045.6,3903.4,89.5,96
47.0333,2279.92,3982.8,3954.3,322.5,0.750,84,4049.4,3903.1,260.0,72
47.0500,2280.75,3996.6,3966.5,311.5,0.550,84,4052.2,3903.6,260.0,72
47.0667,2281.58,4015.5,3979.7,294.0,0.250,84,4049.7,3902.9,232.5,66
47.0833,2282.42,4034.8,3991.5,259.0,0.304,90,4017.6,3903.2,110.5,76
47.1000,2283.25,4054.1,4002.5,261.0,0.143,100,4038.4,3903.7,123.0,76
47.1167,2284.08,4077.4,4015.6,256.0,0.139,116,4049.4,3903.1,142.5,80
47.1333,2284.92,4096.9,4025.0,175.5,0.304,90,4007.1,4032.0,174.0,100
47.1500,2285.75,4121.6,4037.2,185.5,0.250,124,3998.2,4025.3,297.0,64
47.1667,2286.58,4141.9,4047.1,157.5,0.286,212,3946.0,4128.2,304.0,70
47.1833,2287.42,4162.6,4056.4,282.5,0.737,158,4196.8,3902.1,282.5,146
47.2000,2288.25,4185.4,4066.2,157.0,0.215,202,3999.4,4145.2,257.0,64
47.2167,2289.08,4207.5,4075.9,157.5,0.295,220,4004.2,4160.0,256.5,64
47.2333,2289.92,4233.9,4087.3,282.5,0.569,188,4274.6,3903.8,282.5,150
47.2500,2290.75,4254.0,4094.6,281.0,0.855,196,4291.4,3902.2,279.5,194
47.2667,2291.58,4276.1,4102.4,157.5,0.312,230,4063.6,4190.5,257.0,64
47.2833,2292.42,4299.7,4111.3,100.5,0.350,84,4284.4,4193.9,86.5,64
47.3000,2293.25,4324.2,4121.1,158.5,0.187,194,4143.7,4192.2,256.5,64
47.3167,2294.08,4349.4,4131.4,283.5,0.411,234,4404.1,3903.9,285.0,142
47.3333,2294.92,4369.7,4139.9,283.0,0.650,244,4424.6,3902.2,283.5,206
47.3500,2295.75,4390.8,4146.5,281.0,0.794,248,4438.1,3903.1,281.0,254
47.3667,2296.58,4415.8,4153.2,274.0,0.786,250,4433.2,3903.9,274.0,256
47.3833,2297.42,4441.9,4159.9,168.0,0.107,156,4289.3,4192.3,284.0,62
47.4000,2298.25,4466.7,4166.1,170.5,0.105,158,4310.8,4192.2,280.0,64
47.4167,2299.08,4489.1,4172.3,282.5,0.352,254,4544.1,3924.3,279.0,146
47.4333,2299.92,4509.9,4177.9,277.5,0.560,262,4544.1,3918.2,277.5,192
47.4500,2300.75,4536.7,4183.8,274.5,0.786,250,4556.3,3934.5,275.0,258
47.4667,2301.58,4561.9,4189.8,168.5,0.156,172,4393.3,4224.1,257.0,64
47.4833,2302.42,4586.4,4195.9,161.5,0.191,180,4415.7,4253.0,316.5,62
47.5000,2303.25,4609.8,4201.8,310.5,0.447,196,4737.1,4052.7,310.0,142
47.5167,2304.08,4630.8,4207.6,307.0,0.750,180,4739.1,4063.8,303.0,84
47.5333,2304.92,4659.6,4216.2,300.0,0.758,176,4747.6,4063.8,304.0,68
47.5500,2305.75,4683.8,4223.2,292.0,0.734,172,4748.2,4063.7,46.0,92
47.5667,2306.58,4709.7,4230.9,281.0,0.841,170,4742.1,4064.0,280.0,184
47.5833,2307.42,4733.3,4236.9,274.0,0.862,174,4745.4,4063.4,274.5,184
47.6000,2308.25,4757.1,4240.0,303.5,0.123,174,4853.2,4094.9,52.0,78
47.6167,2309.08,4788.5,4240.7,169.5,1.000,84,4705.9,4256.0,169.0,90
47.6333,2309.92,4815.9,4240.8,172.0,0.697,110,4707.0,4256.1,130.5,74
47.6500,2310.75,4849.1,4242.1,171.0,0.478,90,4760.3,4256.2,176.5,74
47.6667,2311.58,4876.4,4243.3,172.5,0.259,98,4779.2,4256.0,256.5,64
47.6833,2312.42,4904.1,4244.8,233.5,0.176,226,4769.7,4063.1,260.0,72
47.7000,2313.25,4934.2,4246.8,233.0,0.164,190,4819.8,4095.0,260.0,72
47.7167,2314.08,4962.4,4248.8,233.0,0.162,192,4846.9,4095.4,256.5,64
47.7333,2314.92,4996.8,4251.2,233.0,0.158,196,4878.8,4094.7,260.0,72
47.7500,2315.75,5021.7,4253.5,301.0,0.129,184,5116.5,4095.8,260.0,72
47.7667,2316.58,5048.9,4256.4,233.5,0.115,200,4929.9,4095.6,260.0,72
47.7833,2317.42,5078.1,4260.1,233.5,0.136,206,4955.5,4094.5,260.0,72
47.8000,2318.25,5108.6,4264.5,233.5,0.145,210,4983.7,4095.7,260.0,72
47.8167,2319.08,5140.5,4269.0,278.0,0.621,176,5165.0,4094.7,275.5,146
47.8333,2319.92,5167.0,4273.3,274.5,0.881,178,5180.9,4095.8,272.5,180
47.8500,2320.75,5193.1,4276.0,266.0,0.783,182,5180.4,4094.5,265.0,182
47.8667,2321.58,5223.5,4277.5,7.0,0.409,88,5310.9,4288.2,260.0,72
47.8833,2322.42,5255.2,4273.4,233.0,0.167,224,5120.4,4094.5,40.5,70
47.9000,2323.25,5285.0,4264.1,230.5,0.161,218,5146.4,4095.9,260.0,72
47.9167,2324.08,5312.2,4254.8,229.5,0.133,210,5175.8,4095.1,107.5,70
47.9333,2324.92,5337.6,4247.0,229.5,0.128,200,5207.7,4094.9,260.0,72
47.9500,2325.75,5370.5,4237.2,260.0,0.120,144,5345.5,4095.4,260.0,72
47.9667,2326.58,5400.8,4228.9,259.5,0.130,136,5376.0,4095.2,260.0,72
47.9833,2327.42,5430.2,4221.2,71.0,0.140,130,5472.5,4344.1,284.5,68
48.0000,2328.25,5458.4,4213.6,84.0,0.163,130,5472.0,4342.9,260.0,72
48.0167,2329.08,5483.7,4206.5,219.5,0.138,174,5349.4,4095.9,260.0,72
48.0333,2329.92,5518.6,4197.9,99.5,0.175,124,5498.1,4320.2,194.5,66
48.0500,2330.75,5545.6,4191.8,93.5,0.263,158,5535.9,4349.5,194.5,66
48.0667,2331.58,5575.6,4185.0,228.0,0.111,206,5437.8,4031.9,194.5,66
48.0833,2332.42,5603.7,4178.8,227.5,0.090,200,5468.6,4031.3,194.5,66
48.1000,2333.25,5630.6,4173.2,228.5,0.149,232,5476.8,3999.4,260.0,72
48.1167,2334.08,5662.4,4166.9,231.5,0.142,256,5503.0,3966.6,260.0,72
48.1333,2334.92,5688.4,4162.1,231.0,0.126,250,5531.1,3967.8,260.0,72
48.1500,2335.75,5721.5,4151.5,231.5,0.157,298,5535.9,3918.3,259.5,64
48.1667,2336.58,5748.5,4142.2,289.5,0.200,84,5776.6,4063.0,260.0,72
48.1833,2337.42,5775.8,4132.8,231.5,0.128,294,5592.7,3902.7,259.5,106
48.2000,2338.25,5805.2,4122.6,220.5,0.042,92,5735.3,4062.8,234.0,96
48.2167,2339.08,5833.4,4112.1,295.0,0.018,266,5945.8,3871.1,299.5,50
48.2333,2339.92,5867.8,4099.7,263.0,0.078,198,5843.7,3903.1,263.0,72
48.2500,2340.75,5895.4,4091.6,229.0,0.126,250,5731.4,3902.9,260.0,72
48.2667,2341.58,5925.8,4082.0,244.0,0.649,198,5839.0,3904.0,243.5,172
48.2833,2342.42,5958.2,4071.4,226.5,0.117,232,5798.5,3903.1,260.0,72
48.3000,2343.25,5992.3,4060.4,225.5,0.091,220,5838.1,3903.5,257.0,64
48.3167,2344.08,6028.0,4049.2,254.5,0.425,218,5969.7,3839.1,256.5,144
48.3333,2344.92,6057.0,4040.0,251.5,0.681,232,5983.4,3820.0,252.0,200
48.3500,2345.75,6086.5,4031.4,251.5,0.726,270,6000.9,3775.4,251.5,252
48.3667,2346.58,6119.9,4020.4,245.0,0.788,270,6005.8,3775.7,244.5,282
48.3833,2347.42,6153.9,4007.7,239.5,0.816,272,6015.9,3773.4,239.5,286
48.4000,2348.25,6186.2,3994.8,283.0,0.176,226,6237.1,3774.5,279.5,68
48.4167,2349.08,6216.4,3982.7,259.0,0.194,374,6145.1,3615.6,260.0,72
48.4333,2349.92,6243.7,3972.1,255.0,0.184,370,6147.9,3614.7,256.5,64
48.4500,2350.75,6279.7,3958.7,275.5,0.667,152,6294.3,3807.4,275.5,136
48.4667,2351.58,6312.8,3946.8,269.5,0.688,140,6311.6,3806.8,267.0,174
48.4833,2352.42,6345.0,3935.3,249.0,0.745,138,6295.5,3806.5,251.5,170
48.5000,2353.25,6375.9,3924.0,239.0,0.783,136,6305.9,3807.5,238.5,160
48.5167,2354.08,6403.5,3913.3,259.5,0.116,372,6335.7,3547.6,303.5,66
48.5333,2354.92,6440.4,3898.8,254.0,0.131,380,6335.7,3533.5,282.5,60
48.5500,2355.75,6470.4,3887.8,249.0,0.114,376,6335.7,3536.7,145.5,64
48.5667,2356.58,6503.7,3875.7,9.0,0.167,188,6689.4,3905.1,256.5,64
48.5833,2357.42,6534.3,3864.9,7.5,0.292,188,6720.7,3889.4,259.5,64
48.6000,2358.25,6563.4,3855.0,8.5,0.345,160,6721.7,3878.6,259.5,64
48.6167,2359.08,6598.5,3843.3,10.0,0.525,166,6761.9,3872.1,263.0,72
48.6333,2359.92,6627.1,3834.2,14.0,0.474,158,6780.4,3872.4,263.0,72
48.6500,2360.75,6663.2,3822.9,22.5,0.279,130,6783.3,3872.7,22.5,72
48.6667,2361.58,6692.6,3814.1,330.5,0.076,254,6913.7,3689.1,259.5,64
48.6833,2362.42,6722.3,3805.6,333.5,0.107,212,6912.1,3711.0,348.5,66
48.7000,2363.25,6754.8,3796.6,326.5,0.041,190,6913.2,3691.8,21.5,66
48.7167,2364.08,6785.9,3788.2,82.0,0.518,214,6815.7,4000.2,79.5,140
48.7333,2364.92,6823.4,3778.8,326.5,0.718,122,6925.1,3711.4,84.0,214
48.7500,2365.75,6851.1,3772.1,306.5,1.000,104,6913.0,3688.5,84.5,284
48.7667,2366.58,6881.1,3765.5,326.5,0.963,98,6962.8,3711.4,87.0,322
48.7833,2367.42,6913.2,3759.0,92.0,0.810,338,6901.4,4096.8,91.5,344
48.8000,2368.25,6947.0,3753.4,309.0,0.808,96,7007.4,3678.8,95.0,290
48.8167,2369.08,6982.8,3750.0,290.0,0.500,144,7032.0,3614.7,300.5,102
48.8333,2369.92,7012.7,3751.5,281.0,0.396,140,7039.4,3614.1,264.5,110
48.8500,2370.75,7044.1,3754.4,209.0,0.500,88,6967.1,3711.7,260.0,72
48.8667,2371.58,7079.9,3758.3,201.0,0.372,130,6958.5,3711.7,95.5,172
48.8833,2372.42,7116.7,3763.1,100.5,0.737,242,7072.6,4001.0,100.0,224
48.9000,2373.25,7151.7,3768.1,196.5,0.182,198,6961.9,3711.9,255.5,62
48.9167,2374.08,7183.7,3772.9,95.5,0.156,198,7164.7,3970.0,256.5,68
48.9333,2374.92,7212.4,3777.7,195.0,0.133,254,6967.1,3712.0,258.0,70
48.9500,2375.75,7251.0,3784.3,97.5,0.355,348,7205.6,4129.3,94.0,174
48.9667,2376.58,7286.4,3791.1,97.0,0.576,308,7248.8,4096.8,97.0,238
48.9833,2377.42,7320.3,3798.4,99.5,0.791,302,7270.4,4096.3,100.0,294
49.0000,2378.25,7352.5,3806.0,104.0,0.844,300,7279.9,4097.1,103.5,304
49.0167,2379.08,7381.1,3813.4,109.5,0.781,300,7281.0,4096.2,111.0,216
49.0333,2379.92,7420.1,3825.0,118.0,0.818,308,7275.5,4097.0,118.0,312
49.0500,2380.75,7451.9,3835.3,123.0,0.776,312,7282.0,4097.0,122.5,296
49.0667,2381.58,7486.0,3847.2,245.0,0.113,362,7333.0,3519.1,257.5,66
49.0833,2382.42,7517.2,3858.5,258.0,0.069,248,7465.6,3615.9,256.5,68
49.1000,2383.25,7546.9,3869.8,107.5,0.562,172,7495.1,4033.9,106.5,132
49.1167,2384.08,7582.3,3884.2,117.0,0.886,132,7522.4,4001.8,116.5,166
49.1333,2384.92,7611.8,3896.7,126.0,0.905,128,7536.5,4000.3,127.0,172
49.1500,2385.75,7648.9,3913.2,88.0,0.364,88,7652.0,4001.2,90.5,64
49.1667,2386.58,7679.6,3927.8,255.5,0.125,124,7648.5,3807.8,93.0,64
49.1833,2387.42,7710.1,3943.1,255.5,0.125,140,7675.0,3807.6,93.0,64
49.2000,2388.25,7743.0,3960.0,89.0,0.174,136,7745.3,4096.0,91.0,64
49.2167,2389.08,7774.9,3976.9,108.5,0.296,98,7743.8,4069.8,181.5,138
49.2333,2389.92,7813.3,3997.7,108.5,0.233,104,7780.3,4096.3,256.5,64
49.2500,2390.75,7840.9,4013.6,185.5,0.581,130,7711.5,4001.1,91.0,62
49.2667,2391.58,7870.8,4031.3,186.5,0.517,160,7711.9,4013.2,93.0,64
49.2833,2392.42,7902.8,4050.4,186.5,0.207,160,7743.9,4032.3,259.5,64
49.3000,2393.25,7935.7,4071.1,108.0,0.967,104,7903.5,4170.1,111.5,108
49.3167,2394.08,7968.4,4093.9,191.0,0.333,230,7742.6,4050.0,17.0,62
49.3333,2394.92,7996.0,4112.5,193.5,0.269,260,7743.2,4051.8,263.0,72
49.3500,2395.75,8022.6,4132.1,190.5,0.211,186,7839.7,4098.2,91.5,92
49.3667,2396.58,8054.1,4154.8,192.0,0.159,220,7838.9,4109.1,134.5,84
49.3833,2397.42,8086.9,4178.3,264.5,0.926,180,8069.6,3999.1,262.5,208
49.4000,2398.25,8117.7,4200.1,258.0,0.914,206,8074.9,3998.6,258.0,222
49.4167,2399.08,8145.5,4219.0,256.0,0.845,160,8106.8,4063.7,254.0,238
49.4333,2399.92,8171.6,4234.5,251.0,0.841,182,8112.3,4062.4,251.0,192
49.4500,2400.75,8204.8,4253.2,246.0,0.866,208,8120.2,4063.2,245.5,210
49.4667,2401.58,8235.8,4268.3,243.5,0.860,230,8133.1,4062.5,242.0,232
49.4833,2402.42,8265.1,4281.5,240.0,0.846,252,8139.1,4063.3,238.5,262
49.5000,2403.25,8292.8,4293.1,238.5,0.936,232,8171.6,4095.3,237.0,274
49.5167,2404.08,8318.3,4298.8,235.5,0.902,248,8177.9,4094.5,234.5,296
49.5333,2404.92,8350.6,4285.2,229.5,0.885,166,8242.8,4158.9,229.0,166
49.5500,2405.75,8375.5,4271.5,226.5,0.855,154,8269.5,4159.8,226.0,154
49.5667,2406.58,8402.0,4254.9,221.5,0.920,144,8294.1,4159.4,220.5,140
49.5833,2407.42,8425.2,4238.7,221.0,0.947,120,8334.6,4160.0,217.5,128
49.6000,2408.25,8445.7,4222.4,216.5,0.968,106,8360.5,4159.4,215.5,114
49.6167,2409.08,8469.2,4202.2,209.5,0.905,86,8394.3,4159.8,208.5,80
49.6333,2409.92,8487.8,4185.1,251.0,0.100,124,8447.5,4067.9,259.0,72
49.6500,2410.75,8509.0,4162.3,236.5,0.059,112,8447.2,4068.9,206.5,74
49.6667,2411.58,8524.5,4143.0,201.5,0.950,84,8446.3,4112.3,201.5,84
49.6833,2412.42,8538.0,4122.9,200.5,1.000,98,8446.2,4088.6,203.0,100
49.7000,2413.25,8551.0,4100.7,196.0,0.938,108,8447.2,4070.9,199.5,152
49.7167,2414.08,8561.4,4079.2,195.0,0.963,152,8414.6,4039.9,195.0,182
49.7333,2414.92,8570.2,4053.1,192.0,0.905,192,8382.4,4013.2,195.0,196
49.7500,2415.75,8574.4,4032.5,189.5,0.880,194,8383.1,4000.5,192.0,200
49.7667,2416.58,8574.9,4007.0,287.0,0.343,114,8608.2,3898.0,49.5,70
49.7833,2417.42,8573.2,3978.3,185.0,0.344,224,8350.1,3958.8,280.0,68
49.8000,2418.25,8570.8,3947.9,179.5,0.318,220,8350.8,3949.8,280.0,68
49.8167,2419.08,8568.0,3916.4,289.5,0.316,120,8608.0,3803.3,289.5,70
49.8333,2419.92,8564.6,3891.7,299.5,0.478,90,8609.0,3813.3,303.5,74
49.8500,2420.75,8564.1,3866.2,302.0,0.550,84,8608.6,3794.9,303.5,74
49.8667,2421.58,8564.2,3837.9,180.0,0.307,246,8318.2,3837.9,259.5,64
49.8833,2422.42,8565.7,3809.0,173.5,0.294,248,8319.3,3837.1,259.5,64
49.9000,2423.25,8569.0,3781.6,62.0,0.850,84,8608.4,3855.8,59.0,80
49.9167,2424.08,8573.2,3756.9,183.5,0.190,254,8319.7,3741.4,347.0,66
49.9333,2424.92,8577.3,3735.6,176.0,0.168,258,8319.9,3753.6,259.5,64
49.9500,2425.75,8584.5,3708.3,43.5,0.214,100,8657.0,3777.1,256.5,64
49.9667,2426.58,8591.1,3683.2,181.5,0.175,272,8319.2,3676.1,28.5,58
49.9833,2427.42,8597.7,3659.3,193.0,0.248,286,8319.0,3595.0,256.5,64
50.0000,2428.25,8604.5,3636.9,56.0,0.823,168,8698.4,3776.2,54.0,162
50.0167,2429.08,8611.3,3617.4,58.0,0.806,188,8710.9,3776.8,57.0,192
50.0333,2429.92,8621.5,3592.2,65.5,0.848,202,8705.3,3776.0,64.0,210
50.0500,2430.75,8630.8,3573.2,69.0,0.736,218,8708.9,3776.7,71.0,160
50.0667,2431.58,8642.2,3553.1,73.5,0.832,234,8708.6,3777.4,73.5,238
50.0833,2432.42,8653.1,3535.8,76.5,0.873,248,8711.0,3776.9,76.0,252
50.1000,2433.25,8664.0,3522.8,79.0,0.804,258,8713.3,3776.0,78.5,262
50.1167,2434.08,8677.5,3511.7,83.0,0.848,268,8710.2,3777.7,82.5,274
50.1333,2434.92,8688.7,3504.2,85.5,0.817,274,8710.2,3777.3,85.0,280
50.1500,2435.75,8703.9,3496.5,88.5,0.864,280,8711.2,3776.4,88.5,286
50.1667,2436.58,8716.9,3491.8,91.0,0.851,286,8712.0,3777.8,90.5,292
50.1833,2437.42,8732.2,3490.8,93.5,0.843,286,8714.8,3776.3,93.5,292
50.2000,2438.25,8750.6,3492.7,98.5,0.877,288,8708.0,3777.5,98.0,292
50.2167,2439.08,8768.5,3496.0,102.0,0.811,288,8708.7,3777.7,103.0,294
50.2333,2439.92,8790.0,3501.7,189.5,0.368,278,8515.8,3455.8,226.5,60
50.2500,2440.75,8806.4,3506.3,190.0,0.374,290,8520.8,3455.9,87.5,64
50.2667,2441.58,8823.5,3511.4,191.0,0.339,292,8536.8,3455.7,86.0,58
50.2833,2442.42,8841.8,3517.3,191.0,0.266,322,8525.7,3455.9,256.5,64
50.3000,2443.25,8861.3,3523.8,192.0,0.218,328,8540.4,3455.7,257.0,68
50.3167,2444.08,8881.7,3530.9,303.5,0.217,90,8931.4,3455.9,259.0,72
50.3333,2444.92,8897.7,3537.4,259.0,0.550,84,8881.7,3454.9,259.0,72
50.3500,2445.75,8914.6,3544.3,259.5,0.478,90,8898.2,3455.8,259.5,72
50.3667,2446.58,8933.6,3552.2,259.0,0.296,98,8914.9,3456.0,259.5,72
50.3833,2447.42,8952.8,3560.6,256.5,0.188,108,8927.6,3455.6,256.5,64
50.4000,2448.25,8970.7,3569.1,255.5,0.162,118,8941.2,3454.9,255.5,60
50.4167,2449.08,8986.9,3577.3,260.0,0.150,124,8965.4,3455.2,260.0,72
50.4333,2449.92,9002.3,3584.5,203.0,0.147,330,8698.5,3455.5,256.5,64
50.4500,2450.75,9022.1,3594.8,260.0,0.122,142,8997.4,3455.0,260.0,72
50.4667,2451.58,9040.5,3605.0,204.0,0.117,368,8704.3,3455.3,260.0,72
50.4833,2452.42,9058.1,3615.2,0.0,0.143,254,9312.1,3615.2,260.0,72
50.5000,2453.25,9074.9,3625.2,260.0,0.094,172,9045.0,3455.8,260.0,72
50.5167,2454.08,9089.6,3634.4,66.0,0.107,156,9153.1,3776.9,260.0,72
50.5333,2454.92,9110.1,3647.0,66.0,0.122,142,9167.9,3776.8,259.5,64
50.5500,2455.75,9126.5,3658.1,66.0,0.140,130,9179.4,3776.8,81.0,62
50.5667,2456.58,9144.3,3670.6,122.0,0.122,126,9077.5,3777.4,259.5,64
50.5833,2457.42,9160.9,3682.7,136.5,0.913,136,9062.3,3776.4,136.5,138
50.6000,2458.25,9176.5,3694.9,144.5,0.958,140,9062.5,3776.2,143.0,138
50.6167,2459.08,9193.7,3709.4,151.5,0.938,140,9070.6,3776.2,153.5,148
50.6333,2459.92,9205.2,3723.0,160.0,0.946,156,9058.6,3776.4,160.0,158
50.6500,2460.75,9219.1,3739.8,167.0,0.966,162,9061.2,3776.2,167.5,162
50.6667,2461.58,9226.8,3754.4,170.5,1.000,132,9096.6,3776.1,172.5,170
50.6833,2462.42,9231.8,3769.6,176.0,1.000,92,9140.0,3776.0,177.5,176
50.7000,2463.25,9236.2,3786.2,285.5,0.050,164,9280.1,3628.1,188.0,74
50.7167,2464.08,9239.1,3802.1,283.0,0.071,184,9280.4,3622.8,260.0,72
50.7333,2464.92,9235.6,3821.5,283.0,0.065,198,9280.2,3628.6,260.0,72
50.7500,2465.75,9231.3,3836.5,283.0,0.069,218,9280.4,3624.1,260.0,72
50.7667,2466.58,9225.7,3851.3,187.5,0.364,88,9138.4,3839.8,258.5,70
50.7833,2467.42,9218.1,3866.6,196.5,0.320,94,9128.0,3839.9,259.0,72
50.8000,2468.25,9208.2,3882.2,257.0,0.312,108,9184.0,3776.9,259.0,72
50.8167,2469.08,9196.1,3897.3,223.5,1.000,84,9135.1,3839.5,220.5,82
50.8333,2469.92,9183.8,3908.5,231.0,0.957,90,9127.2,3838.5,227.5,92
50.8500,2470.75,9172.5,3919.4,233.0,1.000,100,9112.3,3839.6,232.5,100
50.8667,2471.58,9157.8,3930.3,240.0,0.774,106,9104.8,3838.5,238.5,100
50.8833,2472.42,9140.9,3939.8,245.5,0.818,110,9095.3,3839.7,251.0,76
50.9000,2473.25,9123.8,3947.3,254.5,0.941,112,9093.9,3839.3,253.0,114
50.9167,2474.08,9108.1,3953.2,199.5,0.257,340,8787.6,3839.7,179.0,66
50.9333,2474.92,9094.6,3959.0,200.0,0.243,348,8767.5,3840.0,179.0,66
50.9500,2475.75,9077.1,3966.5,84.0,0.250,132,9090.9,4097.8,83.5,64
50.9667,2476.58,9061.5,3974.6,72.5,1.000,128,9100.0,4096.7,71.5,128
50.9833,2477.42,9046.7,3983.6,64.5,1.000,126,9100.9,4097.3,62.5,126
51.0000,2478.25,9033.0,3992.9,55.0,1.000,126,9105.3,4096.1,55.0,124
51.0167,2479.08,9022.6,4001.9,49.5,1.000,124,9103.1,4096.2,49.0,122
51.0333,2479.92,9010.6,4014.7,41.5,1.000,124,9103.5,4096.9,40.0,122
51.0500,2480.75,9004.1,4026.4,35.5,1.000,120,9101.8,4096.1,35.0,120
51.0667,2481.58,8997.3,4040.1,28.5,1.000,118,9101.0,4096.4,25.5,120
51.0833,2482.42,8991.7,4053.2,22.0,1.000,116,9099.3,4096.7,19.5,120
51.1000,2483.25,8988.1,4066.3,14.5,1.000,120,9104.3,4096.3,13.0,118
51.1167,2484.08,8985.7,4082.2,9.0,1.000,90,9074.6,4096.3,4.0,120
51.1333,2484.92,8983.5,4095.3,180.0,0.127,312,8671.5,4095.3,358.0,122
51.1500,2485.75,8984.0,4112.6,185.5,0.126,314,8671.5,4082.6,347.5,102
51.1667,2486.58,8986.9,4126.6,189.5,0.116,320,8671.3,4073.8,340.5,102
51.1833,2487.42,8991.9,4140.7,132.5,0.070,158,8885.1,4257.2,332.5,80
51.2000,2488.25,8998.3,4155.9,115.0,0.065,168,8927.3,4308.1,322.5,74
51.2167,2489.08,9005.8,4169.6,117.0,0.094,172,8927.7,4322.8,261.5,72
51.2333,2489.92,9017.4,4185.1,144.5,0.275,124,8916.5,4257.1,280.0,68
51.2500,2490.75,9027.0,4195.5,157.0,0.500,156,8883.4,4256.4,260.0,72
51.2667,2491.58,9039.2,4204.4,281.5,0.476,86,9056.3,4120.1,258.5,70
51.2833,2492.42,9053.5,4212.7,142.5,0.276,160,8926.5,4310.1,260.0,72
51.3000,2493.25,9069.2,4221.0,186.5,0.289,272,8799.0,4190.2,260.0,72
51.3167,2494.08,9085.9,4229.4,155.5,0.292,174,8927.5,4301.6,260.0,72
51.3333,2494.92,9098.6,4236.6,159.5,0.271,184,8926.3,4301.0,260.0,72
51.3500,2495.75,9112.5,4244.4,260.0,0.524,86,9097.6,4159.7,260.0,72
51.3667,2496.58,9128.1,4253.8,260.0,0.346,96,9111.4,4159.3,259.5,72
51.3833,2497.42,9143.9,4263.8,88.5,0.261,90,9146.3,4353.8,259.5,64
51.4000,2498.25,9159.0,4273.7,118.0,0.957,90,9116.7,4353.2,118.0,86
51.4167,2499.08,9172.7,4283.3,180.0,0.129,246,8926.7,4283.3,90.5,64
51.4333,2499.92,9185.0,4292.4,259.5,0.152,136,9160.2,4158.7,260.0,72
51.4500,2500.75,9200.7,4304.9,259.5,0.115,148,9173.7,4159.4,260.0,72
51.4667,2501.58,9215.4,4316.9,188.0,0.129,292,8926.2,4276.2,259.5,64
51.4833,2502.42,9229.6,4328.6,163.5,0.400,84,9149.1,4352.5,259.5,64
51.5000,2503.25,9242.8,4340.2,192.5,0.171,324,8926.5,4270.0,259.5,64
51.5167,2504.08,9253.0,4351.0,179.5,0.684,120,9133.0,4352.0,179.5,106
51.5333,2504.92,9262.5,4366.6,197.5,0.130,352,8926.8,4260.8,190.5,72
51.5500,2505.75,9262.3,4379.1,121.0,0.089,156,9182.0,4512.8,260.0,72
51.5667,2506.58,9258.8,4392.9,115.0,0.159,132,9203.0,4512.5,260.0,72
51.5833,2507.42,9253.7,4405.2,115.0,0.189,118,9203.8,4512.2,260.0,72
51.6000,2508.25,9246.6,4416.4,117.0,0.125,108,9197.6,4512.6,260.0,72
51.6167,2509.08,9236.5,4429.9,112.5,0.261,90,9202.0,4513.1,18.5,58
51.6333,2509.92,9223.2,4442.2,311.0,0.409,88,9281.0,4375.8,10.0,74
51.6500,2510.75,9203.3,4456.1,326.5,0.375,92,9280.0,4405.3,15.5,62
51.6667,2511.58,9186.1,4466.4,0.0,0.520,94,9280.1,4466.4,354.5,60
51.6833,2512.42,9168.8,4476.3,354.5,0.412,112,9280.3,4465.5,256.0,62
51.7000,2513.25,9150.0,4486.1,355.5,0.205,132,9281.5,4475.8,244.5,64
51.7167,2514.08,9131.1,4491.1,245.0,0.300,84,9095.6,4415.0,259.5,64
51.7333,2514.92,9109.1,4479.9,0.0,0.156,172,9281.1,4479.9,259.5,66
51.7500,2515.75,9092.1,4470.7,0.5,0.153,188,9280.1,4472.3,251.0,50
51.7667,2516.58,9074.3,4461.1,3.0,0.160,206,9280.0,4471.9,252.0,54
51.7833,2517.42,9055.3,4451.0,133.5,0.286,86,8996.1,4513.4,118.5,64
51.8000,2518.25,9034.9,4441.1,120.5,0.550,84,8992.3,4513.5,116.0,78
51.8167,2519.08,9013.5,4433.0,135.0,0.206,112,8934.3,4512.2,97.0,80
51.8333,2519.92,8997.1,4429.6,89.0,0.750,84,8998.6,4513.6,88.5,80
51.8500,2520.75,8979.3,4430.7,77.0,0.800,84,8998.2,4512.5,77.0,82
51.8667,2521.58,8959.4,4432.9,60.0,0.750,92,9005.4,4512.5,58.5,88
51.8833,2522.42,8939.3,4435.8,51.0,0.741,98,9000.9,4512.0,49.0,96
51.9000,2523.25,8920.4,4439.6,119.0,0.300,84,8879.7,4513.0,101.0,58
51.9167,2524.08,8903.8,4443.8,6.5,0.042,380,9281.4,4486.8,86.5,64
51.9333,2524.92,8889.8,4448.1,0.0,0.000,0,8889.8,4448.1,86.5,64
51.9500,2525.75,8869.6,4454.5,43.5,0.600,84,8930.6,4512.3,43.5,74
51.9667,2526.58,8851.4,4461.1,0.0,0.000,0,8851.4,4461.1,63.5,56
51.9833,2527.42,8834.6,4468.2,0.0,0.000,0,8834.6,4468.2,251.0,54
52.0000,2528.25,8819.0,4475.7,0.0,0.000,0,8819.0,4475.7,257.5,62
52.0167,2529.08,8805.5,4482.8,19.5,0.045,88,8888.5,4512.2,256.5,64
52.0333,2529.92,8788.6,4494.0,11.0,0.231,96,8882.8,4512.3,263.0,72
52.0500,2530.75,8782.6,4503.3,5.5,0.542,92,8874.2,4512.1,4.0,80
52.0667,2531.58,8779.5,4514.2,259.5,0.250,100,8761.3,4415.8,353.5,84
52.0833,2532.42,8778.8,4524.4,193.0,0.212,110,8671.7,4499.7,263.0,72
52.1000,2533.25,8780.6,4534.6,160.5,0.194,116,8671.3,4573.3,262.5,72
52.1167,2534.08,8783.8,4548.2,261.0,0.200,134,8762.8,4415.9,307.0,66
52.1333,2534.92,8784.5,4564.4,264.0,0.132,150,8768.8,4415.2,0.0,0
52.1500,2535.75,8787.1,4586.1,263.0,0.094,172,8766.2,4415.4,0.0,0
52.1667,2536.58,8791.3,4603.8,341.0,0.190,86,8872.6,4575.8,225.5,56
52.1833,2537.42,8797.4,4621.1,327.0,0.550,84,8867.9,4575.4,323.0,76
52.2000,2538.25,8805.1,4639.6,309.5,0.800,84,8858.6,4574.8,307.0,86
